timestamp_iso,timestamp_unix,depth_m,pitch_deg,roll_deg,yaw_deg,pwm_dkiri,pwm_tkiri,pwm_bkiri,pwm_dkanan,pwm_tkanan,pwm_bkanan,servo_tilt_arm,servo_gripper,mode,qr_data,surge_est
2026-08-10T11:06:08.784,1786334768.784707,0.0,0.0,0.0,0.0,1500,1500,1500,1500,1500,1500,180,180,UNKNOWN,,0.0
2026-08-10T11:06:09.284,1786334769.28471,0.0,0.0,0.0,0.0,1500,1500,1500,1500,1500,1500,180,180,UNKNOWN,,0.0
2026-08-10T11:06:09.784,1786334769.784741,0.0,0.0,0.0,0.0,1500,1500,1500,1500,1500,1500,180,180,UNKNOWN,,0.0
2026-08-10T11:06:10.284,1786334770.284718,0.0,0.0,0.0,0.0,1500,1500,1500,1500,1500,1500,180,180,UNKNOWN,,0.0
2026-08-10T11:06:10.784,1786334770.784711,0.0,0.0,0.0,0.0,1500,1500,1500,1500,1500,1500,180,180,UNKNOWN,,0.0
2026-08-10T11:06:11.284,1786334771.284737,0.0,0.0,0.0,0.0,1500,1500,1500,1500,1500,1500,180,180,UNKNOWN,,0.0
2026-08-10T11:06:11.784,1786334771.784739,0.0,0.0,0.0,0.0,1500,1500,1500,1500,1500,1500,180,180,UNKNOWN,,0.0
2026-08-10T11:06:12.284,1786334772.284743,0.0,0.0,0.0,0.0,1500,1500,1500,1500,1500,1500,180,180,UNKNOWN,,0.0
2026-08-10T11:06:12.784,1786334772.7847,0.0,0.0,0.0,0.0,1500,1500,1500,1500,1500,1500,180,180,UNKNOWN,,0.0
2026-08-10T11:06:13.284,1786334773.284697,0.0,0.0,0.0,0.0,1500,1500,1500,1500,1500,1500,180,180,UNKNOWN,,0.0
2026-08-10T11:06:13.784,1786334773.784705,0.0,0.0,0.0,0.0,1500,1500,1500,1500,1500,1500,180,180,UNKNOWN,,0.0
2026-08-10T11:06:14.284,1786334774.284737,0.0,0.0,0.0,0.0,1500,1500,1500,1500,1500,1500,180,180,UNKNOWN,,0.0
2026-08-10T11:06:14.784,1786334774.78468,0.0,0.0,0.0,0.0,1500,1500,1500,1500,1500,1500,180,180,UNKNOWN,,0.0
2026-08-10T11:06:15.284,1786334775.284707,0.0,0.0,0.0,0.0,1500,1500,1500,1500,1500,1500,180,180,UNKNOWN,,0.0
2026-08-10T11:06:15.784,1786334775.784752,0.0,0.0,0.0,0.0,1500,1500,1500,1500,1500,1500,180,180,UNKNOWN,,0.0
2026-08-10T11:06:16.284,1786334776.284743,0.0,0.0,0.0,0.0,1500,1500,1500,1500,1500,1500,180,180,UNKNOWN,,0.0
2026-08-10T11:06:16.784,1786334776.784711,0.0,0.0,0.0,0.0,1500,1500,1500,1500,1500,1500,180,180,UNKNOWN,,0.0
2026-08-10T11:06:17.284,1786334777.284762,0.0,0.0,0.0,0.0,1500,1500,1500,1500,1500,1500,180,180,UNKNOWN,,0.0
2026-08-10T11:06:17.784,1786334777.784751,0.0,0.0,0.0,0.0,1500,1500,1500,1500,1500,1500,180,180,UNKNOWN,,0.0
2026-08-10T11:06:18.284,1786334778.284748,0.0,0.0,0.0,0.0,1500,1500,1500,1500,1500,1500,180,180,UNKNOWN,,0.0
2026-08-10T11:06:18.784,1786334778.784691,0.0,0.0,0.0,0.0,1500,1500,1500,1500,1500,1500,180,180,UNKNOWN,,0.0
2026-08-10T11:06:19.284,1786334779.284762,0.0,0.0,0.0,0.0,1500,1500,1500,1500,1500,1500,180,180,UNKNOWN,,0.0
2026-08-10T11:06:19.784,1786334779.784706,0.0,0.0,0.0,0.0,1500,1500,1500,1500,1500,1500,180,180,UNKNOWN,,0.0
2026-08-10T11:06:20.284,1786334780.284763,0.0,0.0,0.0,0.0,1500,1500,1500,1500,1500,1500,180,180,UNKNOWN,,0.0
2026-08-10T11:06:20.784,1786334780.78466,0.0,0.0,0.0,0.0,1500,1500,1500,1500,1500,1500,180,180,UNKNOWN,,0.0
2026-08-10T11:06:21.284,1786334781.284754,0.0,0.0,0.0,0.0,1500,1500,1500,1500,1500,1500,180,180,UNKNOWN,,0.0
2026-08-10T11:06:21.784,1786334781.784755,0.0,0.0,0.0,0.0,1500,1500,1500,1500,1500,1500,180,180,UNKNOWN,,0.0
2026-08-10T11:06:22.284,1786334782.284752,0.0,0.0,0.0,0.0,1500,1500,1500,1500,1500,1500,180,180,UNKNOWN,,0.0
2026-08-10T11:06:22.784,1786334782.78474,0.0,0.0,0.0,0.0,1500,1500,1500,1500,1500,1500,180,180,UNKNOWN,,0.0
2026-08-10T11:06:23.284,1786334783.284679,0.0,0.0,0.0,0.0,1500,1500,1500,1500,1500,1500,180,180,UNKNOWN,,0.0
2026-08-10T11:06:23.784,1786334783.784868,0.0,0.0,0.0,0.0,1500,1500,1500,1500,1500,1500,180,180,UNKNOWN,,0.0
2026-08-10T11:06:24.284,1786334784.284768,0.0,0.0,0.0,0.0,1500,1500,1500,1500,1500,1500,180,180,UNKNOWN,,0.0
2026-08-10T11:06:24.784,1786334784.784791,0.0,0.0,0.0,0.0,1500,1500,1500,1500,1500,1500,180,180,UNKNOWN,,0.0
2026-08-10T11:06:25.284,1786334785.28474,0.0,0.0,0.0,0.0,1500,1500,1500,1500,1500,1500,180,180,UNKNOWN,,0.0
2026-08-10T11:06:25.784,1786334785.78472,0.0,0.0,0.0,0.0,1500,1500,1500,1500,1500,1500,180,180,UNKNOWN,,0.0
2026-08-10T11:06:26.284,1786334786.284752,0.0,0.0,0.0,0.0,1500,1500,1500,1500,1500,1500,180,180,UNKNOWN,,0.0
2026-08-10T11:06:26.784,1786334786.78473,0.0,0.0,0.0,0.0,1500,1500,1500,1500,1500,1500,180,180,UNKNOWN,,0.0
2026-08-10T11:06:27.284,1786334787.284695,0.0,0.0,0.0,0.0,1500,1500,1500,1500,1500,1500,180,180,UNKNOWN,,0.0
2026-08-10T11:06:27.784,1786334787.784776,0.0,0.0,0.0,0.0,1500,1500,1500,1500,1500,1500,180,180,UNKNOWN,,0.0
2026-08-10T11:06:28.284,1786334788.284751,0.0,0.0,0.0,0.0,1500,1500,1500,1500,1500,1500,180,180,UNKNOWN,,0.0
2026-08-10T11:06:28.784,1786334788.784756,0.0,0.0,0.0,0.0,1500,1500,1500,1500,1500,1500,180,180,UNKNOWN,,0.0
2026-08-10T11:06:29.284,1786334789.284694,0.0,0.0,0.0,0.0,1500,1500,1500,1500,1500,1500,180,180,UNKNOWN,,0.0
2026-08-10T11:06:29.784,1786334789.784716,0.0,0.0,0.0,0.0,1500,1500,1500,1500,1500,1500,180,180,UNKNOWN,,0.0
2026-08-10T11:06:30.284,1786334790.284737,0.0,0.0,0.0,0.0,1500,1500,1500,1500,1500,1500,180,180,UNKNOWN,,0.0
2026-08-10T11:06:30.784,1786334790.784799,0.0,0.0,0.0,0.0,1500,1500,1500,1500,1500,1500,180,180,UNKNOWN,,0.0
2026-08-10T11:06:31.284,1786334791.284772,0.0,0.0,0.0,0.0,1500,1500,1500,1500,1500,1500,180,180,UNKNOWN,,0.0
2026-08-10T11:06:31.784,1786334791.784752,0.0,0.0,0.0,0.0,1500,1500,1500,1500,1500,1500,180,180,UNKNOWN,,0.0
2026-08-10T11:06:32.284,1786334792.284758,0.0,0.0,0.0,0.0,1500,1500,1500,1500,1500,1500,180,180,UNKNOWN,,0.0
2026-08-10T11:06:32.784,1786334792.784852,0.0,0.0,0.0,0.0,1500,1500,1500,1500,1500,1500,180,180,UNKNOWN,,0.0
2026-08-10T11:06:33.284,1786334793.28495,0.0,0.0,0.0,0.0,1500,1500,1500,1500,1500,1500,180,180,UNKNOWN,,0.0
2026-08-10T11:06:33.784,1786334793.784761,0.0,0.0,0.0,0.0,1500,1500,1500,1500,1500,1500,180,180,UNKNOWN,,0.0
2026-08-10T11:06:34.284,1786334794.284769,0.0,0.0,0.0,0.0,1500,1500,1500,1500,1500,1500,180,180,UNKNOWN,,0.0
2026-08-10T11:06:34.784,1786334794.784739,0.0,0.0,0.0,0.0,1500,1500,1500,1500,1500,1500,180,180,UNKNOWN,,0.0
2026-08-10T11:06:35.284,1786334795.284769,0.0,0.0,0.0,0.0,1500,1500,1500,1500,1500,1500,180,180,UNKNOWN,,0.0
2026-08-10T11:06:35.784,1786334795.784701,0.0,0.0,0.0,0.0,1500,1500,1500,1500,1500,1500,180,180,UNKNOWN,,0.0
2026-08-10T11:06:36.284,1786334796.284852,0.0,0.0,0.0,0.0,1500,1500,1500,1500,1500,1500,180,180,UNKNOWN,,0.0
2026-08-10T11:06:36.784,1786334796.784857,0.0,0.0,0.0,0.0,1500,1500,1500,1500,1500,1500,180,180,UNKNOWN,,0.0
2026-08-10T11:06:37.284,1786334797.284754,0.0,0.0,0.0,0.0,1500,1500,1500,1500,1500,1500,180,180,UNKNOWN,,0.0
2026-08-10T11:06:37.784,1786334797.784741,0.0,0.0,0.0,0.0,1500,1500,1500,1500,1500,1500,180,180,UNKNOWN,,0.0
2026-08-10T11:06:38.284,1786334798.284868,0.0,0.0,0.0,0.0,1500,1500,1500,1500,1500,1500,180,180,UNKNOWN,,0.0
2026-08-10T11:06:38.784,1786334798.784827,0.0,0.0,0.0,0.0,1500,1500,1500,1500,1500,1500,180,180,UNKNOWN,,0.0
2026-08-10T11:06:39.284,1786334799.284792,0.0,0.0,0.0,0.0,1500,1500,1500,1500,1500,1500,180,180,UNKNOWN,,0.0
2026-08-10T11:06:39.784,1786334799.784782,0.0,0.0,0.0,0.0,1500,1500,1500,1500,1500,1500,180,180,UNKNOWN,,0.0
2026-08-10T11:06:40.284,1786334800.284769,0.0,0.0,0.0,0.0,1500,1500,1500,1500,1500,1500,180,180,UNKNOWN,,0.0
2026-08-10T11:06:40.784,1786334800.784751,0.0,0.0,0.0,0.0,1500,1500,1500,1500,1500,1500,180,180,UNKNOWN,,0.0
2026-08-10T11:06:41.284,1786334801.284769,0.0,0.0,0.0,0.0,1500,1500,1500,1500,1500,1500,180,180,UNKNOWN,,0.0
2026-08-10T11:06:41.784,1786334801.784757,0.0,0.0,0.0,0.0,1500,1500,1500,1500,1500,1500,180,180,UNKNOWN,,0.0
2026-08-10T11:06:42.284,1786334802.284851,0.0,0.0,0.0,0.0,1500,1500,1500,1500,1500,1500,180,180,UNKNOWN,,0.0
2026-08-10T11:06:42.784,1786334802.784872,0.0,0.0,0.0,0.0,1500,1500,1500,1500,1500,1500,180,180,UNKNOWN,,0.0
2026-08-10T11:06:43.284,1786334803.284757,0.0,0.0,0.0,0.0,1500,1500,1500,1500,1500,1500,180,180,UNKNOWN,,0.0
2026-08-10T11:06:43.784,1786334803.784747,0.0,0.0,0.0,0.0,1500,1500,1500,1500,1500,1500,180,180,UNKNOWN,,0.0
2026-08-10T11:06:44.286,1786334804.286149,0.0,0.0,0.0,0.0,1500,1500,1500,1500,1500,1500,180,180,UNKNOWN,,0.0
2026-08-10T11:06:44.784,1786334804.784761,0.0,0.0,0.0,0.0,1500,1500,1500,1500,1500,1500,180,180,UNKNOWN,,0.0
2026-08-10T11:06:45.284,1786334805.284745,0.0,0.0,0.0,0.0,1500,1500,1500,1500,1500,1500,180,180,UNKNOWN,,0.0
2026-08-10T11:06:45.784,1786334805.784746,0.0,0.0,0.0,0.0,1500,1500,1500,1500,1500,1500,180,180,UNKNOWN,,0.0
2026-08-10T11:06:46.284,1786334806.284865,0.0,0.0,0.0,0.0,1500,1500,1500,1500,1500,1500,180,180,UNKNOWN,,0.0
2026-08-10T11:06:46.784,1786334806.78471,0.0,0.0,0.0,0.0,1500,1500,1500,1500,1500,1500,180,180,UNKNOWN,,0.0
2026-08-10T11:06:47.284,1786334807.284741,0.0,0.0,0.0,0.0,1500,1500,1500,1500,1500,1500,180,180,UNKNOWN,,0.0
2026-08-10T11:06:47.784,1786334807.784754,0.0,0.0,0.0,0.0,1500,1500,1500,1500,1500,1500,180,180,UNKNOWN,,0.0
2026-08-10T11:06:48.284,1786334808.284746,0.0,0.0,0.0,0.0,1500,1500,1500,1500,1500,1500,180,180,UNKNOWN,,0.0
2026-08-10T11:06:48.784,1786334808.784798,0.0,0.0,0.0,0.0,1500,1500,1500,1500,1500,1500,180,180,UNKNOWN,,0.0
2026-08-10T11:06:49.284,1786334809.28469,0.0,0.0,0.0,0.0,1500,1500,1500,1500,1500,1500,180,180,UNKNOWN,,0.0
2026-08-10T11:06:49.784,1786334809.784799,0.0,0.0,0.0,0.0,1500,1500,1500,1500,1500,1500,180,180,UNKNOWN,,0.0
2026-08-10T11:06:50.284,1786334810.284794,0.0,0.0,0.0,0.0,1500,1500,1500,1500,1500,1500,180,180,UNKNOWN,,0.0
2026-08-10T11:06:50.784,1786334810.784775,0.0,0.0,0.0,0.0,1500,1500,1500,1500,1500,1500,180,180,UNKNOWN,,0.0
2026-08-10T11:06:51.284,1786334811.284763,0.0,0.0,0.0,0.0,1500,1500,1500,1500,1500,1500,180,180,UNKNOWN,,0.0
2026-08-10T11:06:51.784,1786334811.784877,0.0,0.0,0.0,0.0,1500,1500,1500,1500,1500,1500,180,180,UNKNOWN,,0.0
2026-08-10T11:06:52.284,1786334812.284781,0.0,0.0,0.0,0.0,1500,1500,1500,1500,1500,1500,180,180,UNKNOWN,,0.0
2026-08-10T11:06:52.784,1786334812.784798,0.0,0.0,0.0,0.0,1500,1500,1500,1500,1500,1500,180,180,UNKNOWN,,0.0
2026-08-10T11:06:53.284,1786334813.284759,0.0,0.0,0.0,0.0,1500,1500,1500,1500,1500,1500,180,180,UNKNOWN,,0.0
2026-08-10T11:06:53.785,1786334813.785163,0.0,0.0,0.0,0.0,1500,1500,1500,1500,1500,1500,180,180,UNKNOWN,,0.0
2026-08-10T11:06:54.284,1786334814.284719,0.0,0.0,0.0,0.0,1500,1500,1500,1500,1500,1500,180,180,UNKNOWN,,0.0
2026-08-10T11:06:54.784,1786334814.784692,0.0,0.0,0.0,0.0,1500,1500,1500,1500,1500,1500,180,180,UNKNOWN,,0.0
2026-08-10T11:06:55.284,1786334815.28479,0.0,0.0,0.0,0.0,1500,1500,1500,1500,1500,1500,180,180,UNKNOWN,,0.0
2026-08-10T11:06:55.784,1786334815.784704,0.0,0.0,0.0,0.0,1500,1500,1500,1500,1500,1500,180,180,UNKNOWN,,0.0
2026-08-10T11:06:56.284,1786334816.284687,0.0,0.0,0.0,0.0,1500,1500,1500,1500,1500,1500,180,180,UNKNOWN,,0.0
2026-08-10T11:06:56.784,1786334816.784784,0.0,0.0,0.0,0.0,1500,1500,1500,1500,1500,1500,180,180,UNKNOWN,,0.0
2026-08-10T11:06:57.284,1786334817.284714,0.0,0.0,0.0,0.0,1500,1500,1500,1500,1500,1500,180,180,UNKNOWN,,0.0
2026-08-10T11:06:57.784,1786334817.78472,0.0,0.0,0.0,0.0,1500,1500,1500,1500,1500,1500,180,180,UNKNOWN,,0.0
2026-08-10T11:06:58.284,1786334818.284738,0.0,0.0,0.0,0.0,1500,1500,1500,1500,1500,1500,180,180,UNKNOWN,,0.0
2026-08-10T11:06:58.784,1786334818.784762,0.0,0.0,0.0,0.0,1500,1500,1500,1500,1500,1500,180,180,UNKNOWN,,0.0
2026-08-10T11:06:59.284,1786334819.284748,0.0,0.0,0.0,0.0,1500,1500,1500,1500,1500,1500,180,180,UNKNOWN,,0.0
2026-08-10T11:06:59.784,1786334819.7848,0.0,0.0,0.0,0.0,1500,1500,1500,1500,1500,1500,180,180,UNKNOWN,,0.0
2026-08-10T11:07:00.284,1786334820.284805,0.0,0.0,0.0,0.0,1500,1500,1500,1500,1500,1500,180,180,UNKNOWN,,0.0
2026-08-10T11:07:00.784,1786334820.784875,0.0,0.0,0.0,0.0,1500,1500,1500,1500,1500,1500,180,180,UNKNOWN,,0.0
2026-08-10T11:07:01.285,1786334821.285388,0.0,0.0,0.0,0.0,1500,1500,1500,1500,1500,1500,180,180,UNKNOWN,,0.0
2026-08-10T11:07:01.784,1786334821.784744,0.0,0.0,0.0,0.0,1500,1500,1500,1500,1500,1500,180,180,UNKNOWN,,0.0
2026-08-10T11:07:02.284,1786334822.284773,0.0,0.0,0.0,0.0,1500,1500,1500,1500,1500,1500,180,180,UNKNOWN,,0.0
2026-08-10T11:07:02.784,1786334822.784742,0.0,0.0,0.0,0.0,1500,1500,1500,1500,1500,1500,180,180,UNKNOWN,,0.0
2026-08-10T11:07:03.284,1786334823.284784,0.0,0.0,0.0,0.0,1500,1500,1500,1500,1500,1500,180,180,UNKNOWN,,0.0
2026-08-10T11:07:03.784,1786334823.784731,0.0,0.0,0.0,0.0,1500,1500,1500,1500,1500,1500,180,180,UNKNOWN,,0.0
2026-08-10T11:07:04.284,1786334824.28476,0.0,0.0,0.0,0.0,1500,1500,1500,1500,1500,1500,180,180,UNKNOWN,,0.0
2026-08-10T11:07:04.784,1786334824.784795,0.0,0.0,0.0,0.0,1500,1500,1500,1500,1500,1500,180,180,UNKNOWN,,0.0
2026-08-10T11:07:05.284,1786334825.284791,0.0,0.0,0.0,0.0,1500,1500,1500,1500,1500,1500,180,180,UNKNOWN,,0.0
2026-08-10T11:07:05.784,1786334825.784785,0.0,0.0,0.0,0.0,1500,1500,1500,1500,1500,1500,180,180,UNKNOWN,,0.0
2026-08-10T11:07:06.284,1786334826.284845,0.0,0.0,0.0,0.0,1500,1500,1500,1500,1500,1500,180,180,UNKNOWN,,0.0
2026-08-10T11:07:06.784,1786334826.78476,0.0,0.0,0.0,0.0,1500,1500,1500,1500,1500,1500,180,180,UNKNOWN,,0.0
2026-08-10T11:07:07.284,1786334827.284778,0.0,0.0,0.0,0.0,1500,1500,1500,1500,1500,1500,180,180,UNKNOWN,,0.0
2026-08-10T11:07:07.784,1786334827.784861,0.0,0.0,0.0,0.0,1500,1500,1500,1500,1500,1500,180,180,UNKNOWN,,0.0
2026-08-10T11:07:08.284,1786334828.284799,-0.1379999965429306,2.9,-10.1,292.8,1500,1499,1500,1500,1499,1500,180,180,MANUAL (Remote),,0.0
2026-08-10T11:07:08.784,1786334828.784777,-0.13699999451637268,2.9,-10.0,292.9,1500,1499,1500,1500,1499,1500,180,180,MANUAL (Remote),,0.0
2026-08-10T11:07:09.284,1786334829.284864,-0.13199999928474426,3.0,-10.1,292.9,1500,1499,1500,1500,1499,1500,180,180,MANUAL (Remote),,0.0
2026-08-10T11:07:09.784,1786334829.784769,-0.1379999965429306,3.0,-10.0,292.9,1500,1499,1500,1500,1499,1500,180,180,MANUAL (Remote),,0.0
2026-08-10T11:07:10.284,1786334830.284798,-0.13600000739097595,3.0,-10.2,292.9,1500,1900,1500,1500,1899,1500,180,180,MANUAL (Remote),,399.5
2026-08-10T11:07:10.784,1786334830.784788,-0.1379999965429306,2.9,-10.6,292.8,1500,1499,1500,1500,1499,1500,180,180,MANUAL (Remote),,0.0
2026-08-10T11:07:11.284,1786334831.284717,-0.13899999856948853,2.9,-10.4,292.8,1500,1499,1500,1500,1499,1500,180,180,MANUAL (Remote),,0.0
2026-08-10T11:07:11.784,1786334831.784733,-0.13699999451637268,2.9,-10.2,292.8,1500,1499,1500,1500,1499,1500,180,180,MANUAL (Remote),,0.0
2026-08-10T11:07:12.284,1786334832.284781,-0.13600000739097595,2.9,-10.2,292.8,1500,1499,1500,1500,1499,1500,180,180,MANUAL (Remote),,0.0
2026-08-10T11:07:12.784,1786334832.784742,-0.13899999856948853,2.8,-10.2,292.8,1500,1499,1500,1500,1499,1500,180,180,MANUAL (Remote),,0.0
2026-08-10T11:07:13.284,1786334833.284794,-0.13699999451637268,2.7,-10.2,292.8,1500,1499,1500,1500,1499,1500,180,180,MANUAL (Remote),,0.0
2026-08-10T11:07:13.784,1786334833.78475,-0.13600000739097595,2.6,-10.0,292.8,1500,1499,1500,1500,1499,1500,180,180,MANUAL (Remote),,0.0
2026-08-10T11:07:14.284,1786334834.284733,-0.14000000059604645,2.8,-9.7,292.8,1500,1499,1500,1500,1499,1500,180,180,MANUAL (Remote),,0.0
2026-08-10T11:07:14.784,1786334834.784731,-0.14000000059604645,2.7,-10.0,292.8,1500,1499,1500,1500,1499,1500,180,180,MANUAL (Remote),,0.0
2026-08-10T11:07:15.284,1786334835.28476,-0.13699999451637268,2.7,-10.2,292.9,1500,1499,1500,1500,1499,1500,180,180,MANUAL (Remote),,0.0
2026-08-10T11:07:15.784,1786334835.784727,-0.13199999928474426,2.8,-9.5,292.8,1500,1499,1500,1500,1499,1500,180,180,MANUAL (Remote),,0.0
2026-08-10T11:07:16.284,1786334836.284722,-0.13600000739097595,3.0,-9.7,292.8,1500,1499,1500,1500,1499,1500,180,180,MANUAL (Remote),,0.0
2026-08-10T11:07:16.784,1786334836.784735,-0.13300000131130219,3.0,-9.7,292.9,1500,1499,1500,1500,1499,1500,180,180,MANUAL (Remote),,0.0
2026-08-10T11:07:17.284,1786334837.284834,-0.13899999856948853,2.9,-9.9,292.8,1500,1499,1500,1500,1499,1500,180,180,MANUAL (Remote),,0.0
2026-08-10T11:07:17.784,1786334837.78479,-0.13699999451637268,3.1,-10.2,293.0,1500,1499,1500,1500,1499,1500,180,180,MANUAL (Remote),,0.0
2026-08-10T11:07:18.284,1786334838.284708,-0.13699999451637268,3.2,-10.4,292.9,1500,1499,1500,1500,1499,1500,180,180,MANUAL (Remote),,0.0
2026-08-10T11:07:18.784,1786334838.784755,-0.1379999965429306,3.0,-10.3,293.0,1500,1499,1500,1500,1499,1500,180,180,MANUAL (Remote),,0.0
2026-08-10T11:07:19.284,1786334839.284857,-0.13600000739097595,3.0,-10.2,292.9,1500,1499,1500,1500,1499,1500,180,180,MANUAL (Remote),,0.0
2026-08-10T11:07:19.784,1786334839.784758,-0.13899999856948853,3.0,-10.0,293.0,1500,1499,1500,1500,1499,1500,180,180,MANUAL (Remote),,0.0
2026-08-10T11:07:20.284,1786334840.284713,-0.13699999451637268,2.9,-10.0,293.0,1500,1499,1500,1500,1499,1500,180,180,MANUAL (Remote),,0.0
2026-08-10T11:07:20.784,1786334840.784693,-0.1379999965429306,2.9,-9.9,293.0,1500,1499,1500,1500,1499,1500,180,180,MANUAL (Remote),,0.0
2026-08-10T11:07:21.284,1786334841.284742,-0.13699999451637268,3.1,-9.7,292.9,1500,1499,1500,1500,1499,1500,180,180,MANUAL (Remote),,0.0
2026-08-10T11:07:21.784,1786334841.784822,-0.14300000667572021,3.0,-10.7,292.8,1500,1499,1500,1500,1499,1500,180,180,MANUAL (Remote),,0.0
2026-08-10T11:07:22.284,1786334842.284719,-0.1379999965429306,3.2,-9.1,293.0,1500,1499,1500,1500,1499,1500,180,180,MANUAL (Remote),,0.0
2026-08-10T11:07:22.784,1786334842.784737,-0.14100000262260437,2.9,-9.7,292.7,1500,1499,1500,1500,1499,1500,180,180,MANUAL (Remote),,0.0
2026-08-10T11:07:23.284,1786334843.284728,-0.13899999856948853,2.9,-9.6,292.9,1500,1499,1500,1500,1499,1500,180,180,MANUAL (Remote),,0.0
2026-08-10T11:07:23.784,1786334843.784716,-0.13699999451637268,2.8,-9.7,292.9,1500,1499,1500,1500,1499,1500,180,180,MANUAL (Remote),,0.0
2026-08-10T11:07:24.284,1786334844.284714,-0.1379999965429306,3.0,-9.7,292.9,1500,1499,1500,1500,1499,1500,180,180,MANUAL (Remote),,0.0
2026-08-10T11:07:24.784,1786334844.784735,-0.1459999978542328,2.9,-9.7,292.9,1500,1499,1500,1500,1499,1500,180,180,MANUAL (Remote),,0.0
2026-08-10T11:07:25.284,1786334845.284851,-0.1459999978542328,2.9,-9.7,292.9,1500,1499,1500,1500,1499,1500,180,180,MANUAL (Remote),,0.0
2026-08-10T11:07:25.784,1786334845.784757,-0.1459999978542328,2.9,-9.7,292.9,1500,1499,1500,1500,1499,1500,180,180,MANUAL (Remote),,0.0
2026-08-10T11:07:26.284,1786334846.284725,-0.1459999978542328,2.9,-9.7,292.9,1500,1499,1500,1500,1499,1500,180,180,MANUAL (Remote),,0.0
2026-08-10T11:07:26.784,1786334846.784779,-0.1459999978542328,2.9,-9.7,292.9,1500,1499,1500,1500,1499,1500,180,180,MANUAL (Remote),,0.0
2026-08-10T11:07:27.284,1786334847.284692,-0.1459999978542328,2.9,-9.7,292.9,1500,1499,1500,1500,1499,1500,180,180,MANUAL (Remote),,0.0
2026-08-10T11:07:27.784,1786334847.784678,-0.1459999978542328,2.9,-9.7,292.9,1500,1499,1500,1500,1499,1500,180,180,MANUAL (Remote),,0.0
2026-08-10T11:07:28.284,1786334848.284677,-0.1459999978542328,2.9,-9.7,292.9,1500,1499,1500,1500,1499,1500,180,180,MANUAL (Remote),,0.0
2026-08-10T11:07:28.784,1786334848.784671,-0.1459999978542328,2.9,-9.7,292.9,1500,1499,1500,1500,1499,1500,180,180,MANUAL (Remote),,0.0
2026-08-10T11:07:29.284,1786334849.284689,-0.1459999978542328,2.9,-9.7,292.9,1500,1499,1500,1500,1499,1500,180,180,MANUAL (Remote),,0.0
2026-08-10T11:07:29.784,1786334849.784744,-0.1459999978542328,2.9,-9.7,292.9,1500,1499,1500,1500,1499,1500,180,180,MANUAL (Remote),,0.0
2026-08-10T11:07:30.284,1786334850.284661,-0.1459999978542328,2.9,-9.7,292.9,1500,1499,1500,1500,1499,1500,180,180,MANUAL (Remote),,0.0
2026-08-10T11:07:30.784,1786334850.784712,-0.1459999978542328,2.9,-9.7,292.9,1500,1499,1500,1500,1499,1500,180,180,MANUAL (Remote),,0.0
2026-08-10T11:07:31.284,1786334851.284658,-0.1459999978542328,2.9,-9.7,292.9,1500,1499,1500,1500,1499,1500,180,180,MANUAL (Remote),,0.0
2026-08-10T11:07:31.784,1786334851.7847,-0.1459999978542328,2.9,-9.7,292.9,1500,1499,1500,1500,1499,1500,180,180,MANUAL (Remote),,0.0
2026-08-10T11:07:32.284,1786334852.284713,-0.1459999978542328,2.9,-9.7,292.9,1500,1499,1500,1500,1499,1500,180,180,MANUAL (Remote),,0.0
2026-08-10T11:07:32.784,1786334852.784709,-0.1459999978542328,2.9,-9.7,292.9,1500,1499,1500,1500,1499,1500,180,180,MANUAL (Remote),,0.0
2026-08-10T11:07:33.284,1786334853.284702,-0.1459999978542328,2.9,-9.7,292.9,1500,1499,1500,1500,1499,1500,180,180,MANUAL (Remote),,0.0
2026-08-10T11:07:33.784,1786334853.784707,-0.1459999978542328,2.9,-9.7,292.9,1500,1499,1500,1500,1499,1500,180,180,MANUAL (Remote),,0.0
2026-08-10T11:07:34.284,1786334854.28475,-0.1459999978542328,2.9,-9.7,292.9,1500,1499,1500,1500,1499,1500,180,180,MANUAL (Remote),,0.0
2026-08-10T11:07:34.784,1786334854.784729,-0.1459999978542328,2.9,-9.7,292.9,1500,1499,1500,1500,1499,1500,180,180,MANUAL (Remote),,0.0
2026-08-10T11:07:35.284,1786334855.284673,-0.1459999978542328,2.9,-9.7,292.9,1500,1499,1500,1500,1499,1500,180,180,MANUAL (Remote),,0.0
2026-08-10T11:07:35.784,1786334855.784727,-0.1459999978542328,2.9,-9.7,292.9,1500,1499,1500,1500,1499,1500,180,180,MANUAL (Remote),,0.0
2026-08-10T11:07:36.284,1786334856.284709,-0.1459999978542328,2.9,-9.7,292.9,1500,1499,1500,1500,1499,1500,180,180,MANUAL (Remote),,0.0
2026-08-10T11:07:36.784,1786334856.784745,-0.1459999978542328,2.9,-9.7,292.9,1500,1499,1500,1500,1499,1500,180,180,MANUAL (Remote),,0.0
2026-08-10T11:07:37.284,1786334857.284755,-0.1459999978542328,2.9,-9.7,292.9,1500,1499,1500,1500,1499,1500,180,180,MANUAL (Remote),,0.0
2026-08-10T11:07:37.784,1786334857.784711,-0.1459999978542328,2.9,-9.7,292.9,1500,1499,1500,1500,1499,1500,180,180,MANUAL (Remote),,0.0
2026-08-10T11:07:38.284,1786334858.284671,-0.1459999978542328,2.9,-9.7,292.9,1500,1499,1500,1500,1499,1500,180,180,MANUAL (Remote),,0.0
2026-08-10T11:07:38.784,1786334858.784733,-0.1459999978542328,2.9,-9.7,292.9,1500,1499,1500,1500,1499,1500,180,180,MANUAL (Remote),,0.0
2026-08-10T11:07:39.284,1786334859.284759,-0.1459999978542328,2.9,-9.7,292.9,1500,1499,1500,1500,1499,1500,180,180,MANUAL (Remote),,0.0
2026-08-10T11:07:39.784,1786334859.78481,-0.1459999978542328,2.9,-9.7,292.9,1500,1499,1500,1500,1499,1500,180,180,MANUAL (Remote),,0.0
2026-08-10T11:07:40.284,1786334860.284733,-0.1459999978542328,2.9,-9.7,292.9,1500,1499,1500,1500,1499,1500,180,180,MANUAL (Remote),,0.0
2026-08-10T11:07:40.784,1786334860.784704,-0.1459999978542328,2.9,-9.7,292.9,1500,1499,1500,1500,1499,1500,180,180,MANUAL (Remote),,0.0
2026-08-10T11:07:41.284,1786334861.284756,-0.1459999978542328,2.9,-9.7,292.9,1500,1499,1500,1500,1499,1500,180,180,MANUAL (Remote),,0.0
2026-08-10T11:07:41.784,1786334861.784655,-0.1459999978542328,2.9,-9.7,292.9,1500,1499,1500,1500,1499,1500,180,180,MANUAL (Remote),,0.0
2026-08-10T11:07:42.284,1786334862.284701,-0.1459999978542328,2.9,-9.7,292.9,1500,1499,1500,1500,1499,1500,180,180,MANUAL (Remote),,0.0
2026-08-10T11:07:42.784,1786334862.784697,-0.1459999978542328,2.9,-9.7,292.9,1500,1499,1500,1500,1499,1500,180,180,MANUAL (Remote),,0.0
2026-08-10T11:07:43.284,1786334863.284703,-0.1459999978542328,2.9,-9.7,292.9,1500,1499,1500,1500,1499,1500,180,180,MANUAL (Remote),,0.0
2026-08-10T11:07:43.784,1786334863.78477,-0.1459999978542328,2.9,-9.7,292.9,1500,1499,1500,1500,1499,1500,180,180,MANUAL (Remote),,0.0
2026-08-10T11:07:44.284,1786334864.284663,-0.1459999978542328,2.9,-9.7,292.9,1500,1499,1500,1500,1499,1500,180,180,MANUAL (Remote),,0.0
2026-08-10T11:07:44.784,1786334864.784696,-0.1459999978542328,2.9,-9.7,292.9,1500,1499,1500,1500,1499,1500,180,180,MANUAL (Remote),,0.0
2026-08-10T11:07:45.284,1786334865.284688,-0.1459999978542328,2.9,-9.7,292.9,1500,1499,1500,1500,1499,1500,180,180,MANUAL (Remote),,0.0
2026-08-10T11:07:45.784,1786334865.784729,-0.1459999978542328,2.9,-9.7,292.9,1500,1499,1500,1500,1499,1500,180,180,MANUAL (Remote),,0.0
2026-08-10T11:07:46.284,1786334866.28471,-0.1459999978542328,2.9,-9.7,292.9,1500,1499,1500,1500,1499,1500,180,180,MANUAL (Remote),,0.0
2026-08-10T11:07:46.784,1786334866.7847,-0.1459999978542328,2.9,-9.7,292.9,1500,1499,1500,1500,1499,1500,180,180,MANUAL (Remote),,0.0
2026-08-10T11:07:47.284,1786334867.284683,-0.1459999978542328,2.9,-9.7,292.9,1500,1499,1500,1500,1499,1500,180,180,MANUAL (Remote),,0.0
2026-08-10T11:07:47.784,1786334867.784721,-0.1459999978542328,2.9,-9.7,292.9,1500,1499,1500,1500,1499,1500,180,180,MANUAL (Remote),,0.0
2026-08-10T11:07:48.284,1786334868.284709,-0.1459999978542328,2.9,-9.7,292.9,1500,1499,1500,1500,1499,1500,180,180,MANUAL (Remote),,0.0
2026-08-10T11:07:48.784,1786334868.784721,-0.1459999978542328,2.9,-9.7,292.9,1500,1499,1500,1500,1499,1500,180,180,MANUAL (Remote),,0.0
2026-08-10T11:07:49.284,1786334869.284685,-0.1459999978542328,2.9,-9.7,292.9,1500,1499,1500,1500,1499,1500,180,180,MANUAL (Remote),,0.0
2026-08-10T11:07:49.784,1786334869.784752,-0.1459999978542328,2.9,-9.7,292.9,1500,1499,1500,1500,1499,1500,180,180,MANUAL (Remote),,0.0
2026-08-10T11:07:50.284,1786334870.284729,-0.1459999978542328,2.9,-9.7,292.9,1500,1499,1500,1500,1499,1500,180,180,MANUAL (Remote),,0.0
2026-08-10T11:07:50.784,1786334870.784785,-0.1459999978542328,2.9,-9.7,292.9,1500,1499,1500,1500,1499,1500,180,180,MANUAL (Remote),,0.0
2026-08-10T11:07:51.284,1786334871.284751,-0.1459999978542328,2.9,-9.7,292.9,1500,1499,1500,1500,1499,1500,180,180,MANUAL (Remote),,0.0
2026-08-10T11:07:51.784,1786334871.784733,-0.1459999978542328,2.9,-9.7,292.9,1500,1499,1500,1500,1499,1500,180,180,MANUAL (Remote),,0.0
2026-08-10T11:07:52.284,1786334872.284672,-0.1459999978542328,2.9,-9.7,292.9,1500,1499,1500,1500,1499,1500,180,180,MANUAL (Remote),,0.0
2026-08-10T11:07:52.784,1786334872.784694,-0.1459999978542328,2.9,-9.7,292.9,1500,1499,1500,1500,1499,1500,180,180,MANUAL (Remote),,0.0
2026-08-10T11:07:53.284,1786334873.284732,-0.1459999978542328,2.9,-9.7,292.9,1500,1499,1500,1500,1499,1500,180,180,MANUAL (Remote),,0.0
2026-08-10T11:07:53.784,1786334873.784685,-0.1459999978542328,2.9,-9.7,292.9,1500,1499,1500,1500,1499,1500,180,180,MANUAL (Remote),,0.0
2026-08-10T11:07:54.284,1786334874.284692,-0.1459999978542328,2.9,-9.7,292.9,1500,1499,1500,1500,1499,1500,180,180,MANUAL (Remote),,0.0
2026-08-10T11:07:54.784,1786334874.784678,-0.1459999978542328,2.9,-9.7,292.9,1500,1499,1500,1500,1499,1500,180,180,MANUAL (Remote),,0.0
2026-08-10T11:07:55.284,1786334875.284741,-0.1459999978542328,2.9,-9.7,292.9,1500,1499,1500,1500,1499,1500,180,180,MANUAL (Remote),,0.0
2026-08-10T11:07:55.784,1786334875.784708,-0.1459999978542328,2.9,-9.7,292.9,1500,1499,1500,1500,1499,1500,180,180,MANUAL (Remote),,0.0
2026-08-10T11:07:56.284,1786334876.284756,-0.1459999978542328,2.9,-9.7,292.9,1500,1499,1500,1500,1499,1500,180,180,MANUAL (Remote),,0.0
2026-08-10T11:07:56.784,1786334876.78469,-0.1459999978542328,2.9,-9.7,292.9,1500,1499,1500,1500,1499,1500,180,180,MANUAL (Remote),,0.0
2026-08-10T11:07:57.284,1786334877.284744,-0.1459999978542328,2.9,-9.7,292.9,1500,1499,1500,1500,1499,1500,180,180,MANUAL (Remote),,0.0
2026-08-10T11:07:57.784,1786334877.784714,-0.1459999978542328,2.9,-9.7,292.9,1500,1499,1500,1500,1499,1500,180,180,MANUAL (Remote),,0.0
2026-08-10T11:07:58.284,1786334878.284725,-0.1459999978542328,2.9,-9.7,292.9,1500,1499,1500,1500,1499,1500,180,180,MANUAL (Remote),,0.0
2026-08-10T11:07:58.784,1786334878.784717,-0.1459999978542328,2.9,-9.7,292.9,1500,1499,1500,1500,1499,1500,180,180,MANUAL (Remote),,0.0
2026-08-10T11:07:59.284,1786334879.284741,-0.1459999978542328,2.9,-9.7,292.9,1500,1499,1500,1500,1499,1500,180,180,MANUAL (Remote),,0.0
2026-08-10T11:07:59.784,1786334879.784783,-0.1459999978542328,2.9,-9.7,292.9,1500,1499,1500,1500,1499,1500,180,180,MANUAL (Remote),,0.0
2026-08-10T11:08:00.284,1786334880.284791,-0.1459999978542328,2.9,-9.7,292.9,1500,1499,1500,1500,1499,1500,180,180,MANUAL (Remote),,0.0
2026-08-10T11:08:00.784,1786334880.784763,-0.1459999978542328,2.9,-9.7,292.9,1500,1499,1500,1500,1499,1500,180,180,MANUAL (Remote),,0.0
2026-08-10T11:08:01.284,1786334881.284876,-0.1459999978542328,2.9,-9.7,292.9,1500,1499,1500,1500,1499,1500,180,180,MANUAL (Remote),,0.0
2026-08-10T11:08:01.784,1786334881.78471,-0.1459999978542328,2.9,-9.7,292.9,1500,1499,1500,1500,1499,1500,180,180,MANUAL (Remote),,0.0
2026-08-10T11:08:02.284,1786334882.284767,-0.1459999978542328,2.9,-9.7,292.9,1500,1499,1500,1500,1499,1500,180,180,MANUAL (Remote),,0.0
2026-08-10T11:08:02.784,1786334882.784828,-0.1459999978542328,2.9,-9.7,292.9,1500,1499,1500,1500,1499,1500,180,180,MANUAL (Remote),,0.0
2026-08-10T11:08:03.284,1786334883.284675,-0.1459999978542328,2.9,-9.7,292.9,1500,1499,1500,1500,1499,1500,180,180,MANUAL (Remote),,0.0
2026-08-10T11:08:03.784,1786334883.784672,-0.1459999978542328,2.9,-9.7,292.9,1500,1499,1500,1500,1499,1500,180,180,MANUAL (Remote),,0.0
2026-08-10T11:08:04.284,1786334884.284781,-0.1459999978542328,2.9,-9.7,292.9,1500,1499,1500,1500,1499,1500,180,180,MANUAL (Remote),,0.0
2026-08-10T11:08:04.784,1786334884.784653,-0.1459999978542328,2.9,-9.7,292.9,1500,1499,1500,1500,1499,1500,180,180,MANUAL (Remote),,0.0
2026-08-10T11:08:05.284,1786334885.284737,-0.1459999978542328,2.9,-9.7,292.9,1500,1499,1500,1500,1499,1500,180,180,MANUAL (Remote),,0.0
2026-08-10T11:08:05.784,1786334885.784673,-0.1459999978542328,2.9,-9.7,292.9,1500,1499,1500,1500,1499,1500,180,180,MANUAL (Remote),,0.0
2026-08-10T11:08:06.284,1786334886.284718,-0.1459999978542328,2.9,-9.7,292.9,1500,1499,1500,1500,1499,1500,180,180,MANUAL (Remote),,0.0
2026-08-10T11:08:06.784,1786334886.7848,-0.1459999978542328,2.9,-9.7,292.9,1500,1499,1500,1500,1499,1500,180,180,MANUAL (Remote),,0.0
2026-08-10T11:08:07.284,1786334887.284738,-0.1459999978542328,2.9,-9.7,292.9,1500,1499,1500,1500,1499,1500,180,180,MANUAL (Remote),,0.0
2026-08-10T11:08:07.784,1786334887.784752,-0.1459999978542328,2.9,-9.7,292.9,1500,1499,1500,1500,1499,1500,180,180,MANUAL (Remote),,0.0
2026-08-10T11:08:08.284,1786334888.284707,-0.1459999978542328,2.9,-9.7,292.9,1500,1499,1500,1500,1499,1500,180,180,MANUAL (Remote),,0.0
2026-08-10T11:08:08.784,1786334888.784783,-0.1459999978542328,2.9,-9.7,292.9,1500,1499,1500,1500,1499,1500,180,180,MANUAL (Remote),,0.0
2026-08-10T11:08:09.284,1786334889.284829,-0.1459999978542328,2.9,-9.7,292.9,1500,1499,1500,1500,1499,1500,180,180,MANUAL (Remote),,0.0
2026-08-10T11:08:09.784,1786334889.784745,-0.1459999978542328,2.9,-9.7,292.9,1500,1499,1500,1500,1499,1500,180,180,MANUAL (Remote),,0.0
2026-08-10T11:08:10.284,1786334890.28472,-0.1459999978542328,2.9,-9.7,292.9,1500,1499,1500,1500,1499,1500,180,180,MANUAL (Remote),,0.0
2026-08-10T11:08:10.784,1786334890.784745,-0.1459999978542328,2.9,-9.7,292.9,1500,1499,1500,1500,1499,1500,180,180,MANUAL (Remote),,0.0
2026-08-10T11:08:11.284,1786334891.284721,-0.1459999978542328,2.9,-9.7,292.9,1500,1499,1500,1500,1499,1500,180,180,MANUAL (Remote),,0.0
2026-08-10T11:08:11.784,1786334891.784793,-0.1459999978542328,2.9,-9.7,292.9,1500,1499,1500,1500,1499,1500,180,180,MANUAL (Remote),,0.0
2026-08-10T11:08:12.284,1786334892.284795,-0.1459999978542328,2.9,-9.7,292.9,1500,1499,1500,1500,1499,1500,180,180,MANUAL (Remote),,0.0
2026-08-10T11:08:12.784,1786334892.7848,-0.1459999978542328,2.9,-9.7,292.9,1500,1499,1500,1500,1499,1500,180,180,MANUAL (Remote),,0.0
2026-08-10T11:08:13.284,1786334893.284765,-0.1459999978542328,2.9,-9.7,292.9,1500,1499,1500,1500,1499,1500,180,180,MANUAL (Remote),,0.0
2026-08-10T11:08:13.785,1786334893.785246,-0.1459999978542328,2.9,-9.7,292.9,1500,1499,1500,1500,1499,1500,180,180,MANUAL (Remote),,0.0
2026-08-10T11:08:14.284,1786334894.284774,-0.1459999978542328,2.9,-9.7,292.9,1500,1499,1500,1500,1499,1500,180,180,MANUAL (Remote),,0.0
2026-08-10T11:08:14.784,1786334894.784715,-0.1459999978542328,2.9,-9.7,292.9,1500,1499,1500,1500,1499,1500,180,180,MANUAL (Remote),,0.0
2026-08-10T11:08:15.284,1786334895.284757,-0.1459999978542328,2.9,-9.7,292.9,1500,1499,1500,1500,1499,1500,180,180,MANUAL (Remote),,0.0
2026-08-10T11:08:15.784,1786334895.784799,-0.1459999978542328,2.9,-9.7,292.9,1500,1499,1500,1500,1499,1500,180,180,MANUAL (Remote),,0.0
2026-08-10T11:08:16.284,1786334896.284777,-0.1459999978542328,2.9,-9.7,292.9,1500,1499,1500,1500,1499,1500,180,180,MANUAL (Remote),,0.0
2026-08-10T11:08:16.784,1786334896.784711,-0.1459999978542328,2.9,-9.7,292.9,1500,1499,1500,1500,1499,1500,180,180,MANUAL (Remote),,0.0
2026-08-10T11:08:17.284,1786334897.284775,-0.1459999978542328,2.9,-9.7,292.9,1500,1499,1500,1500,1499,1500,180,180,MANUAL (Remote),,0.0
2026-08-10T11:08:17.784,1786334897.78473,-0.1459999978542328,2.9,-9.7,292.9,1500,1499,1500,1500,1499,1500,180,180,MANUAL (Remote),,0.0
2026-08-10T11:08:18.284,1786334898.284746,-0.1459999978542328,2.9,-9.7,292.9,1500,1499,1500,1500,1499,1500,180,180,MANUAL (Remote),,0.0
2026-08-10T11:08:18.784,1786334898.78474,-0.1459999978542328,2.9,-9.7,292.9,1500,1499,1500,1500,1499,1500,180,180,MANUAL (Remote),,0.0
2026-08-10T11:08:19.284,1786334899.284774,-0.1459999978542328,2.9,-9.7,292.9,1500,1499,1500,1500,1499,1500,180,180,MANUAL (Remote),,0.0
2026-08-10T11:08:19.784,1786334899.784762,-0.1459999978542328,2.9,-9.7,292.9,1500,1499,1500,1500,1499,1500,180,180,MANUAL (Remote),,0.0
2026-08-10T11:08:20.284,1786334900.284683,-0.1459999978542328,2.9,-9.7,292.9,1500,1499,1500,1500,1499,1500,180,180,MANUAL (Remote),,0.0
2026-08-10T11:08:20.784,1786334900.784762,-0.1459999978542328,2.9,-9.7,292.9,1500,1499,1500,1500,1499,1500,180,180,MANUAL (Remote),,0.0
2026-08-10T11:08:21.284,1786334901.28476,-0.1459999978542328,2.9,-9.7,292.9,1500,1499,1500,1500,1499,1500,180,180,MANUAL (Remote),,0.0
2026-08-10T11:08:21.784,1786334901.784709,-0.1459999978542328,2.9,-9.7,292.9,1500,1499,1500,1500,1499,1500,180,180,MANUAL (Remote),,0.0
2026-08-10T11:08:22.284,1786334902.284731,-0.1459999978542328,2.9,-9.7,292.9,1500,1499,1500,1500,1499,1500,180,180,MANUAL (Remote),,0.0
2026-08-10T11:08:22.784,1786334902.784744,-0.1459999978542328,2.9,-9.7,292.9,1500,1499,1500,1500,1499,1500,180,180,MANUAL (Remote),,0.0
2026-08-10T11:08:23.284,1786334903.284692,-0.1459999978542328,2.9,-9.7,292.9,1500,1499,1500,1500,1499,1500,180,180,MANUAL (Remote),,0.0
2026-08-10T11:08:23.784,1786334903.784815,-0.1459999978542328,2.9,-9.7,292.9,1500,1499,1500,1500,1499,1500,180,180,MANUAL (Remote),,0.0
2026-08-10T11:08:24.284,1786334904.284745,-0.1459999978542328,2.9,-9.7,292.9,1500,1499,1500,1500,1499,1500,180,180,MANUAL (Remote),,0.0
2026-08-10T11:08:24.784,1786334904.784774,-0.1459999978542328,2.9,-9.7,292.9,1500,1499,1500,1500,1499,1500,180,180,MANUAL (Remote),,0.0
2026-08-10T11:08:25.284,1786334905.284716,-0.1459999978542328,2.9,-9.7,292.9,1500,1499,1500,1500,1499,1500,180,180,MANUAL (Remote),,0.0
2026-08-10T11:08:25.784,1786334905.7847,-0.1459999978542328,2.9,-9.7,292.9,1500,1499,1500,1500,1499,1500,180,180,MANUAL (Remote),,0.0
2026-08-10T11:08:26.284,1786334906.284665,-0.1459999978542328,2.9,-9.7,292.9,1500,1499,1500,1500,1499,1500,180,180,MANUAL (Remote),,0.0
2026-08-10T11:08:26.784,1786334906.784747,-0.1459999978542328,2.9,-9.7,292.9,1500,1499,1500,1500,1499,1500,180,180,MANUAL (Remote),,0.0
2026-08-10T11:08:27.284,1786334907.284788,-0.1459999978542328,2.9,-9.7,292.9,1500,1499,1500,1500,1499,1500,180,180,MANUAL (Remote),,0.0
2026-08-10T11:08:27.784,1786334907.784757,-0.1459999978542328,2.9,-9.7,292.9,1500,1499,1500,1500,1499,1500,180,180,MANUAL (Remote),,0.0
2026-08-10T11:08:28.284,1786334908.284833,-0.1459999978542328,2.9,-9.7,292.9,1500,1499,1500,1500,1499,1500,180,180,MANUAL (Remote),,0.0
2026-08-10T11:08:28.784,1786334908.784792,-0.1459999978542328,2.9,-9.7,292.9,1500,1499,1500,1500,1499,1500,180,180,MANUAL (Remote),,0.0
2026-08-10T11:08:29.284,1786334909.284777,-0.1459999978542328,2.9,-9.7,292.9,1500,1499,1500,1500,1499,1500,180,180,MANUAL (Remote),,0.0
2026-08-10T11:08:29.784,1786334909.784711,-0.1459999978542328,2.9,-9.7,292.9,1500,1499,1500,1500,1499,1500,180,180,MANUAL (Remote),,0.0
2026-08-10T11:08:30.284,1786334910.284758,-0.1459999978542328,2.9,-9.7,292.9,1500,1499,1500,1500,1499,1500,180,180,MANUAL (Remote),,0.0
2026-08-10T11:08:30.784,1786334910.784721,-0.1459999978542328,2.9,-9.7,292.9,1500,1499,1500,1500,1499,1500,180,180,MANUAL (Remote),,0.0
2026-08-10T11:08:31.284,1786334911.284754,-0.1459999978542328,2.9,-9.7,292.9,1500,1499,1500,1500,1499,1500,180,180,MANUAL (Remote),,0.0
2026-08-10T11:08:31.784,1786334911.784664,-0.1459999978542328,2.9,-9.7,292.9,1500,1499,1500,1500,1499,1500,180,180,MANUAL (Remote),,0.0
2026-08-10T11:08:32.284,1786334912.284681,-0.1459999978542328,2.9,-9.7,292.9,1500,1499,1500,1500,1499,1500,180,180,MANUAL (Remote),,0.0
2026-08-10T11:08:32.784,1786334912.78472,-0.1459999978542328,2.9,-9.7,292.9,1500,1499,1500,1500,1499,1500,180,180,MANUAL (Remote),,0.0
2026-08-10T11:08:33.284,1786334913.284734,-0.1459999978542328,2.9,-9.7,292.9,1500,1499,1500,1500,1499,1500,180,180,MANUAL (Remote),,0.0
2026-08-10T11:08:33.784,1786334913.784725,-0.1459999978542328,2.9,-9.7,292.9,1500,1499,1500,1500,1499,1500,180,180,MANUAL (Remote),,0.0
2026-08-10T11:08:34.284,1786334914.284817,-0.1459999978542328,2.9,-9.7,292.9,1500,1499,1500,1500,1499,1500,180,180,MANUAL (Remote),,0.0
2026-08-10T11:08:34.784,1786334914.784813,-0.1459999978542328,2.9,-9.7,292.9,1500,1499,1500,1500,1499,1500,180,180,MANUAL (Remote),,0.0
2026-08-10T11:08:35.284,1786334915.284676,-0.1459999978542328,2.9,-9.7,292.9,1500,1499,1500,1500,1499,1500,180,180,MANUAL (Remote),,0.0
2026-08-10T11:08:35.784,1786334915.784797,-0.1459999978542328,2.9,-9.7,292.9,1500,1499,1500,1500,1499,1500,180,180,MANUAL (Remote),,0.0
2026-08-10T11:08:36.284,1786334916.284737,-0.1459999978542328,2.9,-9.7,292.9,1500,1499,1500,1500,1499,1500,180,180,MANUAL (Remote),,0.0
2026-08-10T11:08:36.784,1786334916.784673,-0.1459999978542328,2.9,-9.7,292.9,1500,1499,1500,1500,1499,1500,180,180,MANUAL (Remote),,0.0
2026-08-10T11:08:37.284,1786334917.28469,-0.1459999978542328,2.9,-9.7,292.9,1500,1499,1500,1500,1499,1500,180,180,MANUAL (Remote),,0.0
2026-08-10T11:08:37.784,1786334917.784711,-0.1459999978542328,2.9,-9.7,292.9,1500,1499,1500,1500,1499,1500,180,180,MANUAL (Remote),,0.0
2026-08-10T11:08:38.284,1786334918.284724,-0.1459999978542328,2.9,-9.7,292.9,1500,1499,1500,1500,1499,1500,180,180,MANUAL (Remote),,0.0
2026-08-10T11:08:38.784,1786334918.784756,-0.1459999978542328,2.9,-9.7,292.9,1500,1499,1500,1500,1499,1500,180,180,MANUAL (Remote),,0.0
2026-08-10T11:08:39.284,1786334919.28466,-0.1459999978542328,2.9,-9.7,292.9,1500,1499,1500,1500,1499,1500,180,180,MANUAL (Remote),,0.0
2026-08-10T11:08:39.784,1786334919.784773,-0.1459999978542328,2.9,-9.7,292.9,1500,1499,1500,1500,1499,1500,180,180,MANUAL (Remote),,0.0
2026-08-10T11:08:40.284,1786334920.284705,-0.1459999978542328,2.9,-9.7,292.9,1500,1499,1500,1500,1499,1500,180,180,MANUAL (Remote),,0.0
2026-08-10T11:08:40.784,1786334920.784704,-0.1459999978542328,2.9,-9.7,292.9,1500,1499,1500,1500,1499,1500,180,180,MANUAL (Remote),,0.0
2026-08-10T11:08:41.284,1786334921.284775,-0.1459999978542328,2.9,-9.7,292.9,1500,1499,1500,1500,1499,1500,180,180,MANUAL (Remote),,0.0
2026-08-10T11:08:41.784,1786334921.784659,-0.1459999978542328,2.9,-9.7,292.9,1500,1499,1500,1500,1499,1500,180,180,MANUAL (Remote),,0.0
2026-08-10T11:08:42.284,1786334922.284808,-0.1459999978542328,2.9,-9.7,292.9,1500,1499,1500,1500,1499,1500,180,180,MANUAL (Remote),,0.0
2026-08-10T11:08:42.784,1786334922.784721,-0.1459999978542328,2.9,-9.7,292.9,1500,1499,1500,1500,1499,1500,180,180,MANUAL (Remote),,0.0
2026-08-10T11:08:43.284,1786334923.284752,-0.1459999978542328,2.9,-9.7,292.9,1500,1499,1500,1500,1499,1500,180,180,MANUAL (Remote),,0.0
2026-08-10T11:08:43.784,1786334923.784713,-0.1459999978542328,2.9,-9.7,292.9,1500,1499,1500,1500,1499,1500,180,180,MANUAL (Remote),,0.0
2026-08-10T11:08:44.284,1786334924.284743,-0.1459999978542328,2.9,-9.7,292.9,1500,1499,1500,1500,1499,1500,180,180,MANUAL (Remote),,0.0
2026-08-10T11:08:44.784,1786334924.78469,-0.1459999978542328,2.9,-9.7,292.9,1500,1499,1500,1500,1499,1500,180,180,MANUAL (Remote),,0.0
2026-08-10T11:08:45.284,1786334925.284729,-0.1459999978542328,2.9,-9.7,292.9,1500,1499,1500,1500,1499,1500,180,180,MANUAL (Remote),,0.0
2026-08-10T11:08:45.784,1786334925.784717,-0.1459999978542328,2.9,-9.7,292.9,1500,1499,1500,1500,1499,1500,180,180,MANUAL (Remote),,0.0
2026-08-10T11:08:46.284,1786334926.284813,-0.1459999978542328,2.9,-9.7,292.9,1500,1499,1500,1500,1499,1500,180,180,MANUAL (Remote),,0.0
2026-08-10T11:08:46.784,1786334926.784699,-0.1459999978542328,2.9,-9.7,292.9,1500,1499,1500,1500,1499,1500,180,180,MANUAL (Remote),,0.0
2026-08-10T11:08:47.284,1786334927.284717,-0.1459999978542328,2.9,-9.7,292.9,1500,1499,1500,1500,1499,1500,180,180,MANUAL (Remote),,0.0
2026-08-10T11:08:47.784,1786334927.784729,-0.1459999978542328,2.9,-9.7,292.9,1500,1499,1500,1500,1499,1500,180,180,MANUAL (Remote),,0.0
2026-08-10T11:08:48.284,1786334928.284702,-0.1459999978542328,2.9,-9.7,292.9,1500,1499,1500,1500,1499,1500,180,180,MANUAL (Remote),,0.0
2026-08-10T11:08:48.784,1786334928.78477,-0.1459999978542328,2.9,-9.7,292.9,1500,1499,1500,1500,1499,1500,180,180,MANUAL (Remote),,0.0
2026-08-10T11:08:49.284,1786334929.284771,-0.1459999978542328,2.9,-9.7,292.9,1500,1499,1500,1500,1499,1500,180,180,MANUAL (Remote),,0.0
2026-08-10T11:08:49.784,1786334929.784745,-0.1459999978542328,2.9,-9.7,292.9,1500,1499,1500,1500,1499,1500,180,180,MANUAL (Remote),,0.0
2026-08-10T11:08:50.284,1786334930.284716,-0.1459999978542328,2.9,-9.7,292.9,1500,1499,1500,1500,1499,1500,180,180,MANUAL (Remote),,0.0
2026-08-10T11:08:50.784,1786334930.784863,-0.1459999978542328,2.9,-9.7,292.9,1500,1499,1500,1500,1499,1500,180,180,MANUAL (Remote),,0.0
2026-08-10T11:08:51.284,1786334931.284772,-0.1459999978542328,2.9,-9.7,292.9,1500,1499,1500,1500,1499,1500,180,180,MANUAL (Remote),,0.0
2026-08-10T11:08:51.784,1786334931.784925,-0.1459999978542328,2.9,-9.7,292.9,1500,1499,1500,1500,1499,1500,180,180,MANUAL (Remote),,0.0
2026-08-10T11:08:52.284,1786334932.284816,-0.1459999978542328,2.9,-9.7,292.9,1500,1499,1500,1500,1499,1500,180,180,MANUAL (Remote),,0.0
2026-08-10T11:08:52.784,1786334932.784857,-0.1459999978542328,2.9,-9.7,292.9,1500,1499,1500,1500,1499,1500,180,180,MANUAL (Remote),,0.0
2026-08-10T11:08:53.284,1786334933.284784,-0.1459999978542328,2.9,-9.7,292.9,1500,1499,1500,1500,1499,1500,180,180,MANUAL (Remote),,0.0
2026-08-10T11:08:53.784,1786334933.784765,-0.1459999978542328,2.9,-9.7,292.9,1500,1499,1500,1500,1499,1500,180,180,MANUAL (Remote),,0.0
2026-08-10T11:08:54.284,1786334934.284869,-0.1459999978542328,2.9,-9.7,292.9,1500,1499,1500,1500,1499,1500,180,180,MANUAL (Remote),,0.0
2026-08-10T11:08:54.784,1786334934.78483,-0.1459999978542328,2.9,-9.7,292.9,1500,1499,1500,1500,1499,1500,180,180,MANUAL (Remote),,0.0
2026-08-10T11:08:55.284,1786334935.284752,-0.1459999978542328,2.9,-9.7,292.9,1500,1499,1500,1500,1499,1500,180,180,MANUAL (Remote),,0.0
2026-08-10T11:08:55.784,1786334935.784785,-0.1459999978542328,2.9,-9.7,292.9,1500,1499,1500,1500,1499,1500,180,180,MANUAL (Remote),,0.0
2026-08-10T11:08:56.284,1786334936.284811,-0.1459999978542328,2.9,-9.7,292.9,1500,1499,1500,1500,1499,1500,180,180,MANUAL (Remote),,0.0
2026-08-10T11:08:56.784,1786334936.7847,-0.1459999978542328,2.9,-9.7,292.9,1500,1499,1500,1500,1499,1500,180,180,MANUAL (Remote),,0.0
2026-08-10T11:08:57.284,1786334937.284745,-0.1459999978542328,2.9,-9.7,292.9,1500,1499,1500,1500,1499,1500,180,180,MANUAL (Remote),,0.0
2026-08-10T11:08:57.784,1786334937.78483,-0.1459999978542328,2.9,-9.7,292.9,1500,1499,1500,1500,1499,1500,180,180,MANUAL (Remote),,0.0
2026-08-10T11:08:58.284,1786334938.284813,-0.1459999978542328,2.9,-9.7,292.9,1500,1499,1500,1500,1499,1500,180,180,MANUAL (Remote),,0.0
2026-08-10T11:08:58.784,1786334938.784739,-0.1459999978542328,2.9,-9.7,292.9,1500,1499,1500,1500,1499,1500,180,180,MANUAL (Remote),,0.0
2026-08-10T11:08:59.284,1786334939.284712,-0.1459999978542328,2.9,-9.7,292.9,1500,1499,1500,1500,1499,1500,180,180,MANUAL (Remote),,0.0
2026-08-10T11:08:59.784,1786334939.784807,-0.1459999978542328,2.9,-9.7,292.9,1500,1499,1500,1500,1499,1500,180,180,MANUAL (Remote),,0.0
2026-08-10T11:09:00.284,1786334940.284805,-0.1459999978542328,2.9,-9.7,292.9,1500,1499,1500,1500,1499,1500,180,180,MANUAL (Remote),,0.0
2026-08-10T11:09:00.784,1786334940.784736,-0.1459999978542328,2.9,-9.7,292.9,1500,1499,1500,1500,1499,1500,180,180,MANUAL (Remote),,0.0
2026-08-10T11:09:01.284,1786334941.284751,-0.1459999978542328,2.9,-9.7,292.9,1500,1499,1500,1500,1499,1500,180,180,MANUAL (Remote),,0.0
2026-08-10T11:09:01.784,1786334941.784703,-0.1459999978542328,2.9,-9.7,292.9,1500,1499,1500,1500,1499,1500,180,180,MANUAL (Remote),,0.0
2026-08-10T11:09:02.284,1786334942.2848,-0.1459999978542328,2.9,-9.7,292.9,1500,1499,1500,1500,1499,1500,180,180,MANUAL (Remote),,0.0
2026-08-10T11:09:02.784,1786334942.784734,-0.1459999978542328,2.9,-9.7,292.9,1500,1499,1500,1500,1499,1500,180,180,MANUAL (Remote),,0.0
2026-08-10T11:09:03.284,1786334943.28475,-0.1459999978542328,2.9,-9.7,292.9,1500,1499,1500,1500,1499,1500,180,180,MANUAL (Remote),,0.0
2026-08-10T11:09:03.784,1786334943.784721,-0.1459999978542328,2.9,-9.7,292.9,1500,1499,1500,1500,1499,1500,180,180,MANUAL (Remote),,0.0
2026-08-10T11:09:04.284,1786334944.284703,-0.1459999978542328,2.9,-9.7,292.9,1500,1499,1500,1500,1499,1500,180,180,MANUAL (Remote),,0.0
2026-08-10T11:09:04.784,1786334944.784683,-0.1459999978542328,2.9,-9.7,292.9,1500,1499,1500,1500,1499,1500,180,180,MANUAL (Remote),,0.0
2026-08-10T11:09:05.284,1786334945.284724,-0.1459999978542328,2.9,-9.7,292.9,1500,1499,1500,1500,1499,1500,180,180,MANUAL (Remote),,0.0
2026-08-10T11:09:05.784,1786334945.784693,-0.1459999978542328,2.9,-9.7,292.9,1500,1499,1500,1500,1499,1500,180,180,MANUAL (Remote),,0.0
2026-08-10T11:09:06.284,1786334946.284654,-0.1459999978542328,2.9,-9.7,292.9,1500,1499,1500,1500,1499,1500,180,180,MANUAL (Remote),,0.0
2026-08-10T11:09:06.784,1786334946.784743,-0.1459999978542328,2.9,-9.7,292.9,1500,1499,1500,1500,1499,1500,180,180,MANUAL (Remote),,0.0
2026-08-10T11:09:07.284,1786334947.284677,-0.1459999978542328,2.9,-9.7,292.9,1500,1499,1500,1500,1499,1500,180,180,MANUAL (Remote),,0.0
2026-08-10T11:09:07.784,1786334947.784756,-0.1459999978542328,2.9,-9.7,292.9,1500,1499,1500,1500,1499,1500,180,180,MANUAL (Remote),,0.0
2026-08-10T11:09:08.284,1786334948.284764,-0.1459999978542328,2.9,-9.7,292.9,1500,1499,1500,1500,1499,1500,180,180,MANUAL (Remote),,0.0
2026-08-10T11:09:08.784,1786334948.784718,-0.1459999978542328,2.9,-9.7,292.9,1500,1499,1500,1500,1499,1500,180,180,MANUAL (Remote),,0.0
2026-08-10T11:09:09.284,1786334949.284731,-0.1459999978542328,2.9,-9.7,292.9,1500,1499,1500,1500,1499,1500,180,180,MANUAL (Remote),,0.0
2026-08-10T11:09:09.784,1786334949.784764,-0.1459999978542328,2.9,-9.7,292.9,1500,1499,1500,1500,1499,1500,180,180,MANUAL (Remote),,0.0
2026-08-10T11:09:10.284,1786334950.284791,-0.1459999978542328,2.9,-9.7,292.9,1500,1499,1500,1500,1499,1500,180,180,MANUAL (Remote),,0.0
2026-08-10T11:09:10.784,1786334950.784702,-0.1459999978542328,2.9,-9.7,292.9,1500,1499,1500,1500,1499,1500,180,180,MANUAL (Remote),,0.0
2026-08-10T11:09:11.284,1786334951.284719,-0.1459999978542328,2.9,-9.7,292.9,1500,1499,1500,1500,1499,1500,180,180,MANUAL (Remote),,0.0
2026-08-10T11:09:11.784,1786334951.784739,-0.1459999978542328,2.9,-9.7,292.9,1500,1499,1500,1500,1499,1500,180,180,MANUAL (Remote),,0.0
2026-08-10T11:09:12.284,1786334952.284725,-0.1459999978542328,2.9,-9.7,292.9,1500,1499,1500,1500,1499,1500,180,180,MANUAL (Remote),,0.0
2026-08-10T11:09:12.784,1786334952.784741,-0.1459999978542328,2.9,-9.7,292.9,1500,1499,1500,1500,1499,1500,180,180,MANUAL (Remote),,0.0
2026-08-10T11:09:13.284,1786334953.284795,-0.1459999978542328,2.9,-9.7,292.9,1500,1499,1500,1500,1499,1500,180,180,MANUAL (Remote),,0.0
2026-08-10T11:09:13.784,1786334953.784716,-0.1459999978542328,2.9,-9.7,292.9,1500,1499,1500,1500,1499,1500,180,180,MANUAL (Remote),,0.0
2026-08-10T11:09:14.284,1786334954.284692,-0.1459999978542328,2.9,-9.7,292.9,1500,1499,1500,1500,1499,1500,180,180,MANUAL (Remote),,0.0
2026-08-10T11:09:14.784,1786334954.784728,-0.1459999978542328,2.9,-9.7,292.9,1500,1499,1500,1500,1499,1500,180,180,MANUAL (Remote),,0.0
2026-08-10T11:09:15.284,1786334955.284877,-0.1459999978542328,2.9,-9.7,292.9,1500,1499,1500,1500,1499,1500,180,180,MANUAL (Remote),,0.0
2026-08-10T11:09:15.784,1786334955.784872,-0.1459999978542328,2.9,-9.7,292.9,1500,1499,1500,1500,1499,1500,180,180,MANUAL (Remote),,0.0
2026-08-10T11:09:16.284,1786334956.284728,-0.1459999978542328,2.9,-9.7,292.9,1500,1499,1500,1500,1499,1500,180,180,MANUAL (Remote),,0.0
2026-08-10T11:09:16.784,1786334956.784734,-0.1459999978542328,2.9,-9.7,292.9,1500,1499,1500,1500,1499,1500,180,180,MANUAL (Remote),,0.0
2026-08-10T11:09:17.284,1786334957.284816,-0.1459999978542328,2.9,-9.7,292.9,1500,1499,1500,1500,1499,1500,180,180,MANUAL (Remote),,0.0
2026-08-10T11:09:17.784,1786334957.784754,-0.1459999978542328,2.9,-9.7,292.9,1500,1499,1500,1500,1499,1500,180,180,MANUAL (Remote),,0.0
2026-08-10T11:09:18.284,1786334958.284799,-0.1459999978542328,2.9,-9.7,292.9,1500,1499,1500,1500,1499,1500,180,180,MANUAL (Remote),,0.0
2026-08-10T11:09:18.784,1786334958.784801,-0.1459999978542328,2.9,-9.7,292.9,1500,1499,1500,1500,1499,1500,180,180,MANUAL (Remote),,0.0
2026-08-10T11:09:19.284,1786334959.284773,-0.1459999978542328,2.9,-9.7,292.9,1500,1499,1500,1500,1499,1500,180,180,MANUAL (Remote),,0.0
2026-08-10T11:09:19.784,1786334959.784958,-0.1459999978542328,2.9,-9.7,292.9,1500,1499,1500,1500,1499,1500,180,180,MANUAL (Remote),,0.0
2026-08-10T11:09:20.284,1786334960.284755,-0.1459999978542328,2.9,-9.7,292.9,1500,1499,1500,1500,1499,1500,180,180,MANUAL (Remote),,0.0
2026-08-10T11:09:20.784,1786334960.7848,-0.1459999978542328,2.9,-9.7,292.9,1500,1499,1500,1500,1499,1500,180,180,MANUAL (Remote),,0.0
2026-08-10T11:09:21.284,1786334961.28485,-0.1459999978542328,2.9,-9.7,292.9,1500,1499,1500,1500,1499,1500,180,180,MANUAL (Remote),,0.0
2026-08-10T11:09:21.784,1786334961.784729,-0.1459999978542328,2.9,-9.7,292.9,1500,1499,1500,1500,1499,1500,180,180,MANUAL (Remote),,0.0
2026-08-10T11:09:22.284,1786334962.284738,-0.1459999978542328,2.9,-9.7,292.9,1500,1499,1500,1500,1499,1500,180,180,MANUAL (Remote),,0.0
2026-08-10T11:09:22.784,1786334962.784747,-0.1459999978542328,2.9,-9.7,292.9,1500,1499,1500,1500,1499,1500,180,180,MANUAL (Remote),,0.0
2026-08-10T11:09:23.284,1786334963.284754,-0.1459999978542328,2.9,-9.7,292.9,1500,1499,1500,1500,1499,1500,180,180,MANUAL (Remote),,0.0
2026-08-10T11:09:23.784,1786334963.784741,-0.1459999978542328,2.9,-9.7,292.9,1500,1499,1500,1500,1499,1500,180,180,MANUAL (Remote),,0.0
2026-08-10T11:09:24.284,1786334964.284719,-0.1459999978542328,2.9,-9.7,292.9,1500,1499,1500,1500,1499,1500,180,180,MANUAL (Remote),,0.0
2026-08-10T11:09:24.784,1786334964.784689,-0.1459999978542328,2.9,-9.7,292.9,1500,1499,1500,1500,1499,1500,180,180,MANUAL (Remote),,0.0
2026-08-10T11:09:25.284,1786334965.284784,-0.1459999978542328,2.9,-9.7,292.9,1500,1499,1500,1500,1499,1500,180,180,MANUAL (Remote),,0.0
2026-08-10T11:09:25.784,1786334965.784714,-0.1459999978542328,2.9,-9.7,292.9,1500,1499,1500,1500,1499,1500,180,180,MANUAL (Remote),,0.0
2026-08-10T11:09:26.284,1786334966.284871,-0.1459999978542328,2.9,-9.7,292.9,1500,1499,1500,1500,1499,1500,180,180,MANUAL (Remote),,0.0
2026-08-10T11:09:26.784,1786334966.784841,-0.1459999978542328,2.9,-9.7,292.9,1500,1499,1500,1500,1499,1500,180,180,MANUAL (Remote),,0.0
2026-08-10T11:09:27.284,1786334967.28474,-0.1459999978542328,2.9,-9.7,292.9,1500,1499,1500,1500,1499,1500,180,180,MANUAL (Remote),,0.0
2026-08-10T11:09:27.784,1786334967.784775,-0.1459999978542328,2.9,-9.7,292.9,1500,1499,1500,1500,1499,1500,180,180,MANUAL (Remote),,0.0
2026-08-10T11:09:28.284,1786334968.284692,-0.1459999978542328,2.9,-9.7,292.9,1500,1499,1500,1500,1499,1500,180,180,MANUAL (Remote),,0.0
2026-08-10T11:09:28.784,1786334968.784668,-0.1459999978542328,2.9,-9.7,292.9,1500,1499,1500,1500,1499,1500,180,180,MANUAL (Remote),,0.0
2026-08-10T11:09:29.284,1786334969.284693,-0.1459999978542328,2.9,-9.7,292.9,1500,1499,1500,1500,1499,1500,180,180,MANUAL (Remote),,0.0
2026-08-10T11:09:29.784,1786334969.784728,-0.1459999978542328,2.9,-9.7,292.9,1500,1499,1500,1500,1499,1500,180,180,MANUAL (Remote),,0.0
2026-08-10T11:09:30.285,1786334970.285128,-0.1459999978542328,2.9,-9.7,292.9,1500,1499,1500,1500,1499,1500,180,180,MANUAL (Remote),,0.0
2026-08-10T11:09:30.784,1786334970.784746,-0.1459999978542328,2.9,-9.7,292.9,1500,1499,1500,1500,1499,1500,180,180,MANUAL (Remote),,0.0
2026-08-10T11:09:31.284,1786334971.284732,-0.1459999978542328,2.9,-9.7,292.9,1500,1499,1500,1500,1499,1500,180,180,MANUAL (Remote),,0.0
2026-08-10T11:09:31.784,1786334971.7847,-0.1459999978542328,2.9,-9.7,292.9,1500,1499,1500,1500,1499,1500,180,180,MANUAL (Remote),,0.0
2026-08-10T11:09:32.284,1786334972.284765,-0.1459999978542328,2.9,-9.7,292.9,1500,1499,1500,1500,1499,1500,180,180,MANUAL (Remote),,0.0
2026-08-10T11:09:32.784,1786334972.784699,-0.1459999978542328,2.9,-9.7,292.9,1500,1499,1500,1500,1499,1500,180,180,MANUAL (Remote),,0.0
2026-08-10T11:09:33.284,1786334973.284646,-0.1459999978542328,2.9,-9.7,292.9,1500,1499,1500,1500,1499,1500,180,180,MANUAL (Remote),,0.0
2026-08-10T11:09:33.784,1786334973.784717,-0.1459999978542328,2.9,-9.7,292.9,1500,1499,1500,1500,1499,1500,180,180,MANUAL (Remote),,0.0
2026-08-10T11:09:34.284,1786334974.284728,-0.1459999978542328,2.9,-9.7,292.9,1500,1499,1500,1500,1499,1500,180,180,MANUAL (Remote),,0.0
2026-08-10T11:09:34.784,1786334974.78478,-0.1459999978542328,2.9,-9.7,292.9,1500,1499,1500,1500,1499,1500,180,180,MANUAL (Remote),,0.0
2026-08-10T11:09:35.284,1786334975.284698,-0.1459999978542328,2.9,-9.7,292.9,1500,1499,1500,1500,1499,1500,180,180,MANUAL (Remote),,0.0
2026-08-10T11:09:35.784,1786334975.784741,-0.1459999978542328,2.9,-9.7,292.9,1500,1499,1500,1500,1499,1500,180,180,MANUAL (Remote),,0.0
2026-08-10T11:09:36.284,1786334976.284705,-0.1459999978542328,2.9,-9.7,292.9,1500,1499,1500,1500,1499,1500,180,180,MANUAL (Remote),,0.0
2026-08-10T11:09:36.784,1786334976.784683,-0.1459999978542328,2.9,-9.7,292.9,1500,1499,1500,1500,1499,1500,180,180,MANUAL (Remote),,0.0
2026-08-10T11:09:37.284,1786334977.284718,-0.1459999978542328,2.9,-9.7,292.9,1500,1499,1500,1500,1499,1500,180,180,MANUAL (Remote),,0.0
2026-08-10T11:09:37.784,1786334977.784813,-0.1459999978542328,2.9,-9.7,292.9,1500,1499,1500,1500,1499,1500,180,180,MANUAL (Remote),,0.0
2026-08-10T11:09:38.284,1786334978.284819,-0.1459999978542328,2.9,-9.7,292.9,1500,1499,1500,1500,1499,1500,180,180,MANUAL (Remote),,0.0
2026-08-10T11:09:38.784,1786334978.784771,-0.1459999978542328,2.9,-9.7,292.9,1500,1499,1500,1500,1499,1500,180,180,MANUAL (Remote),,0.0
2026-08-10T11:09:39.284,1786334979.284771,-0.1459999978542328,2.9,-9.7,292.9,1500,1499,1500,1500,1499,1500,180,180,MANUAL (Remote),,0.0
2026-08-10T11:09:39.784,1786334979.784724,-0.1459999978542328,2.9,-9.7,292.9,1500,1499,1500,1500,1499,1500,180,180,MANUAL (Remote),,0.0
2026-08-10T11:09:40.284,1786334980.284712,-0.1459999978542328,2.9,-9.7,292.9,1500,1499,1500,1500,1499,1500,180,180,MANUAL (Remote),,0.0
2026-08-10T11:09:40.784,1786334980.784701,-0.1459999978542328,2.9,-9.7,292.9,1500,1499,1500,1500,1499,1500,180,180,MANUAL (Remote),,0.0
2026-08-10T11:09:41.284,1786334981.28482,-0.1459999978542328,2.9,-9.7,292.9,1500,1499,1500,1500,1499,1500,180,180,MANUAL (Remote),,0.0
2026-08-10T11:09:41.784,1786334981.784832,-0.1459999978542328,2.9,-9.7,292.9,1500,1499,1500,1500,1499,1500,180,180,MANUAL (Remote),,0.0
2026-08-10T11:09:42.284,1786334982.284794,-0.1459999978542328,2.9,-9.7,292.9,1500,1499,1500,1500,1499,1500,180,180,MANUAL (Remote),,0.0
2026-08-10T11:09:42.784,1786334982.784739,-0.1459999978542328,2.9,-9.7,292.9,1500,1499,1500,1500,1499,1500,180,180,MANUAL (Remote),,0.0
2026-08-10T11:09:43.285,1786334983.285518,-0.1459999978542328,2.9,-9.7,292.9,1500,1499,1500,1500,1499,1500,180,180,MANUAL (Remote),,0.0
2026-08-10T11:09:43.784,1786334983.784751,-0.1459999978542328,2.9,-9.7,292.9,1500,1499,1500,1500,1499,1500,180,180,MANUAL (Remote),,0.0
2026-08-10T11:09:44.284,1786334984.284718,-0.1459999978542328,2.9,-9.7,292.9,1500,1499,1500,1500,1499,1500,180,180,MANUAL (Remote),,0.0
2026-08-10T11:09:44.784,1786334984.784699,-0.1459999978542328,2.9,-9.7,292.9,1500,1499,1500,1500,1499,1500,180,180,MANUAL (Remote),,0.0
2026-08-10T11:09:45.284,1786334985.284746,-0.1459999978542328,2.9,-9.7,292.9,1500,1499,1500,1500,1499,1500,180,180,MANUAL (Remote),,0.0
2026-08-10T11:09:45.784,1786334985.784706,-0.1459999978542328,2.9,-9.7,292.9,1500,1499,1500,1500,1499,1500,180,180,MANUAL (Remote),,0.0
2026-08-10T11:09:46.284,1786334986.284964,-0.1459999978542328,2.9,-9.7,292.9,1500,1499,1500,1500,1499,1500,180,180,MANUAL (Remote),,0.0
2026-08-10T11:09:46.784,1786334986.784771,-0.1459999978542328,2.9,-9.7,292.9,1500,1499,1500,1500,1499,1500,180,180,MANUAL (Remote),,0.0
2026-08-10T11:09:47.284,1786334987.284676,-0.1459999978542328,2.9,-9.7,292.9,1500,1499,1500,1500,1499,1500,180,180,MANUAL (Remote),,0.0
2026-08-10T11:09:47.784,1786334987.784671,-0.1459999978542328,2.9,-9.7,292.9,1500,1499,1500,1500,1499,1500,180,180,MANUAL (Remote),,0.0
2026-08-10T11:09:48.284,1786334988.28473,-0.1459999978542328,2.9,-9.7,292.9,1500,1499,1500,1500,1499,1500,180,180,MANUAL (Remote),,0.0
2026-08-10T11:09:48.784,1786334988.784718,-0.1459999978542328,2.9,-9.7,292.9,1500,1499,1500,1500,1499,1500,180,180,MANUAL (Remote),,0.0
2026-08-10T11:09:49.284,1786334989.284686,-0.1459999978542328,2.9,-9.7,292.9,1500,1499,1500,1500,1499,1500,180,180,MANUAL (Remote),,0.0
2026-08-10T11:09:49.784,1786334989.78465,-0.1459999978542328,2.9,-9.7,292.9,1500,1499,1500,1500,1499,1500,180,180,MANUAL (Remote),,0.0
2026-08-10T11:09:50.284,1786334990.284664,-0.1459999978542328,2.9,-9.7,292.9,1500,1499,1500,1500,1499,1500,180,180,MANUAL (Remote),,0.0
2026-08-10T11:09:50.784,1786334990.784738,-0.1459999978542328,2.9,-9.7,292.9,1500,1499,1500,1500,1499,1500,180,180,MANUAL (Remote),,0.0
2026-08-10T11:09:51.284,1786334991.284849,-0.1459999978542328,2.9,-9.7,292.9,1500,1499,1500,1500,1499,1500,180,180,MANUAL (Remote),,0.0
2026-08-10T11:09:51.784,1786334991.784736,-0.1459999978542328,2.9,-9.7,292.9,1500,1499,1500,1500,1499,1500,180,180,MANUAL (Remote),,0.0
2026-08-10T11:09:52.284,1786334992.284785,-0.1459999978542328,2.9,-9.7,292.9,1500,1499,1500,1500,1499,1500,180,180,MANUAL (Remote),,0.0
2026-08-10T11:09:52.784,1786334992.784754,-0.1459999978542328,2.9,-9.7,292.9,1500,1499,1500,1500,1499,1500,180,180,MANUAL (Remote),,0.0
2026-08-10T11:09:53.284,1786334993.284742,-0.1459999978542328,2.9,-9.7,292.9,1500,1499,1500,1500,1499,1500,180,180,MANUAL (Remote),,0.0
2026-08-10T11:09:53.784,1786334993.78471,-0.1459999978542328,2.9,-9.7,292.9,1500,1499,1500,1500,1499,1500,180,180,MANUAL (Remote),,0.0
2026-08-10T11:09:54.284,1786334994.284701,-0.1459999978542328,2.9,-9.7,292.9,1500,1499,1500,1500,1499,1500,180,180,MANUAL (Remote),,0.0
2026-08-10T11:09:54.784,1786334994.784732,-0.1459999978542328,2.9,-9.7,292.9,1500,1499,1500,1500,1499,1500,180,180,MANUAL (Remote),,0.0
2026-08-10T11:09:55.284,1786334995.284815,-0.1459999978542328,2.9,-9.7,292.9,1500,1499,1500,1500,1499,1500,180,180,MANUAL (Remote),,0.0
2026-08-10T11:09:55.784,1786334995.784708,-0.1459999978542328,2.9,-9.7,292.9,1500,1499,1500,1500,1499,1500,180,180,MANUAL (Remote),,0.0
2026-08-10T11:09:56.284,1786334996.284725,-0.1459999978542328,2.9,-9.7,292.9,1500,1499,1500,1500,1499,1500,180,180,MANUAL (Remote),,0.0
2026-08-10T11:09:56.784,1786334996.784657,-0.1459999978542328,2.9,-9.7,292.9,1500,1499,1500,1500,1499,1500,180,180,MANUAL (Remote),,0.0
2026-08-10T11:09:57.284,1786334997.284674,-0.1459999978542328,2.9,-9.7,292.9,1500,1499,1500,1500,1499,1500,180,180,MANUAL (Remote),,0.0
2026-08-10T11:09:57.784,1786334997.784661,-0.1459999978542328,2.9,-9.7,292.9,1500,1499,1500,1500,1499,1500,180,180,MANUAL (Remote),,0.0
2026-08-10T11:09:58.284,1786334998.284778,-0.1459999978542328,2.9,-9.7,292.9,1500,1499,1500,1500,1499,1500,180,180,MANUAL (Remote),,0.0
2026-08-10T11:09:58.784,1786334998.784754,-0.1459999978542328,2.9,-9.7,292.9,1500,1499,1500,1500,1499,1500,180,180,MANUAL (Remote),,0.0
2026-08-10T11:09:59.284,1786334999.284743,-0.1459999978542328,2.9,-9.7,292.9,1500,1499,1500,1500,1499,1500,180,180,MANUAL (Remote),,0.0
2026-08-10T11:09:59.784,1786334999.784719,-0.1459999978542328,2.9,-9.7,292.9,1500,1499,1500,1500,1499,1500,180,180,MANUAL (Remote),,0.0
2026-08-10T11:10:00.284,1786335000.284661,-0.1459999978542328,2.9,-9.7,292.9,1500,1499,1500,1500,1499,1500,180,180,MANUAL (Remote),,0.0
2026-08-10T11:10:00.784,1786335000.784695,-0.1459999978542328,2.9,-9.7,292.9,1500,1499,1500,1500,1499,1500,180,180,MANUAL (Remote),,0.0
2026-08-10T11:10:01.284,1786335001.284683,-0.1459999978542328,2.9,-9.7,292.9,1500,1499,1500,1500,1499,1500,180,180,MANUAL (Remote),,0.0
2026-08-10T11:10:01.784,1786335001.784734,-0.1459999978542328,2.9,-9.7,292.9,1500,1499,1500,1500,1499,1500,180,180,MANUAL (Remote),,0.0
2026-08-10T11:10:02.284,1786335002.284793,-0.1459999978542328,2.9,-9.7,292.9,1500,1499,1500,1500,1499,1500,180,180,MANUAL (Remote),,0.0
2026-08-10T11:10:02.784,1786335002.78469,-0.1459999978542328,2.9,-9.7,292.9,1500,1499,1500,1500,1499,1500,180,180,MANUAL (Remote),,0.0
2026-08-10T11:10:03.284,1786335003.284755,-0.1459999978542328,2.9,-9.7,292.9,1500,1499,1500,1500,1499,1500,180,180,MANUAL (Remote),,0.0
2026-08-10T11:10:03.784,1786335003.784922,-0.1459999978542328,2.9,-9.7,292.9,1500,1499,1500,1500,1499,1500,180,180,MANUAL (Remote),,0.0
2026-08-10T11:10:04.284,1786335004.284733,-0.1459999978542328,2.9,-9.7,292.9,1500,1499,1500,1500,1499,1500,180,180,MANUAL (Remote),,0.0
2026-08-10T11:10:04.784,1786335004.784697,-0.1459999978542328,2.9,-9.7,292.9,1500,1499,1500,1500,1499,1500,180,180,MANUAL (Remote),,0.0
2026-08-10T11:10:05.284,1786335005.284746,-0.1459999978542328,2.9,-9.7,292.9,1500,1499,1500,1500,1499,1500,180,180,MANUAL (Remote),,0.0
2026-08-10T11:10:05.784,1786335005.784804,-0.1459999978542328,2.9,-9.7,292.9,1500,1499,1500,1500,1499,1500,180,180,MANUAL (Remote),,0.0
2026-08-10T11:10:06.284,1786335006.2847,-0.1459999978542328,2.9,-9.7,292.9,1500,1499,1500,1500,1499,1500,180,180,MANUAL (Remote),,0.0
2026-08-10T11:10:06.784,1786335006.784728,-0.1459999978542328,2.9,-9.7,292.9,1500,1499,1500,1500,1499,1500,180,180,MANUAL (Remote),,0.0
2026-08-10T11:10:07.284,1786335007.284849,-0.1459999978542328,2.9,-9.7,292.9,1500,1499,1500,1500,1499,1500,180,180,MANUAL (Remote),,0.0
2026-08-10T11:10:07.784,1786335007.78475,-0.1459999978542328,2.9,-9.7,292.9,1500,1499,1500,1500,1499,1500,180,180,MANUAL (Remote),,0.0
2026-08-10T11:10:08.284,1786335008.284668,-0.1459999978542328,2.9,-9.7,292.9,1500,1499,1500,1500,1499,1500,180,180,MANUAL (Remote),,0.0
2026-08-10T11:10:08.784,1786335008.784693,-0.1459999978542328,2.9,-9.7,292.9,1500,1499,1500,1500,1499,1500,180,180,MANUAL (Remote),,0.0
2026-08-10T11:10:09.284,1786335009.284726,-0.1459999978542328,2.9,-9.7,292.9,1500,1499,1500,1500,1499,1500,180,180,MANUAL (Remote),,0.0
2026-08-10T11:10:09.784,1786335009.784759,-0.1459999978542328,2.9,-9.7,292.9,1500,1499,1500,1500,1499,1500,180,180,MANUAL (Remote),,0.0
2026-08-10T11:10:10.284,1786335010.284715,-0.1459999978542328,2.9,-9.7,292.9,1500,1499,1500,1500,1499,1500,180,180,MANUAL (Remote),,0.0
2026-08-10T11:10:10.784,1786335010.784758,-0.1459999978542328,2.9,-9.7,292.9,1500,1499,1500,1500,1499,1500,180,180,MANUAL (Remote),,0.0
2026-08-10T11:10:11.284,1786335011.284727,-0.1459999978542328,2.9,-9.7,292.9,1500,1499,1500,1500,1499,1500,180,180,MANUAL (Remote),,0.0
2026-08-10T11:10:11.784,1786335011.784698,-0.1459999978542328,2.9,-9.7,292.9,1500,1499,1500,1500,1499,1500,180,180,MANUAL (Remote),,0.0
2026-08-10T11:10:12.284,1786335012.284764,-0.1459999978542328,2.9,-9.7,292.9,1500,1499,1500,1500,1499,1500,180,180,MANUAL (Remote),,0.0
2026-08-10T11:10:12.784,1786335012.78468,-0.1459999978542328,2.9,-9.7,292.9,1500,1499,1500,1500,1499,1500,180,180,MANUAL (Remote),,0.0
2026-08-10T11:10:13.284,1786335013.284759,-0.1459999978542328,2.9,-9.7,292.9,1500,1499,1500,1500,1499,1500,180,180,MANUAL (Remote),,0.0
2026-08-10T11:10:13.784,1786335013.784673,-0.1459999978542328,2.9,-9.7,292.9,1500,1499,1500,1500,1499,1500,180,180,MANUAL (Remote),,0.0
2026-08-10T11:10:14.284,1786335014.284729,-0.1459999978542328,2.9,-9.7,292.9,1500,1499,1500,1500,1499,1500,180,180,MANUAL (Remote),,0.0
2026-08-10T11:10:14.784,1786335014.784707,-0.1459999978542328,2.9,-9.7,292.9,1500,1499,1500,1500,1499,1500,180,180,MANUAL (Remote),,0.0
2026-08-10T11:10:15.284,1786335015.284964,-0.1459999978542328,2.9,-9.7,292.9,1500,1499,1500,1500,1499,1500,180,180,MANUAL (Remote),,0.0
2026-08-10T11:10:15.784,1786335015.784702,-0.1459999978542328,2.9,-9.7,292.9,1500,1499,1500,1500,1499,1500,180,180,MANUAL (Remote),,0.0
2026-08-10T11:10:16.284,1786335016.28468,-0.1459999978542328,2.9,-9.7,292.9,1500,1499,1500,1500,1499,1500,180,180,MANUAL (Remote),,0.0
2026-08-10T11:10:16.784,1786335016.784744,-0.1459999978542328,2.9,-9.7,292.9,1500,1499,1500,1500,1499,1500,180,180,MANUAL (Remote),,0.0
2026-08-10T11:10:17.284,1786335017.284922,-0.1459999978542328,2.9,-9.7,292.9,1500,1499,1500,1500,1499,1500,180,180,MANUAL (Remote),,0.0
2026-08-10T11:10:17.784,1786335017.784709,-0.1459999978542328,2.9,-9.7,292.9,1500,1499,1500,1500,1499,1500,180,180,MANUAL (Remote),,0.0
2026-08-10T11:10:18.284,1786335018.284721,-0.1459999978542328,2.9,-9.7,292.9,1500,1499,1500,1500,1499,1500,180,180,MANUAL (Remote),,0.0
2026-08-10T11:10:18.784,1786335018.784736,-0.1459999978542328,2.9,-9.7,292.9,1500,1499,1500,1500,1499,1500,180,180,MANUAL (Remote),,0.0
2026-08-10T11:10:19.284,1786335019.284776,-0.1459999978542328,2.9,-9.7,292.9,1500,1499,1500,1500,1499,1500,180,180,MANUAL (Remote),,0.0
2026-08-10T11:10:19.784,1786335019.784705,-0.1459999978542328,2.9,-9.7,292.9,1500,1499,1500,1500,1499,1500,180,180,MANUAL (Remote),,0.0
2026-08-10T11:10:20.284,1786335020.284708,-0.1459999978542328,2.9,-9.7,292.9,1500,1499,1500,1500,1499,1500,180,180,MANUAL (Remote),,0.0
2026-08-10T11:10:20.784,1786335020.784724,-0.1459999978542328,2.9,-9.7,292.9,1500,1499,1500,1500,1499,1500,180,180,MANUAL (Remote),,0.0
2026-08-10T11:10:21.284,1786335021.284756,-0.1459999978542328,2.9,-9.7,292.9,1500,1499,1500,1500,1499,1500,180,180,MANUAL (Remote),,0.0
2026-08-10T11:10:21.784,1786335021.784731,-0.1459999978542328,2.9,-9.7,292.9,1500,1499,1500,1500,1499,1500,180,180,MANUAL (Remote),,0.0
2026-08-10T11:10:22.284,1786335022.28473,-0.1459999978542328,2.9,-9.7,292.9,1500,1499,1500,1500,1499,1500,180,180,MANUAL (Remote),,0.0
2026-08-10T11:10:22.784,1786335022.784677,-0.1459999978542328,2.9,-9.7,292.9,1500,1499,1500,1500,1499,1500,180,180,MANUAL (Remote),,0.0
2026-08-10T11:10:23.284,1786335023.284819,-0.1459999978542328,2.9,-9.7,292.9,1500,1499,1500,1500,1499,1500,180,180,MANUAL (Remote),,0.0
2026-08-10T11:10:23.784,1786335023.784816,-0.1459999978542328,2.9,-9.7,292.9,1500,1499,1500,1500,1499,1500,180,180,MANUAL (Remote),,0.0
2026-08-10T11:10:24.284,1786335024.284762,-0.1459999978542328,2.9,-9.7,292.9,1500,1499,1500,1500,1499,1500,180,180,MANUAL (Remote),,0.0
2026-08-10T11:10:24.784,1786335024.78476,-0.1459999978542328,2.9,-9.7,292.9,1500,1499,1500,1500,1499,1500,180,180,MANUAL (Remote),,0.0
2026-08-10T11:10:25.284,1786335025.284693,-0.1459999978542328,2.9,-9.7,292.9,1500,1499,1500,1500,1499,1500,180,180,MANUAL (Remote),,0.0
2026-08-10T11:10:25.784,1786335025.784697,-0.1459999978542328,2.9,-9.7,292.9,1500,1499,1500,1500,1499,1500,180,180,MANUAL (Remote),,0.0
2026-08-10T11:10:26.284,1786335026.284797,-0.1459999978542328,2.9,-9.7,292.9,1500,1499,1500,1500,1499,1500,180,180,MANUAL (Remote),,0.0
2026-08-10T11:10:26.784,1786335026.784772,-0.1459999978542328,2.9,-9.7,292.9,1500,1499,1500,1500,1499,1500,180,180,MANUAL (Remote),,0.0
2026-08-10T11:10:27.284,1786335027.284937,-0.1459999978542328,2.9,-9.7,292.9,1500,1499,1500,1500,1499,1500,180,180,MANUAL (Remote),,0.0
2026-08-10T11:10:27.784,1786335027.7847,-0.1459999978542328,2.9,-9.7,292.9,1500,1499,1500,1500,1499,1500,180,180,MANUAL (Remote),,0.0
2026-08-10T11:10:28.284,1786335028.284754,-0.1459999978542328,2.9,-9.7,292.9,1500,1499,1500,1500,1499,1500,180,180,MANUAL (Remote),,0.0
2026-08-10T11:10:28.784,1786335028.784749,-0.1459999978542328,2.9,-9.7,292.9,1500,1499,1500,1500,1499,1500,180,180,MANUAL (Remote),,0.0
2026-08-10T11:10:29.284,1786335029.284702,-0.1459999978542328,2.9,-9.7,292.9,1500,1499,1500,1500,1499,1500,180,180,MANUAL (Remote),,0.0
2026-08-10T11:10:29.784,1786335029.784936,-0.1459999978542328,2.9,-9.7,292.9,1500,1499,1500,1500,1499,1500,180,180,MANUAL (Remote),,0.0
2026-08-10T11:10:30.284,1786335030.284985,-0.1459999978542328,2.9,-9.7,292.9,1500,1499,1500,1500,1499,1500,180,180,MANUAL (Remote),,0.0
2026-08-10T11:10:30.784,1786335030.784742,-0.1459999978542328,2.9,-9.7,292.9,1500,1499,1500,1500,1499,1500,180,180,MANUAL (Remote),,0.0
2026-08-10T11:10:31.284,1786335031.28471,-0.1459999978542328,2.9,-9.7,292.9,1500,1499,1500,1500,1499,1500,180,180,MANUAL (Remote),,0.0
2026-08-10T11:10:31.784,1786335031.784705,-0.1459999978542328,2.9,-9.7,292.9,1500,1499,1500,1500,1499,1500,180,180,MANUAL (Remote),,0.0
2026-08-10T11:10:32.284,1786335032.28484,-0.1459999978542328,2.9,-9.7,292.9,1500,1499,1500,1500,1499,1500,180,180,MANUAL (Remote),,0.0
2026-08-10T11:10:32.784,1786335032.784791,-0.1459999978542328,2.9,-9.7,292.9,1500,1499,1500,1500,1499,1500,180,180,MANUAL (Remote),,0.0
2026-08-10T11:10:33.284,1786335033.284842,-0.1459999978542328,2.9,-9.7,292.9,1500,1499,1500,1500,1499,1500,180,180,MANUAL (Remote),,0.0
2026-08-10T11:10:33.784,1786335033.784719,-0.1459999978542328,2.9,-9.7,292.9,1500,1499,1500,1500,1499,1500,180,180,MANUAL (Remote),,0.0
2026-08-10T11:10:34.284,1786335034.284656,-0.1459999978542328,2.9,-9.7,292.9,1500,1499,1500,1500,1499,1500,180,180,MANUAL (Remote),,0.0
2026-08-10T11:10:34.784,1786335034.784735,-0.1459999978542328,2.9,-9.7,292.9,1500,1499,1500,1500,1499,1500,180,180,MANUAL (Remote),,0.0
2026-08-10T11:10:35.284,1786335035.28478,-0.1459999978542328,2.9,-9.7,292.9,1500,1499,1500,1500,1499,1500,180,180,MANUAL (Remote),,0.0
2026-08-10T11:10:35.784,1786335035.784841,-0.1459999978542328,2.9,-9.7,292.9,1500,1499,1500,1500,1499,1500,180,180,MANUAL (Remote),,0.0
2026-08-10T11:10:36.284,1786335036.284825,-0.1459999978542328,2.9,-9.7,292.9,1500,1499,1500,1500,1499,1500,180,180,MANUAL (Remote),,0.0
2026-08-10T11:10:36.784,1786335036.784686,-0.1459999978542328,2.9,-9.7,292.9,1500,1499,1500,1500,1499,1500,180,180,MANUAL (Remote),,0.0
2026-08-10T11:10:37.284,1786335037.284691,-0.1459999978542328,2.9,-9.7,292.9,1500,1499,1500,1500,1499,1500,180,180,MANUAL (Remote),,0.0
2026-08-10T11:10:37.784,1786335037.784706,-0.1459999978542328,2.9,-9.7,292.9,1500,1499,1500,1500,1499,1500,180,180,MANUAL (Remote),,0.0
2026-08-10T11:10:38.284,1786335038.284701,-0.1459999978542328,2.9,-9.7,292.9,1500,1499,1500,1500,1499,1500,180,180,MANUAL (Remote),,0.0
2026-08-10T11:10:38.784,1786335038.784758,-0.1459999978542328,2.9,-9.7,292.9,1500,1499,1500,1500,1499,1500,180,180,MANUAL (Remote),,0.0
2026-08-10T11:10:39.284,1786335039.284716,-0.1459999978542328,2.9,-9.7,292.9,1500,1499,1500,1500,1499,1500,180,180,MANUAL (Remote),,0.0
2026-08-10T11:10:39.784,1786335039.784702,-0.1459999978542328,2.9,-9.7,292.9,1500,1499,1500,1500,1499,1500,180,180,MANUAL (Remote),,0.0
2026-08-10T11:10:40.284,1786335040.284751,-0.1459999978542328,2.9,-9.7,292.9,1500,1499,1500,1500,1499,1500,180,180,MANUAL (Remote),,0.0
2026-08-10T11:10:40.784,1786335040.784718,-0.1459999978542328,2.9,-9.7,292.9,1500,1499,1500,1500,1499,1500,180,180,MANUAL (Remote),,0.0
2026-08-10T11:10:41.284,1786335041.284776,-0.1459999978542328,2.9,-9.7,292.9,1500,1499,1500,1500,1499,1500,180,180,MANUAL (Remote),,0.0
2026-08-10T11:10:41.784,1786335041.784783,-0.1459999978542328,2.9,-9.7,292.9,1500,1499,1500,1500,1499,1500,180,180,MANUAL (Remote),,0.0
2026-08-10T11:10:42.284,1786335042.284723,-0.1459999978542328,2.9,-9.7,292.9,1500,1499,1500,1500,1499,1500,180,180,MANUAL (Remote),,0.0
2026-08-10T11:10:42.784,1786335042.78481,-0.1459999978542328,2.9,-9.7,292.9,1500,1499,1500,1500,1499,1500,180,180,MANUAL (Remote),,0.0
2026-08-10T11:10:43.284,1786335043.284742,-0.1459999978542328,2.9,-9.7,292.9,1500,1499,1500,1500,1499,1500,180,180,MANUAL (Remote),,0.0
2026-08-10T11:10:43.784,1786335043.784784,-0.1459999978542328,2.9,-9.7,292.9,1500,1499,1500,1500,1499,1500,180,180,MANUAL (Remote),,0.0
2026-08-10T11:10:44.284,1786335044.284661,-0.1459999978542328,2.9,-9.7,292.9,1500,1499,1500,1500,1499,1500,180,180,MANUAL (Remote),,0.0
2026-08-10T11:10:44.784,1786335044.784692,-0.1459999978542328,2.9,-9.7,292.9,1500,1499,1500,1500,1499,1500,180,180,MANUAL (Remote),,0.0
2026-08-10T11:10:45.284,1786335045.284679,-0.1459999978542328,2.9,-9.7,292.9,1500,1499,1500,1500,1499,1500,180,180,MANUAL (Remote),,0.0
2026-08-10T11:10:45.784,1786335045.784681,-0.1459999978542328,2.9,-9.7,292.9,1500,1499,1500,1500,1499,1500,180,180,MANUAL (Remote),,0.0
2026-08-10T11:10:46.284,1786335046.284688,-0.1459999978542328,2.9,-9.7,292.9,1500,1499,1500,1500,1499,1500,180,180,MANUAL (Remote),,0.0
2026-08-10T11:10:46.784,1786335046.784724,-0.1459999978542328,2.9,-9.7,292.9,1500,1499,1500,1500,1499,1500,180,180,MANUAL (Remote),,0.0
2026-08-10T11:10:47.284,1786335047.284769,-0.1459999978542328,2.9,-9.7,292.9,1500,1499,1500,1500,1499,1500,180,180,MANUAL (Remote),,0.0
2026-08-10T11:10:47.784,1786335047.784744,-0.1459999978542328,2.9,-9.7,292.9,1500,1499,1500,1500,1499,1500,180,180,MANUAL (Remote),,0.0
2026-08-10T11:10:48.284,1786335048.284727,-0.1459999978542328,2.9,-9.7,292.9,1500,1499,1500,1500,1499,1500,180,180,MANUAL (Remote),,0.0
2026-08-10T11:10:48.784,1786335048.784729,-0.1459999978542328,2.9,-9.7,292.9,1500,1499,1500,1500,1499,1500,180,180,MANUAL (Remote),,0.0
2026-08-10T11:10:49.284,1786335049.284756,-0.1459999978542328,2.9,-9.7,292.9,1500,1499,1500,1500,1499,1500,180,180,MANUAL (Remote),,0.0
2026-08-10T11:10:49.784,1786335049.784708,-0.1459999978542328,2.9,-9.7,292.9,1500,1499,1500,1500,1499,1500,180,180,MANUAL (Remote),,0.0
2026-08-10T11:10:50.284,1786335050.284691,-0.1459999978542328,2.9,-9.7,292.9,1500,1499,1500,1500,1499,1500,180,180,MANUAL (Remote),,0.0
2026-08-10T11:10:50.784,1786335050.784731,-0.1459999978542328,2.9,-9.7,292.9,1500,1499,1500,1500,1499,1500,180,180,MANUAL (Remote),,0.0
2026-08-10T11:10:51.284,1786335051.2847,-0.1459999978542328,2.9,-9.7,292.9,1500,1499,1500,1500,1499,1500,180,180,MANUAL (Remote),,0.0
2026-08-10T11:10:51.784,1786335051.78483,-0.1459999978542328,2.9,-9.7,292.9,1500,1499,1500,1500,1499,1500,180,180,MANUAL (Remote),,0.0
2026-08-10T11:10:52.284,1786335052.284779,-0.1459999978542328,2.9,-9.7,292.9,1500,1499,1500,1500,1499,1500,180,180,MANUAL (Remote),,0.0
2026-08-10T11:10:52.784,1786335052.784761,-0.1459999978542328,2.9,-9.7,292.9,1500,1499,1500,1500,1499,1500,180,180,MANUAL (Remote),,0.0
2026-08-10T11:10:53.284,1786335053.284723,-0.1459999978542328,2.9,-9.7,292.9,1500,1499,1500,1500,1499,1500,180,180,MANUAL (Remote),,0.0
2026-08-10T11:10:53.784,1786335053.784675,-0.1459999978542328,2.9,-9.7,292.9,1500,1499,1500,1500,1499,1500,180,180,MANUAL (Remote),,0.0
2026-08-10T11:10:54.284,1786335054.284725,-0.1459999978542328,2.9,-9.7,292.9,1500,1499,1500,1500,1499,1500,180,180,MANUAL (Remote),,0.0
2026-08-10T11:10:54.784,1786335054.784725,-0.1459999978542328,2.9,-9.7,292.9,1500,1499,1500,1500,1499,1500,180,180,MANUAL (Remote),,0.0
2026-08-10T11:10:55.284,1786335055.284689,-0.1459999978542328,2.9,-9.7,292.9,1500,1499,1500,1500,1499,1500,180,180,MANUAL (Remote),,0.0
2026-08-10T11:10:55.784,1786335055.78477,-0.1459999978542328,2.9,-9.7,292.9,1500,1499,1500,1500,1499,1500,180,180,MANUAL (Remote),,0.0
2026-08-10T11:10:56.284,1786335056.284781,-0.1459999978542328,2.9,-9.7,292.9,1500,1499,1500,1500,1499,1500,180,180,MANUAL (Remote),,0.0
2026-08-10T11:10:56.784,1786335056.784749,-0.1459999978542328,2.9,-9.7,292.9,1500,1499,1500,1500,1499,1500,180,180,MANUAL (Remote),,0.0
2026-08-10T11:10:57.284,1786335057.284757,-0.1459999978542328,2.9,-9.7,292.9,1500,1499,1500,1500,1499,1500,180,180,MANUAL (Remote),,0.0
2026-08-10T11:10:57.784,1786335057.784725,-0.1459999978542328,2.9,-9.7,292.9,1500,1499,1500,1500,1499,1500,180,180,MANUAL (Remote),,0.0
2026-08-10T11:10:58.284,1786335058.284719,-0.1459999978542328,2.9,-9.7,292.9,1500,1499,1500,1500,1499,1500,180,180,MANUAL (Remote),,0.0
2026-08-10T11:10:58.784,1786335058.784736,-0.1459999978542328,2.9,-9.7,292.9,1500,1499,1500,1500,1499,1500,180,180,MANUAL (Remote),,0.0
2026-08-10T11:10:59.284,1786335059.284789,-0.1459999978542328,2.9,-9.7,292.9,1500,1499,1500,1500,1499,1500,180,180,MANUAL (Remote),,0.0
2026-08-10T11:10:59.784,1786335059.784864,-0.1459999978542328,2.9,-9.7,292.9,1500,1499,1500,1500,1499,1500,180,180,MANUAL (Remote),,0.0
2026-08-10T11:11:00.284,1786335060.284833,-0.1459999978542328,2.9,-9.7,292.9,1500,1499,1500,1500,1499,1500,180,180,MANUAL (Remote),,0.0
2026-08-10T11:11:00.784,1786335060.784882,-0.1459999978542328,2.9,-9.7,292.9,1500,1499,1500,1500,1499,1500,180,180,MANUAL (Remote),,0.0
2026-08-10T11:11:01.284,1786335061.284729,-0.1459999978542328,2.9,-9.7,292.9,1500,1499,1500,1500,1499,1500,180,180,MANUAL (Remote),,0.0
2026-08-10T11:11:01.784,1786335061.784697,-0.1459999978542328,2.9,-9.7,292.9,1500,1499,1500,1500,1499,1500,180,180,MANUAL (Remote),,0.0
2026-08-10T11:11:02.284,1786335062.284696,-0.1459999978542328,2.9,-9.7,292.9,1500,1499,1500,1500,1499,1500,180,180,MANUAL (Remote),,0.0
2026-08-10T11:11:02.784,1786335062.784668,-0.1459999978542328,2.9,-9.7,292.9,1500,1499,1500,1500,1499,1500,180,180,MANUAL (Remote),,0.0
2026-08-10T11:11:03.284,1786335063.284778,-0.1459999978542328,2.9,-9.7,292.9,1500,1499,1500,1500,1499,1500,180,180,MANUAL (Remote),,0.0
2026-08-10T11:11:03.784,1786335063.784691,-0.1459999978542328,2.9,-9.7,292.9,1500,1499,1500,1500,1499,1500,180,180,MANUAL (Remote),,0.0
2026-08-10T11:11:04.284,1786335064.284824,-0.1459999978542328,2.9,-9.7,292.9,1500,1499,1500,1500,1499,1500,180,180,MANUAL (Remote),,0.0
2026-08-10T11:11:04.784,1786335064.784841,-0.1459999978542328,2.9,-9.7,292.9,1500,1499,1500,1500,1499,1500,180,180,MANUAL (Remote),,0.0
2026-08-10T11:11:05.284,1786335065.284823,-0.1459999978542328,2.9,-9.7,292.9,1500,1499,1500,1500,1499,1500,180,180,MANUAL (Remote),,0.0
2026-08-10T11:11:05.784,1786335065.784781,-0.1459999978542328,2.9,-9.7,292.9,1500,1499,1500,1500,1499,1500,180,180,MANUAL (Remote),,0.0
2026-08-10T11:11:06.284,1786335066.284767,-0.1459999978542328,2.9,-9.7,292.9,1500,1499,1500,1500,1499,1500,180,180,MANUAL (Remote),,0.0
2026-08-10T11:11:06.784,1786335066.784778,-0.1459999978542328,2.9,-9.7,292.9,1500,1499,1500,1500,1499,1500,180,180,MANUAL (Remote),,0.0
2026-08-10T11:11:07.284,1786335067.284748,-0.1459999978542328,2.9,-9.7,292.9,1500,1499,1500,1500,1499,1500,180,180,MANUAL (Remote),,0.0
2026-08-10T11:11:07.784,1786335067.784756,-0.1459999978542328,2.9,-9.7,292.9,1500,1499,1500,1500,1499,1500,180,180,MANUAL (Remote),,0.0
2026-08-10T11:11:08.284,1786335068.284662,-0.1459999978542328,2.9,-9.7,292.9,1500,1499,1500,1500,1499,1500,180,180,MANUAL (Remote),,0.0
2026-08-10T11:11:08.784,1786335068.784731,-0.1459999978542328,2.9,-9.7,292.9,1500,1499,1500,1500,1499,1500,180,180,MANUAL (Remote),,0.0
2026-08-10T11:11:09.284,1786335069.284748,-0.1459999978542328,2.9,-9.7,292.9,1500,1499,1500,1500,1499,1500,180,180,MANUAL (Remote),,0.0
2026-08-10T11:11:09.784,1786335069.784702,-0.1459999978542328,2.9,-9.7,292.9,1500,1499,1500,1500,1499,1500,180,180,MANUAL (Remote),,0.0
2026-08-10T11:11:10.284,1786335070.284708,-0.1459999978542328,2.9,-9.7,292.9,1500,1499,1500,1500,1499,1500,180,180,MANUAL (Remote),,0.0
2026-08-10T11:11:10.784,1786335070.784728,-0.1459999978542328,2.9,-9.7,292.9,1500,1499,1500,1500,1499,1500,180,180,MANUAL (Remote),,0.0
2026-08-10T11:11:11.284,1786335071.284748,-0.1459999978542328,2.9,-9.7,292.9,1500,1499,1500,1500,1499,1500,180,180,MANUAL (Remote),,0.0
2026-08-10T11:11:11.784,1786335071.784713,-0.1459999978542328,2.9,-9.7,292.9,1500,1499,1500,1500,1499,1500,180,180,MANUAL (Remote),,0.0
2026-08-10T11:11:12.284,1786335072.284773,-0.1459999978542328,2.9,-9.7,292.9,1500,1499,1500,1500,1499,1500,180,180,MANUAL (Remote),,0.0
2026-08-10T11:11:12.784,1786335072.784725,-0.1459999978542328,2.9,-9.7,292.9,1500,1499,1500,1500,1499,1500,180,180,MANUAL (Remote),,0.0
2026-08-10T11:11:13.284,1786335073.284831,-0.1459999978542328,2.9,-9.7,292.9,1500,1499,1500,1500,1499,1500,180,180,MANUAL (Remote),,0.0
2026-08-10T11:11:13.784,1786335073.784737,-0.1459999978542328,2.9,-9.7,292.9,1500,1499,1500,1500,1499,1500,180,180,MANUAL (Remote),,0.0
2026-08-10T11:11:14.284,1786335074.284703,-0.1459999978542328,2.9,-9.7,292.9,1500,1499,1500,1500,1499,1500,180,180,MANUAL (Remote),,0.0
2026-08-10T11:11:14.784,1786335074.784724,-0.1459999978542328,2.9,-9.7,292.9,1500,1499,1500,1500,1499,1500,180,180,MANUAL (Remote),,0.0
2026-08-10T11:11:15.284,1786335075.284706,-0.1459999978542328,2.9,-9.7,292.9,1500,1499,1500,1500,1499,1500,180,180,MANUAL (Remote),,0.0
2026-08-10T11:11:15.784,1786335075.78471,-0.1459999978542328,2.9,-9.7,292.9,1500,1499,1500,1500,1499,1500,180,180,MANUAL (Remote),,0.0
2026-08-10T11:11:16.284,1786335076.284712,-0.1459999978542328,2.9,-9.7,292.9,1500,1499,1500,1500,1499,1500,180,180,MANUAL (Remote),,0.0
2026-08-10T11:11:16.784,1786335076.784742,-0.1459999978542328,2.9,-9.7,292.9,1500,1499,1500,1500,1499,1500,180,180,MANUAL (Remote),,0.0
2026-08-10T11:11:17.284,1786335077.284987,-0.1459999978542328,2.9,-9.7,292.9,1500,1499,1500,1500,1499,1500,180,180,MANUAL (Remote),,0.0
2026-08-10T11:11:17.784,1786335077.78497,-0.1459999978542328,2.9,-9.7,292.9,1500,1499,1500,1500,1499,1500,180,180,MANUAL (Remote),,0.0
2026-08-10T11:11:18.284,1786335078.284738,-0.1459999978542328,2.9,-9.7,292.9,1500,1499,1500,1500,1499,1500,180,180,MANUAL (Remote),,0.0
2026-08-10T11:11:18.784,1786335078.78472,-0.1459999978542328,2.9,-9.7,292.9,1500,1499,1500,1500,1499,1500,180,180,MANUAL (Remote),,0.0
2026-08-10T11:11:19.284,1786335079.284724,-0.1459999978542328,2.9,-9.7,292.9,1500,1499,1500,1500,1499,1500,180,180,MANUAL (Remote),,0.0
2026-08-10T11:11:19.784,1786335079.784734,-0.1459999978542328,2.9,-9.7,292.9,1500,1499,1500,1500,1499,1500,180,180,MANUAL (Remote),,0.0
2026-08-10T11:11:20.284,1786335080.284698,-0.1459999978542328,2.9,-9.7,292.9,1500,1499,1500,1500,1499,1500,180,180,MANUAL (Remote),,0.0
2026-08-10T11:11:20.784,1786335080.784716,-0.1459999978542328,2.9,-9.7,292.9,1500,1499,1500,1500,1499,1500,180,180,MANUAL (Remote),,0.0
2026-08-10T11:11:21.284,1786335081.284744,-0.1459999978542328,2.9,-9.7,292.9,1500,1499,1500,1500,1499,1500,180,180,MANUAL (Remote),,0.0
2026-08-10T11:11:21.784,1786335081.784732,-0.1459999978542328,2.9,-9.7,292.9,1500,1499,1500,1500,1499,1500,180,180,MANUAL (Remote),,0.0
2026-08-10T11:11:22.284,1786335082.284706,-0.1459999978542328,2.9,-9.7,292.9,1500,1499,1500,1500,1499,1500,180,180,MANUAL (Remote),,0.0
2026-08-10T11:11:22.784,1786335082.784788,-0.1459999978542328,2.9,-9.7,292.9,1500,1499,1500,1500,1499,1500,180,180,MANUAL (Remote),,0.0
2026-08-10T11:11:23.284,1786335083.284762,-0.1459999978542328,2.9,-9.7,292.9,1500,1499,1500,1500,1499,1500,180,180,MANUAL (Remote),,0.0
2026-08-10T11:11:23.784,1786335083.78475,-0.1459999978542328,2.9,-9.7,292.9,1500,1499,1500,1500,1499,1500,180,180,MANUAL (Remote),,0.0
2026-08-10T11:11:24.284,1786335084.284702,-0.1459999978542328,2.9,-9.7,292.9,1500,1499,1500,1500,1499,1500,180,180,MANUAL (Remote),,0.0
2026-08-10T11:11:24.784,1786335084.784739,-0.1459999978542328,2.9,-9.7,292.9,1500,1499,1500,1500,1499,1500,180,180,MANUAL (Remote),,0.0
2026-08-10T11:11:25.284,1786335085.284749,-0.1459999978542328,2.9,-9.7,292.9,1500,1499,1500,1500,1499,1500,180,180,MANUAL (Remote),,0.0
2026-08-10T11:11:25.784,1786335085.784716,-0.1459999978542328,2.9,-9.7,292.9,1500,1499,1500,1500,1499,1500,180,180,MANUAL (Remote),,0.0
2026-08-10T11:11:26.284,1786335086.284679,-0.1459999978542328,2.9,-9.7,292.9,1500,1499,1500,1500,1499,1500,180,180,MANUAL (Remote),,0.0
2026-08-10T11:11:26.784,1786335086.784788,-0.1459999978542328,2.9,-9.7,292.9,1500,1499,1500,1500,1499,1500,180,180,MANUAL (Remote),,0.0
2026-08-10T11:11:27.284,1786335087.284724,-0.1459999978542328,2.9,-9.7,292.9,1500,1499,1500,1500,1499,1500,180,180,MANUAL (Remote),,0.0
2026-08-10T11:11:27.784,1786335087.784666,-0.1459999978542328,2.9,-9.7,292.9,1500,1499,1500,1500,1499,1500,180,180,MANUAL (Remote),,0.0
2026-08-10T11:11:28.284,1786335088.284801,-0.1459999978542328,2.9,-9.7,292.9,1500,1499,1500,1500,1499,1500,180,180,MANUAL (Remote),,0.0
2026-08-10T11:11:28.784,1786335088.784739,-0.1459999978542328,2.9,-9.7,292.9,1500,1499,1500,1500,1499,1500,180,180,MANUAL (Remote),,0.0
2026-08-10T11:11:29.284,1786335089.284778,-0.1459999978542328,2.9,-9.7,292.9,1500,1499,1500,1500,1499,1500,180,180,MANUAL (Remote),,0.0
2026-08-10T11:11:29.784,1786335089.784931,-0.1459999978542328,2.9,-9.7,292.9,1500,1499,1500,1500,1499,1500,180,180,MANUAL (Remote),,0.0
2026-08-10T11:11:30.284,1786335090.284903,-0.1459999978542328,2.9,-9.7,292.9,1500,1499,1500,1500,1499,1500,180,180,MANUAL (Remote),,0.0
2026-08-10T11:11:30.784,1786335090.784768,-0.1459999978542328,2.9,-9.7,292.9,1500,1499,1500,1500,1499,1500,180,180,MANUAL (Remote),,0.0
2026-08-10T11:11:31.284,1786335091.284834,-0.1459999978542328,2.9,-9.7,292.9,1500,1499,1500,1500,1499,1500,180,180,MANUAL (Remote),,0.0
2026-08-10T11:11:31.784,1786335091.784781,-0.1459999978542328,2.9,-9.7,292.9,1500,1499,1500,1500,1499,1500,180,180,MANUAL (Remote),,0.0
2026-08-10T11:11:32.284,1786335092.284811,-0.1459999978542328,2.9,-9.7,292.9,1500,1499,1500,1500,1499,1500,180,180,MANUAL (Remote),,0.0
2026-08-10T11:11:32.784,1786335092.784801,-0.1459999978542328,2.9,-9.7,292.9,1500,1499,1500,1500,1499,1500,180,180,MANUAL (Remote),,0.0
2026-08-10T11:11:33.284,1786335093.284725,-0.1459999978542328,2.9,-9.7,292.9,1500,1499,1500,1500,1499,1500,180,180,MANUAL (Remote),,0.0
2026-08-10T11:11:33.784,1786335093.784735,-0.1459999978542328,2.9,-9.7,292.9,1500,1499,1500,1500,1499,1500,180,180,MANUAL (Remote),,0.0
2026-08-10T11:11:34.284,1786335094.284767,-0.1459999978542328,2.9,-9.7,292.9,1500,1499,1500,1500,1499,1500,180,180,MANUAL (Remote),,0.0
2026-08-10T11:11:34.784,1786335094.784776,-0.1459999978542328,2.9,-9.7,292.9,1500,1499,1500,1500,1499,1500,180,180,MANUAL (Remote),,0.0
2026-08-10T11:11:35.284,1786335095.284926,-0.1459999978542328,2.9,-9.7,292.9,1500,1499,1500,1500,1499,1500,180,180,MANUAL (Remote),,0.0
2026-08-10T11:11:35.784,1786335095.784826,-0.1459999978542328,2.9,-9.7,292.9,1500,1499,1500,1500,1499,1500,180,180,MANUAL (Remote),,0.0
2026-08-10T11:11:36.284,1786335096.284763,-0.1459999978542328,2.9,-9.7,292.9,1500,1499,1500,1500,1499,1500,180,180,MANUAL (Remote),,0.0
2026-08-10T11:11:36.784,1786335096.784751,-0.1459999978542328,2.9,-9.7,292.9,1500,1499,1500,1500,1499,1500,180,180,MANUAL (Remote),,0.0
2026-08-10T11:11:37.284,1786335097.284775,-0.1459999978542328,2.9,-9.7,292.9,1500,1499,1500,1500,1499,1500,180,180,MANUAL (Remote),,0.0
2026-08-10T11:11:37.784,1786335097.784697,-0.1459999978542328,2.9,-9.7,292.9,1500,1499,1500,1500,1499,1500,180,180,MANUAL (Remote),,0.0
2026-08-10T11:11:38.284,1786335098.284757,-0.1459999978542328,2.9,-9.7,292.9,1500,1499,1500,1500,1499,1500,180,180,MANUAL (Remote),,0.0
2026-08-10T11:11:38.784,1786335098.784833,-0.1459999978542328,2.9,-9.7,292.9,1500,1499,1500,1500,1499,1500,180,180,MANUAL (Remote),,0.0
2026-08-10T11:11:39.284,1786335099.284691,-0.1459999978542328,2.9,-9.7,292.9,1500,1499,1500,1500,1499,1500,180,180,MANUAL (Remote),,0.0
2026-08-10T11:11:39.784,1786335099.7847,-0.1459999978542328,2.9,-9.7,292.9,1500,1499,1500,1500,1499,1500,180,180,MANUAL (Remote),,0.0
2026-08-10T11:11:40.284,1786335100.284696,-0.1459999978542328,2.9,-9.7,292.9,1500,1499,1500,1500,1499,1500,180,180,MANUAL (Remote),,0.0
2026-08-10T11:11:40.784,1786335100.784749,-0.1459999978542328,2.9,-9.7,292.9,1500,1499,1500,1500,1499,1500,180,180,MANUAL (Remote),,0.0
2026-08-10T11:11:41.284,1786335101.284957,-0.1459999978542328,2.9,-9.7,292.9,1500,1499,1500,1500,1499,1500,180,180,MANUAL (Remote),,0.0
2026-08-10T11:11:41.784,1786335101.784673,-0.1459999978542328,2.9,-9.7,292.9,1500,1499,1500,1500,1499,1500,180,180,MANUAL (Remote),,0.0
2026-08-10T11:11:42.284,1786335102.284807,-0.1459999978542328,2.9,-9.7,292.9,1500,1499,1500,1500,1499,1500,180,180,MANUAL (Remote),,0.0
2026-08-10T11:11:42.784,1786335102.78481,-0.1459999978542328,2.9,-9.7,292.9,1500,1499,1500,1500,1499,1500,180,180,MANUAL (Remote),,0.0
2026-08-10T11:11:43.284,1786335103.284724,-0.1459999978542328,2.9,-9.7,292.9,1500,1499,1500,1500,1499,1500,180,180,MANUAL (Remote),,0.0
2026-08-10T11:11:43.784,1786335103.784742,-0.1459999978542328,2.9,-9.7,292.9,1500,1499,1500,1500,1499,1500,180,180,MANUAL (Remote),,0.0
2026-08-10T11:11:44.284,1786335104.284697,-0.1459999978542328,2.9,-9.7,292.9,1500,1499,1500,1500,1499,1500,180,180,MANUAL (Remote),,0.0
2026-08-10T11:11:44.784,1786335104.784794,-0.1459999978542328,2.9,-9.7,292.9,1500,1499,1500,1500,1499,1500,180,180,MANUAL (Remote),,0.0
2026-08-10T11:11:45.284,1786335105.284819,-0.1459999978542328,2.9,-9.7,292.9,1500,1499,1500,1500,1499,1500,180,180,MANUAL (Remote),,0.0
2026-08-10T11:11:45.784,1786335105.784776,-0.1459999978542328,2.9,-9.7,292.9,1500,1499,1500,1500,1499,1500,180,180,MANUAL (Remote),,0.0
2026-08-10T11:11:46.284,1786335106.284824,-0.1459999978542328,2.9,-9.7,292.9,1500,1499,1500,1500,1499,1500,180,180,MANUAL (Remote),,0.0
2026-08-10T11:11:46.784,1786335106.78476,-0.1459999978542328,2.9,-9.7,292.9,1500,1499,1500,1500,1499,1500,180,180,MANUAL (Remote),,0.0
2026-08-10T11:11:47.284,1786335107.284707,-0.1459999978542328,2.9,-9.7,292.9,1500,1499,1500,1500,1499,1500,180,180,MANUAL (Remote),,0.0
2026-08-10T11:11:47.784,1786335107.784758,-0.1459999978542328,2.9,-9.7,292.9,1500,1499,1500,1500,1499,1500,180,180,MANUAL (Remote),,0.0
2026-08-10T11:11:48.284,1786335108.284863,-0.1459999978542328,2.9,-9.7,292.9,1500,1499,1500,1500,1499,1500,180,180,MANUAL (Remote),,0.0
2026-08-10T11:11:48.784,1786335108.784856,-0.1459999978542328,2.9,-9.7,292.9,1500,1499,1500,1500,1499,1500,180,180,MANUAL (Remote),,0.0
2026-08-10T11:11:49.284,1786335109.284709,-0.1459999978542328,2.9,-9.7,292.9,1500,1499,1500,1500,1499,1500,180,180,MANUAL (Remote),,0.0
2026-08-10T11:11:49.784,1786335109.784752,-0.1459999978542328,2.9,-9.7,292.9,1500,1499,1500,1500,1499,1500,180,180,MANUAL (Remote),,0.0
2026-08-10T11:11:50.284,1786335110.28475,-0.1459999978542328,2.9,-9.7,292.9,1500,1499,1500,1500,1499,1500,180,180,MANUAL (Remote),,0.0
2026-08-10T11:11:50.784,1786335110.784734,-0.1459999978542328,2.9,-9.7,292.9,1500,1499,1500,1500,1499,1500,180,180,MANUAL (Remote),,0.0
2026-08-10T11:11:51.284,1786335111.28468,-0.1459999978542328,2.9,-9.7,292.9,1500,1499,1500,1500,1499,1500,180,180,MANUAL (Remote),,0.0
2026-08-10T11:11:51.784,1786335111.784857,-0.1459999978542328,2.9,-9.7,292.9,1500,1499,1500,1500,1499,1500,180,180,MANUAL (Remote),,0.0
2026-08-10T11:11:52.284,1786335112.284843,-0.1459999978542328,2.9,-9.7,292.9,1500,1499,1500,1500,1499,1500,180,180,MANUAL (Remote),,0.0
2026-08-10T11:11:52.784,1786335112.784843,-0.1459999978542328,2.9,-9.7,292.9,1500,1499,1500,1500,1499,1500,180,180,MANUAL (Remote),,0.0
2026-08-10T11:11:53.284,1786335113.284853,-0.1459999978542328,2.9,-9.7,292.9,1500,1499,1500,1500,1499,1500,180,180,MANUAL (Remote),,0.0
2026-08-10T11:11:53.784,1786335113.784735,-0.1459999978542328,2.9,-9.7,292.9,1500,1499,1500,1500,1499,1500,180,180,MANUAL (Remote),,0.0
2026-08-10T11:11:54.285,1786335114.285721,-0.1459999978542328,2.9,-9.7,292.9,1500,1499,1500,1500,1499,1500,180,180,MANUAL (Remote),,0.0
2026-08-10T11:11:54.784,1786335114.784824,-0.1459999978542328,2.9,-9.7,292.9,1500,1499,1500,1500,1499,1500,180,180,MANUAL (Remote),,0.0
2026-08-10T11:11:55.287,1786335115.287192,-0.1459999978542328,2.9,-9.7,292.9,1500,1499,1500,1500,1499,1500,180,180,MANUAL (Remote),,0.0
2026-08-10T11:11:55.784,1786335115.784803,-0.1459999978542328,2.9,-9.7,292.9,1500,1499,1500,1500,1499,1500,180,180,MANUAL (Remote),,0.0
2026-08-10T11:11:56.284,1786335116.284811,-0.1459999978542328,2.9,-9.7,292.9,1500,1499,1500,1500,1499,1500,180,180,MANUAL (Remote),,0.0
2026-08-10T11:11:56.784,1786335116.784745,-0.1459999978542328,2.9,-9.7,292.9,1500,1499,1500,1500,1499,1500,180,180,MANUAL (Remote),,0.0
2026-08-10T11:11:57.284,1786335117.28484,-0.1459999978542328,2.9,-9.7,292.9,1500,1499,1500,1500,1499,1500,180,180,MANUAL (Remote),,0.0
2026-08-10T11:11:57.784,1786335117.78473,-0.1459999978542328,2.9,-9.7,292.9,1500,1499,1500,1500,1499,1500,180,180,MANUAL (Remote),,0.0
2026-08-10T11:11:58.284,1786335118.284817,-0.1459999978542328,2.9,-9.7,292.9,1500,1499,1500,1500,1499,1500,180,180,MANUAL (Remote),,0.0
2026-08-10T11:11:58.784,1786335118.784813,-0.1459999978542328,2.9,-9.7,292.9,1500,1499,1500,1500,1499,1500,180,180,MANUAL (Remote),,0.0
2026-08-10T11:11:59.284,1786335119.284791,-0.1459999978542328,2.9,-9.7,292.9,1500,1499,1500,1500,1499,1500,180,180,MANUAL (Remote),,0.0
2026-08-10T11:11:59.784,1786335119.784699,-0.1459999978542328,2.9,-9.7,292.9,1500,1499,1500,1500,1499,1500,180,180,MANUAL (Remote),,0.0
2026-08-10T11:12:00.284,1786335120.284828,-0.1459999978542328,2.9,-9.7,292.9,1500,1499,1500,1500,1499,1500,180,180,MANUAL (Remote),,0.0
2026-08-10T11:12:00.784,1786335120.784768,-0.1459999978542328,2.9,-9.7,292.9,1500,1499,1500,1500,1499,1500,180,180,MANUAL (Remote),,0.0
2026-08-10T11:12:01.284,1786335121.284855,-0.1459999978542328,2.9,-9.7,292.9,1500,1499,1500,1500,1499,1500,180,180,MANUAL (Remote),,0.0
2026-08-10T11:12:01.784,1786335121.784725,-0.1459999978542328,2.9,-9.7,292.9,1500,1499,1500,1500,1499,1500,180,180,MANUAL (Remote),,0.0
2026-08-10T11:12:02.284,1786335122.284864,-0.1459999978542328,2.9,-9.7,292.9,1500,1499,1500,1500,1499,1500,180,180,MANUAL (Remote),,0.0
2026-08-10T11:12:02.784,1786335122.78486,-0.1459999978542328,2.9,-9.7,292.9,1500,1499,1500,1500,1499,1500,180,180,MANUAL (Remote),,0.0
2026-08-10T11:12:03.284,1786335123.284947,-0.1459999978542328,2.9,-9.7,292.9,1500,1499,1500,1500,1499,1500,180,180,MANUAL (Remote),,0.0
2026-08-10T11:12:03.784,1786335123.784829,-0.1459999978542328,2.9,-9.7,292.9,1500,1499,1500,1500,1499,1500,180,180,MANUAL (Remote),,0.0
2026-08-10T11:12:04.285,1786335124.285921,-0.1459999978542328,2.9,-9.7,292.9,1500,1499,1500,1500,1499,1500,180,180,MANUAL (Remote),,0.0
2026-08-10T11:12:04.786,1786335124.786137,-0.1459999978542328,2.9,-9.7,292.9,1500,1499,1500,1500,1499,1500,180,180,MANUAL (Remote),,0.0
2026-08-10T11:12:05.284,1786335125.284794,-0.1459999978542328,2.9,-9.7,292.9,1500,1499,1500,1500,1499,1500,180,180,MANUAL (Remote),,0.0
2026-08-10T11:12:05.784,1786335125.784784,-0.1459999978542328,2.9,-9.7,292.9,1500,1499,1500,1500,1499,1500,180,180,MANUAL (Remote),,0.0
2026-08-10T11:12:06.284,1786335126.284809,-0.1459999978542328,2.9,-9.7,292.9,1500,1499,1500,1500,1499,1500,180,180,MANUAL (Remote),,0.0
2026-08-10T11:12:06.784,1786335126.784829,-0.1459999978542328,2.9,-9.7,292.9,1500,1499,1500,1500,1499,1500,180,180,MANUAL (Remote),,0.0
2026-08-10T11:12:07.284,1786335127.28472,-0.1459999978542328,2.9,-9.7,292.9,1500,1499,1500,1500,1499,1500,180,180,MANUAL (Remote),,0.0
2026-08-10T11:12:07.784,1786335127.784709,-0.1459999978542328,2.9,-9.7,292.9,1500,1499,1500,1500,1499,1500,180,180,MANUAL (Remote),,0.0
2026-08-10T11:12:08.284,1786335128.284729,-0.1459999978542328,2.9,-9.7,292.9,1500,1499,1500,1500,1499,1500,180,180,MANUAL (Remote),,0.0
2026-08-10T11:12:08.784,1786335128.784701,-0.1459999978542328,2.9,-9.7,292.9,1500,1499,1500,1500,1499,1500,180,180,MANUAL (Remote),,0.0
2026-08-10T11:12:09.284,1786335129.284716,-0.1459999978542328,2.9,-9.7,292.9,1500,1499,1500,1500,1499,1500,180,180,MANUAL (Remote),,0.0
2026-08-10T11:12:09.784,1786335129.784697,-0.1459999978542328,2.9,-9.7,292.9,1500,1499,1500,1500,1499,1500,180,180,MANUAL (Remote),,0.0
2026-08-10T11:12:10.284,1786335130.284682,-0.1459999978542328,2.9,-9.7,292.9,1500,1499,1500,1500,1499,1500,180,180,MANUAL (Remote),,0.0
2026-08-10T11:12:10.784,1786335130.784741,-0.1459999978542328,2.9,-9.7,292.9,1500,1499,1500,1500,1499,1500,180,180,MANUAL (Remote),,0.0
2026-08-10T11:12:11.284,1786335131.284728,-0.1459999978542328,2.9,-9.7,292.9,1500,1499,1500,1500,1499,1500,180,180,MANUAL (Remote),,0.0
2026-08-10T11:12:11.784,1786335131.784693,-0.1459999978542328,2.9,-9.7,292.9,1500,1499,1500,1500,1499,1500,180,180,MANUAL (Remote),,0.0
2026-08-10T11:12:12.284,1786335132.284744,-0.1459999978542328,2.9,-9.7,292.9,1500,1499,1500,1500,1499,1500,180,180,MANUAL (Remote),,0.0
2026-08-10T11:12:12.784,1786335132.784939,-0.1459999978542328,2.9,-9.7,292.9,1500,1499,1500,1500,1499,1500,180,180,MANUAL (Remote),,0.0
2026-08-10T11:12:13.285,1786335133.285043,-0.1459999978542328,2.9,-9.7,292.9,1500,1499,1500,1500,1499,1500,180,180,MANUAL (Remote),,0.0
2026-08-10T11:12:13.784,1786335133.784977,-0.1459999978542328,2.9,-9.7,292.9,1500,1499,1500,1500,1499,1500,180,180,MANUAL (Remote),,0.0
2026-08-10T11:12:14.285,1786335134.28502,-0.1459999978542328,2.9,-9.7,292.9,1500,1499,1500,1500,1499,1500,180,180,MANUAL (Remote),,0.0
2026-08-10T11:12:14.784,1786335134.784872,-0.1459999978542328,2.9,-9.7,292.9,1500,1499,1500,1500,1499,1500,180,180,MANUAL (Remote),,0.0
2026-08-10T11:12:15.284,1786335135.284736,-0.1459999978542328,2.9,-9.7,292.9,1500,1499,1500,1500,1499,1500,180,180,MANUAL (Remote),,0.0
2026-08-10T11:12:15.784,1786335135.784757,-0.1459999978542328,2.9,-9.7,292.9,1500,1499,1500,1500,1499,1500,180,180,MANUAL (Remote),,0.0
2026-08-10T11:12:16.284,1786335136.284707,-0.1459999978542328,2.9,-9.7,292.9,1500,1499,1500,1500,1499,1500,180,180,MANUAL (Remote),,0.0
2026-08-10T11:12:16.785,1786335136.785033,-0.1459999978542328,2.9,-9.7,292.9,1500,1499,1500,1500,1499,1500,180,180,MANUAL (Remote),,0.0
2026-08-10T11:12:17.284,1786335137.284726,-0.1459999978542328,2.9,-9.7,292.9,1500,1499,1500,1500,1499,1500,180,180,MANUAL (Remote),,0.0
2026-08-10T11:12:17.784,1786335137.784763,-0.1459999978542328,2.9,-9.7,292.9,1500,1499,1500,1500,1499,1500,180,180,MANUAL (Remote),,0.0
2026-08-10T11:12:18.284,1786335138.284819,-0.1459999978542328,2.9,-9.7,292.9,1500,1499,1500,1500,1499,1500,180,180,MANUAL (Remote),,0.0
2026-08-10T11:12:18.784,1786335138.784784,-0.16699999570846558,2.3,-9.4,136.7,1500,1499,1500,1500,1499,1500,180,180,MANUAL (Remote),,0.0
2026-08-10T11:12:19.284,1786335139.284725,-0.16599999368190765,-8.6,4.7,148.7,1500,1499,1500,1500,1499,1500,180,180,MANUAL (Remote),,0.0
2026-08-10T11:12:19.784,1786335139.784984,-0.16599999368190765,-17.9,15.5,158.2,1500,1499,1500,1500,1499,1500,180,180,MANUAL (Remote),,0.0
2026-08-10T11:12:20.284,1786335140.284783,-0.16699999570846558,-22.5,20.2,165.6,1500,1499,1500,1500,1499,1500,180,180,MANUAL (Remote),,0.0
2026-08-10T11:12:20.784,1786335140.784808,-0.16899999976158142,-25.1,21.5,174.5,1500,1499,1500,1500,1499,1500,180,180,MANUAL (Remote),,0.0
2026-08-10T11:12:21.284,1786335141.284767,-0.17100000381469727,-26.5,20.3,184.7,1500,1499,1500,1500,1499,1500,180,180,MANUAL (Remote),,0.0
2026-08-10T11:12:21.784,1786335141.784769,-0.1679999977350235,-27.0,17.4,196.1,1500,1716,1500,1500,1716,1500,180,180,MANUAL (Remote),,216.0
2026-08-10T11:12:22.284,1786335142.284846,-0.16500000655651093,-26.6,13.1,208.9,1500,1744,1500,1500,1744,1500,180,180,MANUAL (Remote),,244.0
2026-08-10T11:12:22.784,1786335142.784822,-0.16300000250339508,-25.9,8.0,221.2,1500,1899,1500,1500,1900,1500,180,180,MANUAL (Remote),,399.5
2026-08-10T11:12:23.284,1786335143.284741,-0.16599999368190765,-24.4,4.4,234.0,1500,1499,1500,1500,1499,1500,180,180,MANUAL (Remote),,0.0
2026-08-10T11:12:23.784,1786335143.784714,-0.16599999368190765,-20.9,-0.2,247.0,1500,1499,1500,1500,1499,1500,180,180,MANUAL (Remote),,0.0
2026-08-10T11:12:24.284,1786335144.284775,-0.16500000655651093,-16.9,-4.0,258.3,1500,1499,1500,1500,1499,1500,180,180,MANUAL (Remote),,0.0
2026-08-10T11:12:24.784,1786335144.784684,-0.16899999976158142,-12.8,-6.6,267.5,1500,1499,1500,1500,1499,1500,180,180,MANUAL (Remote),,0.0
2026-08-10T11:12:25.284,1786335145.284756,-0.1679999977350235,-9.5,-8.1,273.7,1500,1499,1500,1500,1499,1500,180,180,MANUAL (Remote),,0.0
2026-08-10T11:12:25.784,1786335145.784739,-0.16500000655651093,-6.3,-9.1,279.2,1500,1499,1500,1500,1499,1500,180,180,MANUAL (Remote),,0.0
2026-08-10T11:12:26.284,1786335146.284709,-0.16200000047683716,-3.8,-9.6,283.3,1500,1499,1500,1500,1499,1500,180,180,MANUAL (Remote),,0.0
2026-08-10T11:12:26.784,1786335146.784676,-0.16500000655651093,-1.9,-9.8,286.3,1500,1499,1500,1500,1499,1500,180,180,MANUAL (Remote),,0.0
2026-08-10T11:12:27.284,1786335147.284781,-0.16699999570846558,-0.5,-9.8,288.4,1500,1499,1500,1500,1499,1500,180,180,MANUAL (Remote),,0.0
2026-08-10T11:12:27.784,1786335147.784789,-0.17100000381469727,0.5,-9.8,289.9,1500,1499,1500,1500,1499,1500,180,180,MANUAL (Remote),,0.0
2026-08-10T11:12:28.284,1786335148.284752,-0.16300000250339508,1.1,-9.8,290.9,1500,1499,1500,1500,1499,1500,180,180,MANUAL (Remote),,0.0
2026-08-10T11:12:28.784,1786335148.784742,-0.16599999368190765,1.6,-9.7,291.7,1500,1499,1500,1500,1499,1500,180,180,MANUAL (Remote),,0.0
2026-08-10T11:12:29.284,1786335149.284773,-0.16300000250339508,2.0,-9.6,292.3,1500,1499,1500,1500,1499,1500,180,180,MANUAL (Remote),,0.0
2026-08-10T11:12:29.785,1786335149.785008,-0.164000004529953,2.2,-9.5,292.7,1500,1499,1500,1500,1499,1500,180,180,MANUAL (Remote),,0.0
2026-08-10T11:12:30.284,1786335150.28483,-0.16699999570846558,2.5,-9.5,293.0,1500,1499,1500,1500,1499,1500,180,180,MANUAL (Remote),,0.0
2026-08-10T11:12:30.784,1786335150.784775,-0.16699999570846558,2.6,-9.5,293.2,1500,1499,1500,1500,1499,1500,180,180,MANUAL (Remote),,0.0
2026-08-10T11:12:31.284,1786335151.284828,-0.16300000250339508,2.8,-9.5,293.3,1500,1499,1500,1500,1499,1500,180,180,MANUAL (Remote),,0.0
2026-08-10T11:12:31.784,1786335151.78474,-0.16699999570846558,2.9,-9.4,293.5,1500,1499,1500,1500,1499,1500,180,180,MANUAL (Remote),,0.0
2026-08-10T11:12:32.284,1786335152.284683,-0.16599999368190765,3.0,-9.3,293.6,1500,1499,1500,1500,1499,1500,180,180,MANUAL (Remote),,0.0
2026-08-10T11:12:32.784,1786335152.784778,-0.16699999570846558,2.8,-9.4,293.7,1500,1499,1500,1500,1499,1500,180,180,MANUAL (Remote),,0.0
2026-08-10T11:12:33.284,1786335153.284725,-0.16899999976158142,2.9,-9.2,293.7,1500,1499,1500,1500,1499,1500,180,180,MANUAL (Remote),,0.0
2026-08-10T11:12:33.784,1786335153.784741,-0.16699999570846558,2.9,-8.9,293.9,1500,1591,1500,1500,1591,1500,180,180,MANUAL (Remote),,91.0
2026-08-10T11:12:34.284,1786335154.284678,-0.16500000655651093,2.9,-9.0,293.8,1500,1511,1500,1500,1487,1500,180,180,MANUAL (Remote),,0.0
2026-08-10T11:12:34.784,1786335154.784725,-0.17299999296665192,2.8,-9.2,293.8,1500,1499,1500,1500,1499,1500,180,180,MANUAL (Remote),,0.0
2026-08-10T11:12:35.284,1786335155.284776,-0.17000000178813934,2.8,-9.1,293.8,1500,1499,1500,1500,1499,1500,180,180,MANUAL (Remote),,0.0
2026-08-10T11:12:35.784,1786335155.784712,-0.1679999977350235,2.9,-9.5,293.7,1500,1499,1500,1500,1499,1500,180,180,MANUAL (Remote),,0.0
2026-08-10T11:12:36.284,1786335156.284703,-0.17100000381469727,3.0,-9.6,293.8,1500,1499,1500,1500,1499,1500,180,180,MANUAL (Remote),,0.0
2026-08-10T11:12:36.784,1786335156.784735,-0.16899999976158142,3.3,-8.1,293.9,1500,1499,1500,1500,1499,1500,180,180,MANUAL (Remote),,0.0
2026-08-10T11:12:37.284,1786335157.284786,-0.17100000381469727,3.5,-7.4,294.1,1500,1499,1500,1500,1499,1500,180,180,MANUAL (Remote),,0.0
2026-08-10T11:12:37.784,1786335157.784661,-0.16200000047683716,3.4,-8.7,294.0,1500,1499,1500,1500,1499,1500,180,180,MANUAL (Remote),,0.0
2026-08-10T11:12:38.284,1786335158.284738,-0.1679999977350235,3.5,-8.5,294.0,1500,1499,1500,1500,1499,1500,180,180,MANUAL (Remote),,0.0
2026-08-10T11:12:38.784,1786335158.784887,-0.16699999570846558,3.4,-8.0,294.1,1500,1499,1500,1500,1499,1500,180,180,MANUAL (Remote),,0.0
2026-08-10T11:12:39.284,1786335159.284682,-0.16699999570846558,3.3,-7.3,294.3,1500,1499,1500,1500,1499,1500,180,180,MANUAL (Remote),,0.0
2026-08-10T11:12:39.784,1786335159.784764,-0.16500000655651093,3.2,-6.7,294.4,1500,1499,1500,1500,1499,1500,180,180,MANUAL (Remote),,0.0
2026-08-10T11:12:40.284,1786335160.284753,-0.16699999570846558,3.2,-8.0,294.2,1500,1499,1500,1500,1499,1500,180,180,MANUAL (Remote),,0.0
2026-08-10T11:12:40.784,1786335160.784711,-0.16699999570846558,3.1,-8.0,294.2,1500,1499,1500,1500,1499,1500,180,180,MANUAL (Remote),,0.0
2026-08-10T11:12:41.284,1786335161.284813,-0.16500000655651093,3.1,-8.0,294.2,1500,1499,1500,1500,1499,1500,180,180,MANUAL (Remote),,0.0
2026-08-10T11:12:41.784,1786335161.784784,-0.17000000178813934,3.1,-7.9,294.1,1500,1499,1500,1500,1499,1500,180,180,MANUAL (Remote),,0.0
2026-08-10T11:12:42.284,1786335162.28472,-0.16699999570846558,3.1,-8.0,294.1,1500,1508,1500,1500,1508,1500,180,180,MANUAL (Remote),,0.0
2026-08-10T11:12:42.784,1786335162.784732,-0.1720000058412552,3.1,-7.9,294.2,1500,1734,1500,1500,1740,1500,180,180,MANUAL (Remote),,237.0
2026-08-10T11:12:43.284,1786335163.284707,-0.17100000381469727,3.0,-8.0,294.3,1500,1500,1500,1500,1500,1500,180,180,MANUAL (Remote),,0.0
2026-08-10T11:12:43.784,1786335163.784833,-0.1679999977350235,3.1,-8.0,294.2,1500,1500,1500,1500,1500,1500,180,180,MANUAL (Remote),,0.0
2026-08-10T11:12:44.284,1786335164.284685,-0.16699999570846558,3.1,-8.1,294.2,1500,1500,1500,1500,1500,1500,180,180,MANUAL (Remote),,0.0
2026-08-10T11:12:44.784,1786335164.78468,-0.16500000655651093,3.2,-8.1,294.2,1500,1500,1500,1500,1500,1500,180,180,MANUAL (Remote),,0.0
2026-08-10T11:12:45.284,1786335165.28483,-0.16200000047683716,3.1,-8.1,294.2,1500,1499,1500,1500,1499,1500,180,180,MANUAL (Remote),,0.0
2026-08-10T11:12:45.784,1786335165.784706,-0.16899999976158142,2.7,-8.1,294.2,1500,1499,1500,1500,1499,1500,180,180,MANUAL (Remote),,0.0
2026-08-10T11:12:46.284,1786335166.284742,-0.164000004529953,2.9,-8.1,294.2,1500,1499,1500,1500,1499,1500,180,180,MANUAL (Remote),,0.0
2026-08-10T11:12:46.784,1786335166.784752,-0.17299999296665192,3.0,-8.1,294.2,1500,1499,1500,1500,1499,1500,180,180,MANUAL (Remote),,0.0
2026-08-10T11:12:47.284,1786335167.284909,-0.16699999570846558,3.1,-8.1,294.3,1500,1499,1500,1500,1499,1500,180,180,MANUAL (Remote),,0.0
2026-08-10T11:12:47.784,1786335167.784731,-0.17100000381469727,3.1,-8.2,294.2,1500,1499,1500,1500,1499,1500,180,180,MANUAL (Remote),,0.0
2026-08-10T11:12:48.284,1786335168.284691,-0.16899999976158142,3.1,-8.0,294.2,1500,1499,1500,1500,1499,1500,180,180,MANUAL (Remote),,0.0
2026-08-10T11:12:48.784,1786335168.784718,-0.1679999977350235,3.1,-7.9,294.3,1500,1499,1500,1500,1499,1500,180,180,MANUAL (Remote),,0.0
2026-08-10T11:12:49.284,1786335169.284864,-0.1679999977350235,3.1,-8.0,294.3,1500,1499,1500,1500,1499,1500,180,180,MANUAL (Remote),,0.0
2026-08-10T11:12:49.784,1786335169.784767,-0.16599999368190765,3.0,-7.7,294.3,1500,1499,1500,1500,1499,1500,180,180,MANUAL (Remote),,0.0
2026-08-10T11:12:50.284,1786335170.284753,-0.164000004529953,3.1,-7.7,294.3,1500,1499,1500,1500,1499,1500,180,180,MANUAL (Remote),,0.0
2026-08-10T11:12:50.784,1786335170.78486,-0.16699999570846558,2.9,-8.0,294.2,1500,1499,1500,1500,1499,1500,180,180,MANUAL (Remote),,0.0
2026-08-10T11:12:51.284,1786335171.284761,-0.164000004529953,3.1,-8.5,294.2,1500,1499,1500,1500,1499,1500,180,180,MANUAL (Remote),,0.0
2026-08-10T11:12:51.784,1786335171.784748,-0.17000000178813934,3.2,-10.2,294.1,1500,1499,1500,1500,1499,1500,180,180,MANUAL (Remote),,0.0
2026-08-10T11:12:52.284,1786335172.284735,-0.1679999977350235,2.4,-12.9,293.8,1500,1499,1500,1500,1499,1500,180,180,MANUAL (Remote),,0.0
2026-08-10T11:12:52.784,1786335172.784818,-0.16500000655651093,3.0,-13.0,293.5,1500,1499,1500,1500,1499,1500,180,180,MANUAL (Remote),,0.0
2026-08-10T11:12:53.284,1786335173.284681,-0.17100000381469727,3.0,-12.9,293.5,1500,1499,1500,1500,1499,1500,180,180,MANUAL (Remote),,0.0
2026-08-10T11:12:53.784,1786335173.784784,-0.16699999570846558,3.1,-12.9,293.5,1500,1499,1500,1500,1499,1500,180,180,MANUAL (Remote),,0.0
2026-08-10T11:12:54.284,1786335174.284684,-0.17000000178813934,3.1,-12.9,293.5,1500,1499,1500,1500,1499,1500,180,180,MANUAL (Remote),,0.0
2026-08-10T11:12:54.784,1786335174.784813,-0.16599999368190765,3.1,-12.9,293.5,1500,1499,1500,1500,1499,1500,180,180,MANUAL (Remote),,0.0
2026-08-10T11:12:55.284,1786335175.284702,-0.17000000178813934,3.1,-12.9,293.5,1500,1499,1500,1500,1499,1500,180,180,MANUAL (Remote),,0.0
2026-08-10T11:12:55.784,1786335175.784684,-0.17000000178813934,3.1,-12.8,293.5,1500,1499,1500,1500,1499,1500,180,180,MANUAL (Remote),,0.0
2026-08-10T11:12:56.284,1786335176.284773,-0.1720000058412552,3.1,-12.7,293.5,1500,1499,1500,1500,1499,1500,180,180,MANUAL (Remote),,0.0
2026-08-10T11:12:56.784,1786335176.784764,-0.16899999976158142,3.0,-12.7,293.5,1500,1499,1500,1500,1499,1500,180,180,MANUAL (Remote),,0.0
2026-08-10T11:12:57.284,1786335177.284774,-0.16500000655651093,3.3,-12.5,293.5,1500,1499,1500,1500,1499,1500,180,180,MANUAL (Remote),,0.0
2026-08-10T11:12:57.784,1786335177.784725,-0.16500000655651093,3.3,-12.7,293.5,1500,1499,1500,1500,1499,1500,180,180,MANUAL (Remote),,0.0
2026-08-10T11:12:58.284,1786335178.284688,-0.1720000058412552,3.2,-12.7,293.5,1500,1507,1500,1500,1507,1500,180,180,MANUAL (Remote),,0.0
2026-08-10T11:12:58.784,1786335178.784798,-0.16699999570846558,3.1,-12.6,293.5,1500,1899,1500,1500,1100,1500,180,180,MANUAL (Remote),,-0.5
2026-08-10T11:12:59.284,1786335179.284744,-0.17000000178813934,2.9,-12.2,293.7,1500,1499,1500,1500,1499,1500,180,180,MANUAL (Remote),,0.0
2026-08-10T11:12:59.784,1786335179.784766,-0.17000000178813934,2.9,-12.2,293.8,1500,1852,1500,1500,1852,1500,180,180,MANUAL (Remote),,352.0
2026-08-10T11:13:00.284,1786335180.284663,-0.17000000178813934,3.0,-12.3,293.7,1500,1759,1500,1500,1759,1500,180,180,MANUAL (Remote),,259.0
2026-08-10T11:13:00.784,1786335180.784762,-0.17299999296665192,3.0,-12.6,293.4,1500,1625,1500,1500,1625,1500,180,180,MANUAL (Remote),,125.0
2026-08-10T11:13:01.284,1786335181.284757,-0.17000000178813934,2.9,-12.7,293.4,1500,1550,1500,1500,1550,1500,180,180,MANUAL (Remote),,50.0
2026-08-10T11:13:01.784,1786335181.784707,-0.16899999976158142,3.0,-12.7,293.4,1500,1500,1500,1500,1500,1500,180,180,MANUAL (Remote),,0.0
2026-08-10T11:13:02.284,1786335182.284774,-0.1679999977350235,3.0,-12.9,293.3,1500,1500,1500,1500,1500,1500,180,180,MANUAL (Remote),,0.0
2026-08-10T11:13:02.784,1786335182.784742,-0.17299999296665192,3.0,-12.8,293.3,1500,1500,1500,1500,1500,1500,180,180,MANUAL (Remote),,0.0
2026-08-10T11:13:03.284,1786335183.284664,-0.16599999368190765,3.0,-12.9,293.3,1500,1499,1500,1500,1499,1500,180,180,MANUAL (Remote),,0.0
2026-08-10T11:13:03.784,1786335183.784736,-0.16599999368190765,3.0,-12.9,293.3,1500,1499,1500,1500,1499,1500,180,180,MANUAL (Remote),,0.0
2026-08-10T11:13:04.284,1786335184.28479,-0.16599999368190765,3.0,-12.9,293.3,1500,1499,1500,1500,1499,1500,180,180,MANUAL (Remote),,0.0
2026-08-10T11:13:04.784,1786335184.784746,-0.16899999976158142,3.0,-12.8,293.3,1500,1499,1500,1500,1499,1500,180,180,MANUAL (Remote),,0.0
2026-08-10T11:13:05.285,1786335185.285009,-0.16500000655651093,3.0,-12.8,293.3,1500,1499,1500,1500,1499,1500,180,180,MANUAL (Remote),,0.0
2026-08-10T11:13:05.784,1786335185.78471,-0.17000000178813934,3.1,-12.8,293.3,1500,1499,1500,1500,1499,1500,180,180,MANUAL (Remote),,0.0
2026-08-10T11:13:06.284,1786335186.284731,-0.1720000058412552,3.1,-12.8,293.3,1500,1499,1500,1500,1499,1500,180,180,MANUAL (Remote),,0.0
2026-08-10T11:13:06.785,1786335186.785967,-0.17100000381469727,3.1,-12.8,293.4,1500,1499,1500,1500,1499,1500,180,180,MANUAL (Remote),,0.0
2026-08-10T11:13:07.284,1786335187.284811,-0.16699999570846558,3.1,-12.7,293.4,1500,1499,1500,1500,1499,1500,180,180,MANUAL (Remote),,0.0
2026-08-10T11:13:07.784,1786335187.784765,-0.16899999976158142,3.2,-12.8,293.4,1500,1499,1500,1500,1499,1500,180,180,MANUAL (Remote),,0.0
2026-08-10T11:13:08.284,1786335188.284913,-0.16500000655651093,3.2,-12.8,293.4,1500,1499,1500,1500,1499,1500,180,180,MANUAL (Remote),,0.0
2026-08-10T11:13:08.784,1786335188.784723,-0.17000000178813934,3.2,-12.8,293.4,1500,1499,1500,1500,1499,1500,180,180,MANUAL (Remote),,0.0
2026-08-10T11:13:09.284,1786335189.284795,-0.17000000178813934,3.2,-12.8,293.4,1500,1499,1500,1500,1499,1500,180,180,MANUAL (Remote),,0.0
2026-08-10T11:13:09.784,1786335189.784797,-0.16899999976158142,3.1,-12.8,293.4,1500,1499,1500,1500,1499,1500,180,180,MANUAL (Remote),,0.0
2026-08-10T11:13:10.284,1786335190.284787,-0.16500000655651093,3.2,-12.7,293.4,1500,1499,1500,1500,1499,1500,180,180,MANUAL (Remote),,0.0
2026-08-10T11:13:10.784,1786335190.784789,-0.17599999904632568,3.3,-12.8,293.4,1500,1499,1500,1500,1499,1500,180,180,MANUAL (Remote),,0.0
2026-08-10T11:13:11.284,1786335191.284777,-0.17000000178813934,3.2,-12.8,293.4,1500,1499,1500,1500,1499,1500,180,180,MANUAL (Remote),,0.0
2026-08-10T11:13:11.784,1786335191.78474,-0.17000000178813934,3.3,-13.0,293.5,1500,1499,1500,1500,1499,1500,180,180,MANUAL (Remote),,0.0
2026-08-10T11:13:12.284,1786335192.284703,-0.16500000655651093,3.3,-12.9,293.4,1500,1499,1500,1500,1499,1500,180,180,MANUAL (Remote),,0.0
2026-08-10T11:13:12.784,1786335192.784852,-0.16699999570846558,3.2,-12.7,293.5,1500,1499,1500,1500,1499,1500,180,180,MANUAL (Remote),,0.0
2026-08-10T11:13:13.284,1786335193.284784,-0.17299999296665192,3.1,-12.7,293.5,1500,1499,1500,1500,1499,1500,180,180,MANUAL (Remote),,0.0
2026-08-10T11:13:13.784,1786335193.784679,-0.16699999570846558,3.2,-12.6,293.4,1500,1499,1500,1500,1499,1500,180,180,MANUAL (Remote),,0.0
2026-08-10T11:13:14.284,1786335194.284789,-0.17100000381469727,3.2,-12.5,293.5,1500,1499,1500,1500,1499,1500,180,180,MANUAL (Remote),,0.0
2026-08-10T11:13:14.784,1786335194.78472,-0.17000000178813934,3.2,-12.6,293.4,1500,1499,1500,1500,1499,1500,180,180,MANUAL (Remote),,0.0
2026-08-10T11:13:15.284,1786335195.284732,-0.17100000381469727,3.1,-12.6,293.4,1500,1499,1500,1500,1499,1500,180,180,MANUAL (Remote),,0.0
2026-08-10T11:13:15.784,1786335195.78476,-0.1720000058412552,3.1,-12.6,293.4,1500,1499,1500,1500,1499,1500,180,180,MANUAL (Remote),,0.0
2026-08-10T11:13:16.284,1786335196.284771,-0.17100000381469727,3.2,-12.6,293.4,1500,1499,1500,1500,1499,1500,180,180,MANUAL (Remote),,0.0
2026-08-10T11:13:16.784,1786335196.784713,-0.17100000381469727,3.1,-12.6,293.4,1500,1499,1500,1500,1499,1500,180,180,MANUAL (Remote),,0.0
2026-08-10T11:13:17.284,1786335197.28471,-0.1720000058412552,3.2,-12.6,293.3,1500,1499,1500,1500,1499,1500,180,180,MANUAL (Remote),,0.0
2026-08-10T11:13:17.784,1786335197.784777,-0.17299999296665192,3.1,-12.7,293.3,1500,1499,1500,1500,1499,1500,180,180,MANUAL (Remote),,0.0
2026-08-10T11:13:18.284,1786335198.284754,-0.17399999499320984,3.1,-12.7,293.3,1500,1499,1500,1500,1499,1500,180,180,MANUAL (Remote),,0.0
2026-08-10T11:13:18.784,1786335198.784858,-0.1720000058412552,3.1,-12.7,293.3,1500,1499,1500,1500,1499,1500,180,180,MANUAL (Remote),,0.0
2026-08-10T11:13:19.284,1786335199.284732,-0.16500000655651093,3.1,-12.8,293.3,1500,1499,1500,1500,1499,1500,180,180,MANUAL (Remote),,0.0
2026-08-10T11:13:19.784,1786335199.784751,-0.1720000058412552,3.2,-12.7,293.3,1500,1499,1500,1500,1499,1500,180,180,MANUAL (Remote),,0.0
2026-08-10T11:13:20.284,1786335200.284727,-0.1679999977350235,3.1,-12.7,293.3,1500,1499,1500,1500,1499,1500,180,180,MANUAL (Remote),,0.0
2026-08-10T11:13:20.784,1786335200.784713,-0.17100000381469727,3.1,-12.6,293.4,1500,1499,1500,1500,1499,1500,180,180,MANUAL (Remote),,0.0
2026-08-10T11:13:21.284,1786335201.284937,-0.16699999570846558,3.0,-12.5,293.4,1500,1499,1500,1500,1499,1500,180,180,MANUAL (Remote),,0.0
2026-08-10T11:13:21.784,1786335201.784735,-0.17100000381469727,3.3,-12.5,293.4,1500,1499,1500,1500,1499,1500,180,180,MANUAL (Remote),,0.0
2026-08-10T11:13:22.284,1786335202.284777,-0.17299999296665192,3.3,-12.5,293.5,1500,1499,1500,1500,1499,1500,180,180,MANUAL (Remote),,0.0
2026-08-10T11:13:22.784,1786335202.784722,-0.17100000381469727,3.2,-12.6,293.5,1500,1499,1500,1500,1499,1500,180,180,MANUAL (Remote),,0.0
2026-08-10T11:13:23.284,1786335203.284728,-0.16899999976158142,3.1,-12.3,293.5,1500,1499,1500,1500,1499,1500,180,180,MANUAL (Remote),,0.0
2026-08-10T11:13:23.784,1786335203.78474,-0.1679999977350235,2.9,-12.6,293.4,1500,1499,1500,1500,1499,1500,180,180,MANUAL (Remote),,0.0
2026-08-10T11:13:24.284,1786335204.284728,-0.1679999977350235,3.1,-12.5,293.3,1500,1499,1500,1500,1499,1500,180,180,MANUAL (Remote),,0.0
2026-08-10T11:13:24.784,1786335204.784692,-0.17000000178813934,3.2,-14.5,296.4,1500,1499,1500,1500,1499,1500,180,180,MANUAL (Remote),,0.0
2026-08-10T11:13:25.284,1786335205.284727,-0.17100000381469727,3.3,-12.9,301.2,1500,1499,1500,1500,1499,1500,180,180,MANUAL (Remote),,0.0
2026-08-10T11:13:25.784,1786335205.784728,-0.17499999701976776,5.3,-14.8,300.1,1500,1499,1500,1500,1499,1500,180,180,MANUAL (Remote),,0.0
2026-08-10T11:13:26.284,1786335206.284666,-0.17599999904632568,5.7,-5.1,301.7,1500,1499,1500,1500,1499,1500,180,180,MANUAL (Remote),,0.0
2026-08-10T11:13:26.784,1786335206.784711,-0.17000000178813934,6.3,-6.0,299.8,1500,1499,1500,1500,1499,1500,180,180,MANUAL (Remote),,0.0
2026-08-10T11:13:27.284,1786335207.284722,-0.1770000010728836,7.9,-4.8,299.5,1500,1499,1500,1500,1499,1500,180,180,MANUAL (Remote),,0.0
2026-08-10T11:13:27.784,1786335207.784776,-0.1720000058412552,3.6,-4.0,283.8,1500,1499,1500,1500,1499,1500,180,180,MANUAL (Remote),,0.0
2026-08-10T11:13:28.284,1786335208.284708,-0.17000000178813934,4.3,-3.7,270.7,1500,1499,1500,1500,1499,1500,180,180,MANUAL (Remote),,0.0
2026-08-10T11:13:28.784,1786335208.784741,-0.17299999296665192,1.6,-1.7,264.6,1500,1499,1500,1500,1499,1500,180,180,MANUAL (Remote),,0.0
2026-08-10T11:13:29.284,1786335209.284697,-0.17499999701976776,-1.1,-2.9,259.9,1500,1499,1500,1500,1499,1500,180,180,MANUAL (Remote),,0.0
2026-08-10T11:13:29.784,1786335209.784747,-0.17299999296665192,-3.8,-4.7,263.6,1500,1499,1500,1500,1499,1500,180,180,MANUAL (Remote),,0.0
2026-08-10T11:13:30.284,1786335210.284741,-0.17499999701976776,-2.7,-9.9,272.6,1500,1499,1500,1500,1499,1500,180,180,MANUAL (Remote),,0.0
2026-08-10T11:13:30.784,1786335210.784805,-0.17399999499320984,-0.3,-12.8,278.3,1500,1499,1500,1500,1499,1500,180,180,MANUAL (Remote),,0.0
2026-08-10T11:13:31.284,1786335211.284819,-0.17499999701976776,1.3,-15.4,281.7,1500,1499,1500,1500,1499,1500,180,180,MANUAL (Remote),,0.0
2026-08-10T11:13:31.784,1786335211.784675,-0.1720000058412552,1.1,-19.8,284.9,1500,1499,1500,1500,1499,1500,180,180,MANUAL (Remote),,0.0
2026-08-10T11:13:32.284,1786335212.284789,-0.17399999499320984,2.0,-20.5,287.5,1500,1499,1500,1500,1499,1500,180,180,MANUAL (Remote),,0.0
2026-08-10T11:13:32.784,1786335212.784684,-0.15199999511241913,2.5,-20.2,287.4,1500,1499,1500,1500,1499,1500,180,180,MANUAL (Remote),,0.0
2026-08-10T11:13:33.284,1786335213.284749,-0.13199999928474426,4.1,-22.8,288.0,1500,1499,1500,1500,1499,1500,180,180,MANUAL (Remote),,0.0
2026-08-10T11:13:33.784,1786335213.784765,-0.11800000071525574,5.5,-17.3,288.7,1500,1499,1500,1500,1499,1500,180,180,MANUAL (Remote),,0.0
2026-08-10T11:13:34.284,1786335214.284725,-0.10599999874830246,5.0,-18.9,288.4,1500,1452,1500,1500,1548,1500,180,180,MANUAL (Remote),,0.0
2026-08-10T11:13:34.784,1786335214.784705,-0.10000000149011612,5.3,-18.8,288.5,1500,1499,1500,1500,1499,1500,180,180,MANUAL (Remote),,0.0
2026-08-10T11:13:35.284,1786335215.284659,-0.10000000149011612,7.0,-15.0,290.0,1500,1499,1500,1500,1499,1500,180,180,MANUAL (Remote),,0.0
2026-08-10T11:13:35.784,1786335215.784759,-0.09799999743700027,6.1,-18.1,290.5,1500,1498,1500,1500,1502,1500,180,180,MANUAL (Remote),,0.0
2026-08-10T11:13:36.284,1786335216.284752,-0.09300000220537186,4.6,-18.2,290.1,1500,1499,1500,1500,1499,1500,180,180,MANUAL (Remote),,0.0
2026-08-10T11:13:36.784,1786335216.784798,-0.08900000154972076,3.8,-16.3,290.9,1500,1499,1500,1500,1499,1500,180,180,MANUAL (Remote),,0.0
2026-08-10T11:13:37.284,1786335217.284821,-0.0989999994635582,5.2,-17.0,290.2,1500,1499,1500,1500,1499,1500,180,180,MANUAL (Remote),,0.0
2026-08-10T11:13:37.784,1786335217.784666,-0.09799999743700027,6.4,-16.6,290.8,1500,1499,1500,1500,1499,1500,180,180,MANUAL (Remote),,0.0
2026-08-10T11:13:38.284,1786335218.284824,-0.09600000083446503,5.4,-15.0,292.3,1500,1499,1500,1500,1499,1500,180,180,MANUAL (Remote),,0.0
2026-08-10T11:13:38.784,1786335218.784681,-0.0949999988079071,5.6,-16.0,292.8,1500,1499,1500,1500,1499,1500,180,180,MANUAL (Remote),,0.0
2026-08-10T11:13:39.284,1786335219.284734,-0.09399999678134918,6.5,-23.8,300.5,1500,1499,1500,1500,1499,1500,180,180,MANUAL (Remote),,0.0
2026-08-10T11:13:39.784,1786335219.784807,-0.09799999743700027,8.4,-26.4,309.9,1500,1499,1500,1500,1499,1500,180,180,MANUAL (Remote),,0.0
2026-08-10T11:13:40.284,1786335220.284773,-0.10100000351667404,12.5,-18.9,313.4,1500,1499,1500,1500,1499,1500,180,180,MANUAL (Remote),,0.0
2026-08-10T11:13:40.784,1786335220.784802,-0.09600000083446503,10.0,-15.2,316.7,1500,1505,1500,1500,1505,1500,180,180,MANUAL (Remote),,0.0
2026-08-10T11:13:41.284,1786335221.284683,-0.10100000351667404,9.7,-16.9,318.7,1500,1507,1500,1500,1507,1500,180,180,MANUAL (Remote),,0.0
2026-08-10T11:13:41.784,1786335221.784715,-0.10000000149011612,10.6,-14.8,319.2,1500,1567,1500,1500,1567,1500,180,180,MANUAL (Remote),,67.0
2026-08-10T11:13:42.284,1786335222.284764,-0.10199999809265137,10.2,-13.7,316.7,1500,1500,1500,1500,1500,1500,180,180,MANUAL (Remote),,0.0
2026-08-10T11:13:42.784,1786335222.784778,-0.0989999994635582,9.2,-13.5,313.7,1500,1532,1500,1500,1532,1500,180,180,MANUAL (Remote),,32.0
2026-08-10T11:13:43.284,1786335223.284714,-0.09700000286102295,10.1,-12.0,311.3,1500,1500,1500,1500,1500,1500,180,180,MANUAL (Remote),,0.0
2026-08-10T11:13:43.784,1786335223.784821,-0.10100000351667404,9.5,-13.3,308.5,1500,1517,1500,1500,1517,1500,180,180,MANUAL (Remote),,0.0
2026-08-10T11:13:44.284,1786335224.284711,-0.09799999743700027,7.2,-14.3,305.9,1500,1715,1500,1500,1717,1500,180,180,MANUAL (Remote),,216.0
2026-08-10T11:13:44.784,1786335224.784761,-0.09000000357627869,1.4,-14.3,303.7,1500,1899,1500,1500,1900,1500,180,180,MANUAL (Remote),,399.5
2026-08-10T11:13:45.284,1786335225.284765,-0.0860000029206276,0.9,-14.5,301.1,1500,1899,1500,1500,1900,1500,180,180,MANUAL (Remote),,399.5
2026-08-10T11:13:45.784,1786335225.784686,-0.09000000357627869,4.1,-15.6,298.6,1500,1743,1500,1500,1745,1500,180,180,MANUAL (Remote),,244.0
2026-08-10T11:13:46.284,1786335226.284725,-0.09799999743700027,8.6,-14.9,297.6,1499,1499,1499,1499,1499,1499,180,180,MANUAL (Remote),,0.0
2026-08-10T11:13:46.784,1786335226.784786,-0.09300000220537186,6.2,-13.4,297.7,1470,1499,1470,1470,1499,1470,180,180,MANUAL (Remote),,0.0
2026-08-10T11:13:47.284,1786335227.28475,-0.08399999886751175,4.7,-12.2,296.8,1440,1499,1440,1440,1499,1440,180,180,MANUAL (Remote),,0.0
2026-08-10T11:13:47.784,1786335227.78467,-0.07100000232458115,4.8,-12.6,295.2,1410,1499,1410,1410,1499,1410,180,180,MANUAL (Remote),,0.0
2026-08-10T11:13:48.284,1786335228.284778,-0.041999999433755875,4.8,-15.5,293.1,1410,1499,1410,1410,1499,1410,180,180,MANUAL (Remote),,0.0
2026-08-10T11:13:48.784,1786335228.784754,-0.01899999938905239,4.3,-18.0,290.9,1410,1499,1410,1410,1499,1410,180,180,MANUAL (Remote),,0.0
2026-08-10T11:13:49.284,1786335229.284703,0.006000000052154064,3.3,-16.6,289.5,1410,1499,1410,1410,1499,1410,180,180,MANUAL (Remote),,0.0
2026-08-10T11:13:49.784,1786335229.784697,0.02800000086426735,2.6,-14.8,288.8,1410,1344,1410,1410,1656,1410,180,180,MANUAL (Remote),,0.0
2026-08-10T11:13:50.284,1786335230.284749,0.03700000047683716,4.6,-18.3,297.9,1410,1225,1410,1410,1775,1410,180,180,MANUAL (Remote),,0.0
2026-08-10T11:13:50.784,1786335230.784749,0.0430000014603138,8.9,-21.4,308.6,1410,1218,1410,1410,1784,1410,180,180,MANUAL (Remote),,1.0
2026-08-10T11:13:51.284,1786335231.284689,0.0560000017285347,11.6,-20.4,319.8,1410,1226,1410,1410,1776,1410,180,180,MANUAL (Remote),,1.0
2026-08-10T11:13:51.784,1786335231.784773,0.05299999937415123,10.5,-18.9,329.3,1410,1219,1410,1410,1785,1410,180,180,MANUAL (Remote),,2.0
2026-08-10T11:13:52.284,1786335232.284755,0.061000000685453415,9.4,-18.4,337.1,1410,1499,1410,1410,1499,1410,180,180,MANUAL (Remote),,0.0
2026-08-10T11:13:52.784,1786335232.784713,0.061000000685453415,6.0,-13.9,330.3,1410,1552,1410,1410,1564,1410,180,180,MANUAL (Remote),,58.0
2026-08-10T11:13:53.284,1786335233.284751,0.061000000685453415,3.8,-11.2,322.2,1410,1551,1410,1410,1565,1410,180,180,MANUAL (Remote),,58.0
2026-08-10T11:13:53.784,1786335233.784727,0.04399999976158142,3.3,-13.0,314.6,1410,1697,1410,1410,1723,1410,180,180,MANUAL (Remote),,210.0
2026-08-10T11:13:54.284,1786335234.284653,0.04899999871850014,-0.2,-16.4,309.3,1410,1703,1410,1410,1729,1410,180,180,MANUAL (Remote),,216.0
2026-08-10T11:13:54.784,1786335234.784816,0.0430000014603138,-3.5,-16.7,305.7,1410,1887,1410,1410,1900,1410,180,180,MANUAL (Remote),,393.5
2026-08-10T11:13:55.284,1786335235.284683,0.02800000086426735,-5.1,-15.5,302.1,1410,1886,1410,1410,1900,1410,180,180,MANUAL (Remote),,393.0
2026-08-10T11:13:55.784,1786335235.784805,0.003000000026077032,-2.1,-14.4,300.3,1410,1886,1410,1410,1900,1410,180,180,MANUAL (Remote),,393.0
2026-08-10T11:13:56.284,1786335236.284775,-0.009999999776482582,1.5,-13.8,299.3,1410,1886,1410,1410,1900,1410,180,180,MANUAL (Remote),,393.0
2026-08-10T11:13:56.784,1786335236.784765,-0.006000000052154064,3.6,-15.4,299.0,1410,1884,1410,1410,1900,1410,180,180,MANUAL (Remote),,392.0
2026-08-10T11:13:57.284,1786335237.284714,0.019999999552965164,3.5,-16.8,299.2,1410,1882,1410,1410,1900,1410,180,180,MANUAL (Remote),,391.0
2026-08-10T11:13:57.784,1786335237.784709,0.050999999046325684,1.8,-16.2,300.1,1410,1882,1410,1410,1900,1410,180,180,MANUAL (Remote),,391.0
2026-08-10T11:13:58.284,1786335238.28481,0.07900000363588333,0.4,-15.3,299.5,1410,1882,1410,1410,1900,1410,180,180,MANUAL (Remote),,391.0
2026-08-10T11:13:58.784,1786335238.784766,0.08799999952316284,0.1,-15.2,298.9,1410,1882,1410,1410,1900,1410,180,180,MANUAL (Remote),,391.0
2026-08-10T11:13:59.284,1786335239.284737,0.09200000017881393,3.4,-15.8,298.0,1410,1109,1410,1410,1900,1410,180,180,MANUAL (Remote),,4.5
2026-08-10T11:13:59.784,1786335239.784776,0.09300000220537186,9.1,-19.1,306.7,1410,1177,1410,1410,1900,1410,180,180,MANUAL (Remote),,38.5
2026-08-10T11:14:00.284,1786335240.284707,0.0989999994635582,14.2,-19.6,324.3,1410,1193,1410,1410,1897,1410,180,180,MANUAL (Remote),,45.0
2026-08-10T11:14:00.784,1786335240.784765,0.10599999874830246,13.9,-17.7,336.6,1410,1216,1410,1410,1884,1410,180,180,MANUAL (Remote),,50.0
2026-08-10T11:14:01.284,1786335241.28483,0.11299999803304672,12.3,-17.2,344.4,1410,1231,1410,1410,1881,1410,180,180,MANUAL (Remote),,56.0
2026-08-10T11:14:01.784,1786335241.784669,0.1080000028014183,11.2,-16.1,351.9,1410,1231,1410,1410,1881,1410,180,180,MANUAL (Remote),,56.0
2026-08-10T11:14:02.284,1786335242.284774,0.10199999809265137,9.1,-13.6,356.6,1410,1499,1410,1410,1499,1410,180,180,MANUAL (Remote),,0.0
2026-08-10T11:14:02.784,1786335242.784679,0.08500000089406967,6.6,-6.9,347.0,1410,1499,1410,1410,1499,1410,180,185,MANUAL (Remote),,0.0
2026-08-10T11:14:03.284,1786335243.284798,0.07500000298023224,4.4,-6.6,338.6,1410,1499,1410,1410,1499,1410,180,220,MANUAL (Remote),,0.0
2026-08-10T11:14:03.784,1786335243.784702,0.05299999937415123,4.0,-10.5,331.7,1410,1499,1410,1410,1499,1410,180,185,MANUAL (Remote),,0.0
2026-08-10T11:14:04.284,1786335244.284672,0.05000000074505806,3.6,-12.2,326.8,1410,1499,1410,1410,1499,1410,180,145,MANUAL (Remote),,0.0
2026-08-10T11:14:04.784,1786335244.784787,0.03999999910593033,2.9,-12.8,323.0,1410,1499,1410,1410,1499,1410,180,175,MANUAL (Remote),,0.0
2026-08-10T11:14:05.284,1786335245.284725,0.04600000008940697,2.1,-13.9,319.7,1410,1499,1410,1410,1499,1410,225,220,MANUAL (Remote),,0.0
2026-08-10T11:14:05.784,1786335245.784778,0.04500000178813934,1.9,-15.3,317.2,1410,1783,1410,1410,1815,1410,235,230,MANUAL (Remote),,299.0
2026-08-10T11:14:06.284,1786335246.284697,0.05400000140070915,-3.0,-15.4,314.4,1410,1887,1410,1410,1900,1410,235,230,MANUAL (Remote),,393.5
2026-08-10T11:14:06.784,1786335246.784744,0.05999999865889549,-9.1,-16.0,312.2,1410,1887,1410,1410,1900,1410,235,230,MANUAL (Remote),,393.5
2026-08-10T11:14:07.284,1786335247.284712,0.028999999165534973,-5.3,-17.9,311.9,1410,1687,1410,1410,1863,1410,235,230,MANUAL (Remote),,275.0
2026-08-10T11:14:07.784,1786335247.784843,-0.004000000189989805,3.2,-17.8,318.0,1410,1687,1410,1410,1863,1410,235,230,MANUAL (Remote),,275.0
2026-08-10T11:14:08.284,1786335248.284786,0.004000000189989805,6.4,-15.2,323.9,1410,1687,1410,1410,1863,1410,235,230,MANUAL (Remote),,275.0
2026-08-10T11:14:08.784,1786335248.784683,0.01899999938905239,4.7,-15.0,328.2,1410,1598,1410,1410,1848,1410,235,230,MANUAL (Remote),,223.0
2026-08-10T11:14:09.284,1786335249.284802,0.0430000014603138,3.4,-17.0,331.5,1410,1598,1410,1410,1848,1410,235,230,MANUAL (Remote),,223.0
2026-08-10T11:14:09.784,1786335249.784732,0.06300000101327896,3.5,-16.5,335.6,1410,1621,1410,1410,1853,1410,235,230,MANUAL (Remote),,237.0
2026-08-10T11:14:10.284,1786335250.284693,0.07999999821186066,2.6,-14.0,336.9,1410,1592,1410,1410,1590,1410,235,230,MANUAL (Remote),,91.0
2026-08-10T11:14:10.784,1786335250.784726,0.09099999815225601,5.6,-12.8,332.6,1410,1592,1410,1410,1556,1410,235,230,MANUAL (Remote),,74.0
2026-08-10T11:14:11.284,1786335251.284733,0.11299999803304672,7.4,-13.9,328.0,1410,1612,1410,1410,1542,1410,235,230,MANUAL (Remote),,77.0
2026-08-10T11:14:11.784,1786335251.784777,0.14000000059604645,5.1,-14.7,323.0,1410,1624,1410,1410,1462,1410,235,230,MANUAL (Remote),,43.0
2026-08-10T11:14:12.284,1786335252.28471,0.1599999964237213,2.6,-14.2,318.3,1410,1900,1410,1410,1127,1410,235,230,MANUAL (Remote),,13.5
2026-08-10T11:14:12.784,1786335252.784716,0.17100000381469727,1.6,-8.3,296.5,1410,1900,1410,1410,1135,1410,235,230,MANUAL (Remote),,17.5
2026-08-10T11:14:13.284,1786335253.284741,0.17000000178813934,2.1,-7.6,279.9,1410,1900,1410,1410,1117,1410,235,230,MANUAL (Remote),,8.5
2026-08-10T11:14:13.784,1786335253.784767,0.17399999499320984,-2.4,-6.4,265.3,1410,1900,1410,1410,1118,1410,235,230,MANUAL (Remote),,9.0
2026-08-10T11:14:14.284,1786335254.284679,0.17800000309944153,-9.2,-0.8,250.8,1410,1900,1410,1410,1127,1410,235,230,MANUAL (Remote),,13.5
2026-08-10T11:14:14.784,1786335254.784756,0.17900000512599945,-11.0,5.7,237.1,1410,1900,1410,1410,1150,1410,235,230,MANUAL (Remote),,25.0
2026-08-10T11:14:15.284,1786335255.284764,0.16899999976158142,-11.9,9.2,223.1,1410,1851,1410,1410,1283,1410,235,230,MANUAL (Remote),,67.0
2026-08-10T11:14:15.784,1786335255.784734,0.1720000058412552,-18.8,0.9,223.0,1410,1899,1410,1410,1900,1410,235,230,MANUAL (Remote),,399.5
2026-08-10T11:14:16.284,1786335256.28471,0.17399999499320984,-26.9,-9.0,235.3,1410,1899,1410,1410,1900,1410,235,230,MANUAL (Remote),,399.5
2026-08-10T11:14:16.784,1786335256.784768,0.14300000667572021,-28.3,-5.9,241.6,1410,1843,1410,1410,1843,1410,235,185,MANUAL (Remote),,343.0
2026-08-10T11:14:17.284,1786335257.284717,0.08799999952316284,-20.6,-4.1,246.8,1410,1816,1410,1410,1816,1410,235,165,MANUAL (Remote),,316.0
2026-08-10T11:14:17.784,1786335257.784909,0.04899999871850014,-10.7,-7.8,254.9,1410,1697,1410,1410,1697,1410,235,210,MANUAL (Remote),,197.0
2026-08-10T11:14:18.284,1786335258.28477,0.041999999433755875,-5.8,-13.4,263.7,1410,1499,1410,1410,1499,1410,235,210,MANUAL (Remote),,0.0
2026-08-10T11:14:18.784,1786335258.784712,0.04500000178813934,-2.5,-15.6,272.4,1428,1499,1428,1428,1499,1428,235,210,MANUAL (Remote),,0.0
2026-08-10T11:14:19.284,1786335259.28471,0.028999999165534973,-1.4,-12.9,279.2,1455,1499,1455,1455,1499,1455,235,210,MANUAL (Remote),,0.0
2026-08-10T11:14:19.784,1786335259.784681,-0.02800000086426735,-1.1,-10.2,283.5,1473,1899,1473,1473,1100,1473,235,210,MANUAL (Remote),,-0.5
2026-08-10T11:14:20.284,1786335260.284695,-0.10000000149011612,0.5,-6.4,272.8,1473,1899,1473,1473,1100,1473,235,210,MANUAL (Remote),,-0.5
2026-08-10T11:14:20.784,1786335260.784693,-0.11400000005960464,-4.7,-1.6,250.6,1470,1499,1470,1470,1499,1470,235,210,MANUAL (Remote),,0.0
2026-08-10T11:14:21.284,1786335261.284727,-0.08399999886751175,-15.5,-9.1,252.5,1440,1499,1440,1440,1499,1440,235,210,MANUAL (Remote),,0.0
2026-08-10T11:14:21.784,1786335261.784697,-0.061000000685453415,-18.0,-16.5,260.7,1423,1499,1423,1423,1499,1423,235,210,MANUAL (Remote),,0.0
2026-08-10T11:14:22.284,1786335262.284665,-0.04699999839067459,-17.1,-17.5,268.6,1423,1499,1423,1423,1499,1423,235,185,MANUAL (Remote),,0.0
2026-08-10T11:14:22.784,1786335262.784726,-0.03500000014901161,-16.2,-16.1,274.7,1423,1499,1423,1423,1499,1423,235,160,MANUAL (Remote),,0.0
2026-08-10T11:14:23.284,1786335263.284857,-0.024000000208616257,-14.3,-16.4,280.2,1423,1499,1423,1423,1499,1423,235,200,MANUAL (Remote),,0.0
2026-08-10T11:14:23.784,1786335263.784743,-0.010999999940395355,-13.1,-18.2,285.3,1418,1499,1418,1418,1499,1418,235,225,MANUAL (Remote),,0.0
2026-08-10T11:14:24.284,1786335264.284729,0.0020000000949949026,-11.8,-21.1,290.2,1388,1499,1388,1388,1499,1388,235,225,MANUAL (Remote),,0.0
2026-08-10T11:14:24.784,1786335264.784812,0.04600000008940697,-10.2,-25.3,294.0,1380,1499,1380,1380,1499,1380,235,215,MANUAL (Remote),,0.0
2026-08-10T11:14:25.284,1786335265.284768,0.10100000351667404,-8.8,-26.5,297.3,1380,1499,1380,1380,1499,1380,235,185,MANUAL (Remote),,0.0
2026-08-10T11:14:25.784,1786335265.784881,0.1770000010728836,-6.8,-24.8,301.8,1380,1499,1380,1380,1499,1380,235,220,MANUAL (Remote),,0.0
2026-08-10T11:14:26.284,1786335266.284807,0.25999999046325684,-4.4,-23.4,305.9,1380,1499,1380,1380,1499,1380,235,240,MANUAL (Remote),,0.0
2026-08-10T11:14:26.784,1786335266.784733,0.3490000069141388,-2.7,-22.8,309.8,1380,1499,1380,1380,1499,1380,235,190,MANUAL (Remote),,0.0
2026-08-10T11:14:27.284,1786335267.28479,0.4580000042915344,-1.8,-23.2,313.3,1380,1150,1380,1380,1900,1380,235,175,MANUAL (Remote),,25.0
2026-08-10T11:14:27.784,1786335267.784808,0.5460000038146973,-0.4,-22.3,321.0,1380,1146,1380,1380,1900,1380,235,175,MANUAL (Remote),,23.0
2026-08-10T11:14:28.284,1786335268.284815,0.550000011920929,1.5,-16.1,326.9,1380,1499,1380,1380,1499,1380,235,175,MANUAL (Remote),,0.0
2026-08-10T11:14:28.784,1786335268.784724,0.5529999732971191,2.7,-14.5,327.3,1380,1499,1380,1380,1499,1380,235,175,MANUAL (Remote),,0.0
2026-08-10T11:14:29.284,1786335269.284723,0.5519999861717224,3.6,-13.5,327.9,1401,1499,1401,1401,1499,1401,235,175,MANUAL (Remote),,0.0
2026-08-10T11:14:29.784,1786335269.784697,0.5519999861717224,4.0,-14.2,328.1,1407,1499,1407,1407,1499,1407,235,140,MANUAL (Remote),,0.0
2026-08-10T11:14:30.284,1786335270.284863,0.5509999990463257,4.2,-15.2,328.0,1407,1499,1407,1407,1499,1407,235,90,MANUAL (Remote),,0.0
2026-08-10T11:14:30.784,1786335270.784868,0.5460000038146973,4.3,-15.8,328.1,1407,1499,1407,1407,1499,1407,235,105,MANUAL (Remote),,0.0
2026-08-10T11:14:31.284,1786335271.284705,0.546999990940094,4.3,-16.0,328.6,1407,1499,1407,1407,1499,1407,235,155,MANUAL (Remote),,0.0
2026-08-10T11:14:31.784,1786335271.784745,0.5479999780654907,3.7,-15.6,329.5,1407,1499,1407,1407,1499,1407,235,205,MANUAL (Remote),,0.0
2026-08-10T11:14:32.284,1786335272.284697,0.5509999990463257,1.8,-14.9,330.5,1407,1499,1407,1407,1499,1407,235,215,MANUAL (Remote),,0.0
2026-08-10T11:14:32.784,1786335272.784748,0.5490000247955322,2.6,-15.7,329.4,1407,1499,1407,1407,1499,1407,235,165,MANUAL (Remote),,0.0
2026-08-10T11:14:33.284,1786335273.284732,0.5450000166893005,4.2,-15.6,328.9,1407,1499,1407,1407,1499,1407,235,180,MANUAL (Remote),,0.0
2026-08-10T11:14:33.784,1786335273.784704,0.550000011920929,2.2,-14.1,330.1,1407,1499,1407,1407,1499,1407,235,215,MANUAL (Remote),,0.0
2026-08-10T11:14:34.284,1786335274.284705,0.5490000247955322,2.4,-14.4,330.0,1407,1499,1407,1407,1499,1407,235,165,MANUAL (Remote),,0.0
2026-08-10T11:14:34.784,1786335274.784793,0.5440000295639038,4.6,-15.9,329.2,1407,1499,1407,1407,1499,1407,235,120,MANUAL (Remote),,0.0
2026-08-10T11:14:35.284,1786335275.284685,0.550000011920929,4.4,-14.2,329.7,1407,1499,1407,1407,1499,1407,235,150,MANUAL (Remote),,0.0
2026-08-10T11:14:35.784,1786335275.784735,0.5509999990463257,4.3,-13.7,330.9,1410,1499,1410,1410,1499,1410,235,170,MANUAL (Remote),,0.0
2026-08-10T11:14:36.284,1786335276.284703,0.5529999732971191,4.5,-13.6,330.5,1437,1499,1437,1437,1499,1437,235,170,MANUAL (Remote),,0.0
2026-08-10T11:14:36.784,1786335276.784798,0.5289999842643738,4.0,-12.9,330.9,1467,1499,1467,1467,1499,1467,235,170,MANUAL (Remote),,0.0
2026-08-10T11:14:37.284,1786335277.284689,0.46700000762939453,4.5,-10.5,331.2,1494,1499,1494,1494,1499,1494,235,170,MANUAL (Remote),,0.0
2026-08-10T11:14:37.784,1786335277.784788,0.36399999260902405,4.5,-10.6,332.0,1520,1499,1520,1520,1499,1520,235,170,MANUAL (Remote),,0.0
2026-08-10T11:14:38.284,1786335278.284797,0.24300000071525574,4.1,-11.4,332.5,1520,1499,1520,1520,1499,1520,235,170,MANUAL (Remote),,0.0
2026-08-10T11:14:38.784,1786335278.784789,0.12300000339746475,4.3,-11.0,333.0,1520,1499,1520,1520,1499,1520,235,170,MANUAL (Remote),,0.0
2026-08-10T11:14:39.284,1786335279.284705,-0.029999999329447746,5.3,-9.9,333.0,1496,1499,1496,1496,1499,1496,235,170,MANUAL (Remote),,0.0
2026-08-10T11:14:39.784,1786335279.784825,-0.12200000137090683,5.5,-9.3,332.2,1478,1499,1478,1478,1499,1478,235,170,MANUAL (Remote),,0.0
2026-08-10T11:14:40.284,1786335280.284701,-0.07999999821186066,7.6,-9.6,330.6,1478,1499,1478,1478,1499,1478,235,170,MANUAL (Remote),,0.0
2026-08-10T11:14:40.784,1786335280.784751,-0.09300000220537186,9.2,-10.9,335.0,1478,1104,1478,1478,1900,1478,235,170,MANUAL (Remote),,2.0
2026-08-10T11:14:41.284,1786335281.284807,-0.10599999874830246,12.4,-12.7,351.8,1478,1499,1478,1478,1499,1478,235,170,MANUAL (Remote),,0.0
2026-08-10T11:14:41.784,1786335281.784728,-0.08900000154972076,10.8,-3.7,345.9,1478,1499,1478,1478,1499,1478,235,200,MANUAL (Remote),,0.0
2026-08-10T11:14:42.284,1786335282.284694,-0.08100000023841858,11.6,2.3,338.3,1478,1499,1478,1478,1499,1478,235,160,MANUAL (Remote),,0.0
2026-08-10T11:14:42.784,1786335282.784758,-0.09399999678134918,13.6,0.9,332.2,1478,1499,1478,1478,1499,1478,235,180,MANUAL (Remote),,0.0
2026-08-10T11:14:43.284,1786335283.284822,-0.09099999815225601,12.8,-3.4,325.7,1478,1499,1478,1478,1499,1478,235,230,MANUAL (Remote),,0.0
2026-08-10T11:14:43.784,1786335283.784699,-0.08699999749660492,11.7,-4.8,320.4,1478,1899,1478,1478,1100,1478,235,240,MANUAL (Remote),,-0.5
2026-08-10T11:14:44.284,1786335284.284819,-0.0989999994635582,12.1,-1.9,302.8,1475,1499,1475,1475,1499,1475,235,240,MANUAL (Remote),,0.0
2026-08-10T11:14:44.784,1786335284.784765,-0.09399999678134918,8.6,-7.3,296.7,1461,1499,1461,1461,1499,1461,235,240,MANUAL (Remote),,0.0
2026-08-10T11:14:45.284,1786335285.284692,-0.08699999749660492,5.3,-13.1,297.1,1431,1499,1431,1431,1499,1431,235,240,MANUAL (Remote),,0.0
2026-08-10T11:14:45.784,1786335285.784729,-0.05700000002980232,3.7,-13.6,297.8,1401,1499,1401,1401,1499,1401,235,240,MANUAL (Remote),,0.0
2026-08-10T11:14:46.284,1786335286.284752,-0.017999999225139618,3.4,-14.5,297.1,1401,1499,1401,1401,1499,1401,235,240,MANUAL (Remote),,0.0
2026-08-10T11:14:46.784,1786335286.784708,0.008999999612569809,3.5,-17.1,296.1,1401,1898,1401,1401,1900,1401,235,240,MANUAL (Remote),,399.0
2026-08-10T11:14:47.284,1786335287.284719,0.06599999964237213,-6.8,-17.5,294.8,1401,1898,1401,1401,1900,1401,235,240,MANUAL (Remote),,399.0
2026-08-10T11:14:47.784,1786335287.784838,0.09399999678134918,-13.3,-17.0,292.8,1401,1898,1401,1401,1900,1401,235,240,MANUAL (Remote),,399.0
2026-08-10T11:14:48.284,1786335288.284759,0.08699999749660492,-11.1,-17.7,291.3,1401,1898,1401,1401,1900,1401,235,240,MANUAL (Remote),,399.0
2026-08-10T11:14:48.784,1786335288.784761,0.07699999958276749,-8.1,-18.7,292.4,1401,1547,1401,1401,1847,1401,235,240,MANUAL (Remote),,197.0
2026-08-10T11:14:49.284,1786335289.284698,0.07500000298023224,-1.4,-20.6,299.1,1401,1570,1401,1401,1850,1401,235,240,MANUAL (Remote),,210.0
2026-08-10T11:14:49.784,1786335289.784707,0.09000000357627869,4.2,-20.9,307.0,1401,1621,1401,1401,1853,1401,235,240,MANUAL (Remote),,237.0
2026-08-10T11:14:50.284,1786335290.284712,0.1340000033378601,4.1,-19.2,313.1,1401,1784,1401,1401,1884,1401,235,240,MANUAL (Remote),,334.0
2026-08-10T11:14:50.784,1786335290.784704,0.17100000381469727,-0.2,-15.7,313.4,1401,1893,1401,1401,1900,1401,235,240,MANUAL (Remote),,396.5
2026-08-10T11:14:51.284,1786335291.284763,0.1899999976158142,-2.5,-11.8,310.3,1401,1894,1401,1401,1900,1401,235,240,MANUAL (Remote),,397.0
2026-08-10T11:14:51.784,1786335291.784683,0.1860000044107437,-1.2,-11.2,307.7,1401,1893,1401,1401,1900,1401,235,240,MANUAL (Remote),,396.5
2026-08-10T11:14:52.284,1786335292.284715,0.18299999833106995,0.6,-12.9,305.6,1401,1893,1401,1401,1900,1401,235,240,MANUAL (Remote),,396.5
2026-08-10T11:14:52.784,1786335292.78474,0.19300000369548798,2.3,-14.7,304.2,1401,1893,1401,1401,1900,1401,235,240,MANUAL (Remote),,396.5
2026-08-10T11:14:53.284,1786335293.284836,0.20100000500679016,2.5,-15.3,303.4,1401,1795,1401,1401,1891,1401,235,240,MANUAL (Remote),,343.0
2026-08-10T11:14:53.784,1786335293.784692,0.2329999953508377,4.0,-15.7,305.5,1401,1676,1401,1401,1858,1401,235,240,MANUAL (Remote),,267.0
2026-08-10T11:14:54.284,1786335294.284734,0.257999986410141,5.7,-16.8,309.1,1401,1500,1401,1401,1844,1401,235,240,MANUAL (Remote),,172.0
2026-08-10T11:14:54.784,1786335294.784769,0.289000004529953,7.1,-17.8,313.0,1401,1402,1401,1401,1848,1401,235,240,MANUAL (Remote),,125.0
2026-08-10T11:14:55.284,1786335295.284706,0.31700000166893005,8.2,-15.7,316.5,1401,1402,1401,1401,1848,1401,235,240,MANUAL (Remote),,125.0
2026-08-10T11:14:55.784,1786335295.784701,0.3499999940395355,8.5,-13.0,319.8,1401,1368,1401,1401,1856,1401,235,240,MANUAL (Remote),,112.0
2026-08-10T11:14:56.284,1786335296.284661,0.38499999046325684,9.7,-10.6,322.5,1401,1113,1401,1401,1900,1401,235,240,MANUAL (Remote),,6.5
2026-08-10T11:14:56.784,1786335296.784764,0.40299999713897705,15.0,-10.5,336.0,1401,1136,1401,1401,1900,1401,235,240,MANUAL (Remote),,18.0
2026-08-10T11:14:57.284,1786335297.284724,0.4230000078678131,17.3,-10.9,345.1,1401,1163,1401,1401,1900,1401,235,240,MANUAL (Remote),,31.5
2026-08-10T11:14:57.784,1786335297.784678,0.4580000042915344,13.4,-9.8,339.9,1401,1879,1401,1401,1900,1401,235,240,MANUAL (Remote),,389.5
2026-08-10T11:14:58.284,1786335298.284689,0.5090000033378601,0.2,-7.3,328.4,1401,1866,1401,1401,1900,1401,235,240,MANUAL (Remote),,383.0
2026-08-10T11:14:58.784,1786335298.784704,0.5260000228881836,-4.0,-7.4,320.7,1401,1784,1401,1401,1884,1401,235,240,MANUAL (Remote),,334.0
2026-08-10T11:14:59.284,1786335299.284662,0.5109999775886536,1.1,-8.9,319.3,1401,1744,1401,1401,1872,1401,235,240,MANUAL (Remote),,308.0
2026-08-10T11:14:59.784,1786335299.784719,0.5220000147819519,3.8,-10.8,319.7,1401,1769,1401,1401,1881,1401,235,240,MANUAL (Remote),,325.0
2026-08-10T11:15:00.284,1786335300.284733,0.5460000038146973,5.3,-11.8,319.9,1388,1795,1388,1388,1891,1388,235,240,MANUAL (Remote),,343.0
2026-08-10T11:15:00.784,1786335300.784727,0.5509999990463257,7.4,-8.1,322.2,1418,1781,1418,1418,1887,1418,235,240,MANUAL (Remote),,334.0
2026-08-10T11:15:01.284,1786335301.28477,0.5490000247955322,4.7,-9.6,322.1,1448,1854,1448,1448,1900,1448,235,240,MANUAL (Remote),,377.0
2026-08-10T11:15:01.784,1786335301.784739,0.5249999761581421,6.4,-8.8,319.9,1470,1499,1470,1470,1499,1470,235,240,MANUAL (Remote),,0.0
2026-08-10T11:15:02.284,1786335302.284814,0.4580000042915344,9.1,-9.4,316.9,1470,1852,1470,1470,1900,1470,235,240,MANUAL (Remote),,376.0
2026-08-10T11:15:02.784,1786335302.784698,0.4180000126361847,4.7,-12.8,314.9,1470,1852,1470,1470,1900,1470,235,240,MANUAL (Remote),,376.0
2026-08-10T11:15:03.284,1786335303.284737,0.35499998927116394,4.3,-13.9,313.9,1470,1852,1470,1470,1900,1470,235,240,MANUAL (Remote),,376.0
2026-08-10T11:15:03.784,1786335303.784831,0.3019999861717224,4.8,-14.4,313.3,1470,1852,1470,1470,1900,1470,235,240,MANUAL (Remote),,376.0
2026-08-10T11:15:04.284,1786335304.284755,0.24400000274181366,5.1,-11.2,312.7,1470,1852,1470,1470,1900,1470,235,240,MANUAL (Remote),,376.0
2026-08-10T11:15:04.784,1786335304.784715,0.18199999630451202,4.5,-12.1,311.8,1470,1852,1470,1470,1900,1470,235,240,MANUAL (Remote),,376.0
2026-08-10T11:15:05.284,1786335305.284754,0.13600000739097595,4.3,-14.7,311.4,1470,1852,1470,1470,1900,1470,235,240,MANUAL (Remote),,376.0
2026-08-10T11:15:05.784,1786335305.784708,0.07100000232458115,4.0,-15.5,311.5,1470,1854,1470,1470,1900,1470,235,240,MANUAL (Remote),,377.0
2026-08-10T11:15:06.284,1786335306.284723,0.012000000104308128,4.8,-12.2,311.3,1470,1852,1470,1470,1900,1470,235,240,MANUAL (Remote),,376.0
2026-08-10T11:15:06.784,1786335306.784752,-0.0430000014603138,5.5,-11.5,311.2,1470,1852,1470,1470,1900,1470,235,240,MANUAL (Remote),,376.0
2026-08-10T11:15:07.284,1786335307.284732,-0.09000000357627869,5.6,-12.7,310.8,1470,1854,1470,1470,1900,1470,235,240,MANUAL (Remote),,377.0
2026-08-10T11:15:07.784,1786335307.7847,-0.10000000149011612,6.6,-13.0,310.3,1464,1499,1464,1464,1499,1464,235,240,MANUAL (Remote),,0.0
2026-08-10T11:15:08.284,1786335308.284691,-0.09600000083446503,9.4,-11.5,310.1,1437,1499,1437,1437,1499,1437,235,240,MANUAL (Remote),,0.0
2026-08-10T11:15:08.784,1786335308.784737,-0.07199999690055847,8.2,-12.3,309.3,1418,1493,1418,1418,1513,1418,235,240,MANUAL (Remote),,0.0
2026-08-10T11:15:09.284,1786335309.284753,-0.03799999877810478,6.3,-15.9,312.1,1418,1136,1418,1418,1900,1418,235,240,MANUAL (Remote),,18.0
2026-08-10T11:15:09.784,1786335309.784716,-0.029999999329447746,10.9,-19.1,331.4,1418,1249,1418,1418,1799,1418,235,240,MANUAL (Remote),,24.0
2026-08-10T11:15:10.284,1786335310.284765,-0.007000000216066837,11.3,-12.6,333.3,1418,1650,1418,1418,1662,1418,235,240,MANUAL (Remote),,156.0
2026-08-10T11:15:10.784,1786335310.784753,0.013000000268220901,6.1,-7.3,327.0,1418,1655,1418,1418,1667,1418,235,240,MANUAL (Remote),,161.0
2026-08-10T11:15:11.284,1786335311.284691,0.024000000208616257,1.1,-9.9,319.3,1418,1658,1418,1418,1676,1418,235,240,MANUAL (Remote),,167.0
2026-08-10T11:15:11.784,1786335311.784693,0.017999999225139618,-0.9,-15.1,313.3,1418,1615,1418,1418,1697,1418,235,240,MANUAL (Remote),,156.0
2026-08-10T11:15:12.284,1786335312.284679,0.013000000268220901,0.5,-16.8,311.5,1418,1456,1418,1418,1824,1418,235,240,MANUAL (Remote),,140.0
2026-08-10T11:15:12.784,1786335312.784771,0.012000000104308128,2.3,-17.6,316.4,1418,1245,1418,1418,1877,1418,235,240,MANUAL (Remote),,61.0
2026-08-10T11:15:13.284,1786335313.284728,0.004999999888241291,6.2,-18.4,329.5,1418,1177,1418,1418,1900,1418,235,240,MANUAL (Remote),,38.5
2026-08-10T11:15:13.784,1786335313.784665,-0.004000000189989805,12.0,-15.4,344.5,1418,1193,1418,1418,1897,1418,235,240,MANUAL (Remote),,45.0
2026-08-10T11:15:14.284,1786335314.284818,0.0,11.1,-11.9,356.5,1418,1216,1418,1418,1884,1418,235,240,MANUAL (Remote),,50.0
2026-08-10T11:15:14.784,1786335314.784694,0.0020000000949949026,7.8,-12.2,5.2,1418,1245,1418,1418,1877,1418,235,240,MANUAL (Remote),,61.0
2026-08-10T11:15:15.284,1786335315.284709,-0.010999999940395355,7.4,-11.4,12.4,1418,1245,1418,1418,1877,1418,235,240,MANUAL (Remote),,61.0
2026-08-10T11:15:15.784,1786335315.784753,-0.020999999716877937,6.0,-7.4,17.4,1418,1499,1418,1418,1499,1418,235,240,MANUAL (Remote),,0.0
2026-08-10T11:15:16.284,1786335316.284722,-0.023000000044703484,2.3,-0.4,9.3,1418,1854,1418,1418,1900,1418,235,240,MANUAL (Remote),,377.0
2026-08-10T11:15:16.784,1786335316.784665,-0.014999999664723873,-6.9,1.6,0.2,1418,1854,1418,1418,1900,1418,235,240,MANUAL (Remote),,377.0
2026-08-10T11:15:17.284,1786335317.2847,-0.04800000041723251,-4.1,-2.0,355.4,1418,1854,1418,1418,1900,1418,235,240,MANUAL (Remote),,377.0
2026-08-10T11:15:17.784,1786335317.784734,-0.06499999761581421,2.8,-8.2,352.4,1412,1854,1412,1412,1900,1412,235,240,MANUAL (Remote),,377.0
2026-08-10T11:15:18.284,1786335318.284701,-0.04100000113248825,4.4,-9.9,350.8,1412,1854,1412,1412,1900,1412,235,240,MANUAL (Remote),,377.0
2026-08-10T11:15:18.784,1786335318.784737,-0.01899999938905239,3.8,-8.3,350.3,1412,1854,1412,1412,1900,1412,235,240,MANUAL (Remote),,377.0
2026-08-10T11:15:19.284,1786335319.284681,0.013000000268220901,1.7,-8.1,350.2,1412,1866,1412,1412,1900,1412,235,240,MANUAL (Remote),,383.0
2026-08-10T11:15:19.784,1786335319.784809,0.03500000014901161,-0.2,-9.3,349.8,1412,1866,1412,1412,1900,1412,235,240,MANUAL (Remote),,383.0
2026-08-10T11:15:20.284,1786335320.28467,0.05299999937415123,0.2,-8.3,346.3,1412,1888,1412,1412,1780,1412,235,240,MANUAL (Remote),,334.0
2026-08-10T11:15:20.784,1786335320.784822,0.05900000035762787,0.7,-9.5,340.8,1412,1898,1412,1412,1806,1412,235,240,MANUAL (Remote),,352.0
2026-08-10T11:15:21.284,1786335321.284721,0.06599999964237213,1.5,-11.8,335.7,1412,1833,1412,1412,1641,1412,235,240,MANUAL (Remote),,237.0
2026-08-10T11:15:21.784,1786335321.784695,0.0820000022649765,2.0,-14.5,328.5,1412,1805,1412,1412,1627,1412,235,240,MANUAL (Remote),,216.0
2026-08-10T11:15:22.284,1786335322.284739,0.10100000351667404,-0.3,-15.5,322.7,1412,1808,1412,1412,1652,1412,235,240,MANUAL (Remote),,230.0
2026-08-10T11:15:22.784,1786335322.784782,0.125,-2.9,-15.2,318.1,1412,1767,1412,1412,1679,1412,235,240,MANUAL (Remote),,223.0
2026-08-10T11:15:23.284,1786335323.2848,0.14100000262260437,-3.6,-16.1,315.9,1412,1566,1412,1412,1546,1412,235,240,MANUAL (Remote),,56.0
2026-08-10T11:15:23.784,1786335323.784772,0.14399999380111694,1.2,-18.2,317.1,1412,1501,1412,1412,1499,1412,235,190,MANUAL (Remote),,0.0
2026-08-10T11:15:24.284,1786335324.284713,0.1459999978542328,4.2,-18.7,319.0,1412,1501,1412,1412,1499,1412,235,180,MANUAL (Remote),,0.0
2026-08-10T11:15:24.784,1786335324.784805,0.16699999570846558,3.2,-17.4,321.0,1412,1499,1412,1412,1499,1412,235,220,MANUAL (Remote),,0.0
2026-08-10T11:15:25.284,1786335325.284726,0.19099999964237213,1.2,-16.8,322.0,1412,1499,1412,1412,1499,1412,235,230,MANUAL (Remote),,0.0
2026-08-10T11:15:25.784,1786335325.784796,0.20999999344348907,0.9,-16.7,322.7,1429,1499,1429,1429,1499,1429,235,200,MANUAL (Remote),,0.0
2026-08-10T11:15:26.284,1786335326.284694,0.19900000095367432,1.3,-15.3,322.4,1429,1710,1429,1429,1710,1429,235,200,MANUAL (Remote),,210.0
2026-08-10T11:15:26.784,1786335326.784743,0.1899999976158142,-2.2,-15.3,322.0,1429,1609,1429,1429,1851,1429,235,200,MANUAL (Remote),,230.0
2026-08-10T11:15:27.284,1786335327.284716,0.1679999977350235,-1.8,-17.8,328.6,1429,1586,1429,1429,1846,1429,235,200,MANUAL (Remote),,216.0
2026-08-10T11:15:27.784,1786335327.784694,0.1289999932050705,3.6,-16.4,337.5,1429,1437,1429,1429,1843,1429,235,200,MANUAL (Remote),,140.0
2026-08-10T11:15:28.284,1786335328.28469,0.10100000351667404,7.8,-13.0,348.0,1429,1414,1429,1429,1846,1429,235,200,MANUAL (Remote),,130.0
2026-08-10T11:15:28.784,1786335328.784734,0.06800000369548798,7.9,-9.3,357.7,1429,1425,1429,1429,1845,1429,235,200,MANUAL (Remote),,135.0
2026-08-10T11:15:29.284,1786335329.284808,0.04899999871850014,7.2,-6.5,5.2,1429,1453,1429,1429,1847,1429,235,200,MANUAL (Remote),,150.0
2026-08-10T11:15:29.784,1786335329.784695,0.020999999716877937,6.2,-3.1,11.8,1429,1699,1429,1429,1867,1429,235,200,MANUAL (Remote),,283.0
2026-08-10T11:15:30.284,1786335330.284748,0.0,4.2,0.1,14.8,1429,1767,1429,1429,1883,1429,235,200,MANUAL (Remote),,325.0
2026-08-10T11:15:30.784,1786335330.784746,-0.017999999225139618,2.6,1.1,16.0,1429,1769,1429,1429,1881,1429,235,200,MANUAL (Remote),,325.0
2026-08-10T11:15:31.284,1786335331.284709,-0.024000000208616257,3.4,3.3,15.5,1429,1811,1429,1429,1893,1429,235,200,MANUAL (Remote),,352.0
2026-08-10T11:15:31.784,1786335331.784834,-0.03400000184774399,4.4,4.1,14.3,1429,1811,1429,1429,1893,1429,235,200,MANUAL (Remote),,352.0
2026-08-10T11:15:32.284,1786335332.284772,-0.03099999949336052,6.0,4.7,11.5,1429,1809,1429,1429,1895,1429,235,200,MANUAL (Remote),,352.0
2026-08-10T11:15:32.784,1786335332.784718,-0.026000000536441803,7.0,3.8,6.9,1429,1809,1429,1429,1895,1429,235,200,MANUAL (Remote),,352.0
2026-08-10T11:15:33.284,1786335333.284786,-0.010999999940395355,7.4,3.5,3.3,1429,1811,1429,1429,1893,1429,235,200,MANUAL (Remote),,352.0
2026-08-10T11:15:33.784,1786335333.784733,-0.003000000026077032,7.3,4.5,359.0,1429,1811,1429,1429,1893,1429,235,200,MANUAL (Remote),,352.0
2026-08-10T11:15:34.284,1786335334.284802,0.0020000000949949026,11.9,4.1,353.0,1429,1499,1429,1429,1499,1429,235,200,MANUAL (Remote),,0.0
2026-08-10T11:15:34.784,1786335334.784802,-0.008999999612569809,15.6,2.7,346.2,1429,1499,1429,1429,1499,1429,235,200,MANUAL (Remote),,0.0
2026-08-10T11:15:35.284,1786335335.284697,-0.013000000268220901,13.8,-0.2,337.0,1429,1499,1429,1429,1499,1429,235,200,MANUAL (Remote),,0.0
2026-08-10T11:15:35.784,1786335335.784764,-0.01600000075995922,10.0,-2.2,328.0,1429,1871,1429,1429,1127,1429,235,200,MANUAL (Remote),,-1.0
2026-08-10T11:15:36.284,1786335336.284733,-0.04100000113248825,8.9,-5.6,303.3,1429,1871,1429,1429,1127,1429,235,200,MANUAL (Remote),,-1.0
2026-08-10T11:15:36.784,1786335336.784721,-0.05400000140070915,0.9,-11.1,286.6,1429,1863,1429,1429,1137,1429,235,200,MANUAL (Remote),,0.0
2026-08-10T11:15:37.284,1786335337.284762,-0.057999998331069946,-7.6,-12.6,277.0,1429,1853,1429,1429,1147,1429,235,200,MANUAL (Remote),,0.0
2026-08-10T11:15:37.784,1786335337.78473,-0.06800000369548798,-16.4,-7.4,265.4,1429,1809,1429,1429,1191,1429,235,200,MANUAL (Remote),,0.0
2026-08-10T11:15:38.284,1786335338.284769,-0.07900000363588333,-21.8,-6.1,261.4,1412,1499,1412,1412,1499,1412,235,200,MANUAL (Remote),,0.0
2026-08-10T11:15:38.784,1786335338.784867,-0.05400000140070915,-22.8,-16.6,270.9,1393,1499,1393,1393,1499,1393,235,200,MANUAL (Remote),,0.0
2026-08-10T11:15:39.284,1786335339.284776,-0.009999999776482582,-23.7,-21.3,279.2,1393,1900,1393,1393,1899,1393,235,200,MANUAL (Remote),,399.5
2026-08-10T11:15:39.784,1786335339.784845,0.052000001072883606,-31.1,-16.3,280.2,1393,1851,1393,1393,1493,1393,235,200,MANUAL (Remote),,175.5
2026-08-10T11:15:40.284,1786335340.284843,0.05999999865889549,-28.5,-8.3,273.6,1393,1863,1393,1393,1343,1393,235,200,MANUAL (Remote),,103.0
2026-08-10T11:15:40.784,1786335340.784759,0.06400000303983688,-21.7,-5.0,263.6,1393,1900,1393,1393,1195,1393,235,200,MANUAL (Remote),,47.5
2026-08-10T11:15:41.284,1786335341.284714,0.07699999958276749,-15.1,-5.6,251.7,1393,1837,1393,1393,1317,1393,235,200,MANUAL (Remote),,77.0
2026-08-10T11:15:41.784,1786335341.784716,0.12700000405311584,-14.4,-12.9,254.6,1401,1499,1401,1401,1499,1401,235,200,MANUAL (Remote),,0.0
2026-08-10T11:15:42.284,1786335342.284719,0.15800000727176666,-13.0,-15.5,266.8,1429,1501,1429,1429,1499,1429,235,200,MANUAL (Remote),,0.0
2026-08-10T11:15:42.784,1786335342.784765,0.16200000047683716,-10.9,-10.7,274.5,1429,1499,1429,1429,1499,1429,235,200,MANUAL (Remote),,0.0
2026-08-10T11:15:43.284,1786335343.284791,0.1589999943971634,-8.3,-9.6,279.5,1429,1900,1429,1429,1900,1429,235,200,MANUAL (Remote),,400.0
2026-08-10T11:15:43.784,1786335343.784778,0.14800000190734863,-13.2,-14.5,283.3,1429,1856,1429,1429,1434,1429,235,200,MANUAL (Remote),,145.0
2026-08-10T11:15:44.284,1786335344.284751,0.11500000208616257,-8.3,-11.0,271.6,1429,1900,1429,1429,1124,1429,235,200,MANUAL (Remote),,12.0
2026-08-10T11:15:44.784,1786335344.784777,0.054999999701976776,-1.1,-8.5,256.0,1429,1900,1429,1429,1900,1429,235,200,MANUAL (Remote),,400.0
2026-08-10T11:15:45.284,1786335345.284746,0.0430000014603138,-6.6,-14.1,259.8,1429,1900,1429,1429,1900,1429,235,200,MANUAL (Remote),,400.0
2026-08-10T11:15:45.784,1786335345.784685,0.029999999329447746,-13.5,-15.7,266.3,1429,1900,1429,1429,1899,1429,235,200,MANUAL (Remote),,399.5
2026-08-10T11:15:46.284,1786335346.284797,-0.012000000104308128,-9.7,-11.1,267.5,1429,1900,1429,1429,1899,1429,235,200,MANUAL (Remote),,399.5
2026-08-10T11:15:46.784,1786335346.784729,-0.039000000804662704,-0.0,-11.5,268.9,1429,1499,1429,1429,1499,1429,235,200,MANUAL (Remote),,0.0
2026-08-10T11:15:47.284,1786335347.284804,-0.05999999865889549,4.6,-14.3,272.8,1429,1499,1429,1429,1499,1429,235,200,MANUAL (Remote),,0.0
2026-08-10T11:15:47.784,1786335347.784699,-0.05700000002980232,1.2,-14.6,276.4,1429,1899,1429,1429,1100,1429,235,200,MANUAL (Remote),,-0.5
2026-08-10T11:15:48.284,1786335348.284687,-0.050999999046325684,-3.2,-13.0,276.8,1429,1867,1429,1429,1900,1429,235,200,MANUAL (Remote),,383.5
2026-08-10T11:15:48.784,1786335348.784712,-0.04699999839067459,-8.9,-12.4,274.4,1438,1499,1438,1438,1499,1438,235,200,MANUAL (Remote),,0.0
2026-08-10T11:15:49.284,1786335349.284736,-0.07699999958276749,-2.7,-14.2,275.9,1449,1499,1449,1449,1499,1449,235,200,MANUAL (Remote),,0.0
2026-08-10T11:15:49.784,1786335349.784716,-0.09700000286102295,0.7,-14.2,280.0,1433,1499,1433,1433,1499,1433,235,200,MANUAL (Remote),,0.0
2026-08-10T11:15:50.284,1786335350.284723,-0.07500000298023224,-1.0,-13.1,283.1,1418,1499,1418,1418,1499,1418,235,200,MANUAL (Remote),,0.0
2026-08-10T11:15:50.784,1786335350.78474,-0.05000000074505806,-3.1,-13.7,284.6,1418,1900,1418,1418,1900,1418,235,200,MANUAL (Remote),,400.0
2026-08-10T11:15:51.284,1786335351.28471,-0.01600000075995922,-11.1,-15.2,284.0,1418,1900,1418,1418,1900,1418,235,200,MANUAL (Remote),,400.0
2026-08-10T11:15:51.784,1786335351.784706,-0.017000000923871994,-6.2,-15.5,283.6,1418,1505,1418,1418,1507,1418,235,200,MANUAL (Remote),,0.0
2026-08-10T11:15:52.284,1786335352.284695,-0.02800000086426735,2.0,-16.1,287.5,1418,1499,1418,1418,1499,1418,235,200,MANUAL (Remote),,0.0
2026-08-10T11:15:52.784,1786335352.784748,-0.017000000923871994,4.5,-15.7,290.2,1418,1499,1418,1418,1499,1418,235,200,MANUAL (Remote),,0.0
2026-08-10T11:15:53.284,1786335353.284798,-0.003000000026077032,2.7,-15.0,291.2,1418,1499,1418,1418,1499,1418,235,200,MANUAL (Remote),,0.0
2026-08-10T11:15:53.784,1786335353.784734,0.019999999552965164,0.3,-15.2,292.1,1418,1499,1418,1418,1499,1418,235,200,MANUAL (Remote),,0.0
2026-08-10T11:15:54.284,1786335354.28471,0.02800000086426735,0.3,-15.4,293.3,1418,1745,1418,1418,1255,1418,235,200,MANUAL (Remote),,0.0
2026-08-10T11:15:54.784,1786335354.784849,0.029999999329447746,0.7,-14.0,290.8,1418,1500,1418,1418,1500,1418,235,200,MANUAL (Remote),,0.0
2026-08-10T11:15:55.284,1786335355.284689,0.0430000014603138,1.0,-18.1,295.6,1418,1109,1418,1418,1900,1418,235,200,MANUAL (Remote),,4.5
2026-08-10T11:15:55.784,1786335355.784754,0.035999998450279236,10.3,-24.8,318.4,1418,1112,1418,1418,1900,1418,235,200,MANUAL (Remote),,6.0
2026-08-10T11:15:56.284,1786335356.28473,0.03500000014901161,17.0,-23.0,331.4,1418,1118,1418,1418,1900,1418,235,200,MANUAL (Remote),,9.0
2026-08-10T11:15:56.784,1786335356.78474,0.024000000208616257,17.1,-17.9,344.5,1418,1118,1418,1418,1900,1418,235,200,MANUAL (Remote),,9.0
2026-08-10T11:15:57.284,1786335357.284711,0.014999999664723873,13.1,-16.1,351.8,1421,1499,1421,1421,1499,1421,235,200,MANUAL (Remote),,0.0
2026-08-10T11:15:57.784,1786335357.784732,0.023000000044703484,5.5,-8.6,339.8,1402,1499,1402,1402,1499,1402,235,200,MANUAL (Remote),,0.0
2026-08-10T11:15:58.284,1786335358.284759,0.03500000014901161,2.3,-7.9,328.3,1381,1499,1381,1381,1499,1381,235,200,MANUAL (Remote),,0.0
2026-08-10T11:15:58.784,1786335358.784732,0.05900000035762787,3.6,-13.6,319.9,1381,1103,1381,1381,1900,1381,235,200,MANUAL (Remote),,1.5
2026-08-10T11:15:59.284,1786335359.284729,0.0989999994635582,8.1,-21.6,322.4,1381,1105,1381,1381,1900,1381,235,200,MANUAL (Remote),,2.5
2026-08-10T11:15:59.784,1786335359.784779,0.12999999523162842,15.1,-23.9,332.1,1390,1499,1390,1390,1499,1390,235,200,MANUAL (Remote),,0.0
2026-08-10T11:16:00.284,1786335360.284746,0.18700000643730164,10.8,-14.1,326.0,1420,1499,1420,1420,1499,1420,235,200,MANUAL (Remote),,0.0
2026-08-10T11:16:00.784,1786335360.784787,0.22499999403953552,4.0,-5.2,320.1,1456,1499,1456,1456,1499,1456,235,200,MANUAL (Remote),,0.0
2026-08-10T11:16:01.284,1786335361.284766,0.20100000500679016,1.8,-6.7,317.1,1480,1499,1480,1480,1499,1480,235,200,MANUAL (Remote),,0.0
2026-08-10T11:16:01.784,1786335361.784689,0.12700000405311584,3.3,-13.9,314.2,1507,1499,1507,1507,1499,1507,235,200,MANUAL (Remote),,0.0
2026-08-10T11:16:02.284,1786335362.284721,0.020999999716877937,3.6,-15.8,311.5,1507,1118,1507,1507,1900,1507,235,200,MANUAL (Remote),,9.0
2026-08-10T11:16:02.784,1786335362.784724,-0.08799999952316284,4.8,-16.3,317.7,1507,1499,1507,1507,1499,1507,235,200,MANUAL (Remote),,0.0
2026-08-10T11:16:03.284,1786335363.284646,-0.11599999666213989,5.9,-13.8,320.0,1507,1899,1507,1507,1100,1507,235,200,MANUAL (Remote),,-0.5
2026-08-10T11:16:03.784,1786335363.78475,-0.11100000143051147,6.7,-5.6,297.9,1507,1899,1507,1507,1100,1507,235,200,MANUAL (Remote),,-0.5
2026-08-10T11:16:04.284,1786335364.284714,-0.10199999809265137,2.9,-2.2,285.4,1506,1499,1507,1505,1499,1506,235,200,MANUAL (Remote),,0.0
2026-08-10T11:16:04.784,1786335364.784721,-0.10000000149011612,-1.8,-12.3,287.9,1506,1499,1507,1495,1499,1496,235,200,MANUAL (Remote),,0.0
2026-08-10T11:16:05.284,1786335365.284742,-0.09399999678134918,1.3,-19.0,291.3,1505,1499,1507,1504,1499,1506,235,200,MANUAL (Remote),,0.0
2026-08-10T11:16:05.784,1786335365.784796,-0.09799999743700027,2.2,-14.8,294.8,1418,1499,1507,1417,1499,1506,235,200,MANUAL (Remote),,0.0
2026-08-10T11:16:06.284,1786335366.284697,-0.0949999988079071,8.8,-11.3,297.1,1345,1499,1507,1344,1499,1506,235,200,MANUAL (Remote),,0.0
2026-08-10T11:16:06.784,1786335366.784738,-0.08699999749660492,15.3,-16.3,298.6,1507,1499,1507,1507,1499,1507,235,200,MANUAL (Remote),,0.0
2026-08-10T11:16:07.284,1786335367.284681,-0.0820000022649765,4.5,-15.4,301.0,1507,1154,1507,1507,1878,1507,235,200,MANUAL (Remote),,16.0
2026-08-10T11:16:07.784,1786335367.784664,-0.0989999994635582,2.2,-16.7,309.0,1507,1661,1507,1507,1673,1507,235,200,MANUAL (Remote),,167.0
2026-08-10T11:16:08.284,1786335368.284712,-0.0989999994635582,2.7,-15.3,312.1,1507,1883,1507,1507,1900,1507,235,200,MANUAL (Remote),,391.5
2026-08-10T11:16:08.784,1786335368.784795,-0.08500000089406967,-2.3,-10.9,308.5,1507,1725,1507,1507,1873,1507,235,200,MANUAL (Remote),,299.0
2026-08-10T11:16:09.284,1786335369.284768,-0.0989999994635582,3.9,-12.4,309.4,1507,1563,1507,1507,1843,1507,235,200,MANUAL (Remote),,203.0
2026-08-10T11:16:09.784,1786335369.784779,-0.09799999743700027,7.5,-14.3,316.4,1507,1500,1507,1507,1844,1507,235,200,MANUAL (Remote),,172.0
2026-08-10T11:16:10.284,1786335370.284713,-0.10000000149011612,7.8,-11.9,325.7,1507,1500,1507,1507,1844,1507,235,200,MANUAL (Remote),,172.0
2026-08-10T11:16:10.784,1786335370.784706,-0.09799999743700027,7.7,-7.3,334.9,1507,1500,1507,1507,1844,1507,235,200,MANUAL (Remote),,172.0
2026-08-10T11:16:11.284,1786335371.284774,-0.09600000083446503,7.5,-4.8,342.8,1507,1570,1507,1507,1850,1507,235,200,MANUAL (Remote),,210.0
2026-08-10T11:16:11.784,1786335371.784762,-0.0949999988079071,6.6,-4.3,349.0,1507,1741,1507,1507,1875,1507,235,200,MANUAL (Remote),,308.0
2026-08-10T11:16:12.284,1786335372.284736,-0.09000000357627869,5.4,-4.1,351.1,1507,1741,1507,1507,1875,1507,235,200,MANUAL (Remote),,308.0
2026-08-10T11:16:12.784,1786335372.784863,-0.09700000286102295,6.4,-4.6,352.4,1507,1741,1507,1507,1875,1507,235,200,MANUAL (Remote),,308.0
2026-08-10T11:16:13.284,1786335373.284714,-0.0989999994635582,6.7,-4.5,353.4,1505,1499,1505,1505,1499,1505,235,200,MANUAL (Remote),,0.0
2026-08-10T11:16:13.784,1786335373.784745,-0.11299999803304672,9.7,-4.2,350.5,1475,1499,1475,1475,1499,1475,235,200,MANUAL (Remote),,0.0
2026-08-10T11:16:14.284,1786335374.284856,-0.10000000149011612,8.0,-6.3,347.1,1474,1499,1474,1474,1499,1474,235,200,MANUAL (Remote),,0.0
2026-08-10T11:16:14.784,1786335374.784804,-0.10000000149011612,6.8,-7.4,343.9,1501,1499,1501,1501,1499,1501,235,200,MANUAL (Remote),,0.0
2026-08-10T11:16:15.284,1786335375.284718,-0.09700000286102295,6.9,-8.8,340.3,1531,1499,1531,1531,1499,1531,235,200,MANUAL (Remote),,0.0
2026-08-10T11:16:15.784,1786335375.784706,-0.10100000351667404,6.0,-10.1,337.6,1561,1499,1561,1561,1499,1561,235,200,MANUAL (Remote),,0.0
2026-08-10T11:16:16.284,1786335376.284853,-0.11100000143051147,4.2,-11.2,337.0,1588,1499,1588,1588,1499,1588,235,200,MANUAL (Remote),,0.0
2026-08-10T11:16:16.784,1786335376.78471,-0.11500000208616257,5.1,-11.4,337.6,1610,1499,1610,1610,1499,1610,235,200,MANUAL (Remote),,0.0
2026-08-10T11:16:17.284,1786335377.284679,-0.11500000208616257,5.0,-9.3,338.3,1610,1899,1610,1610,1100,1610,235,200,MANUAL (Remote),,-0.5
2026-08-10T11:16:17.784,1786335377.784679,-0.11299999803304672,5.3,-9.8,333.6,1601,1499,1601,1601,1499,1601,235,200,MANUAL (Remote),,0.0
2026-08-10T11:16:18.284,1786335378.284844,-0.1080000028014183,3.5,-13.5,332.1,1578,1499,1578,1578,1499,1578,235,200,MANUAL (Remote),,0.0
2026-08-10T11:16:18.784,1786335378.784809,-0.10000000149011612,0.5,-15.1,332.3,1578,1893,1578,1578,1900,1578,235,200,MANUAL (Remote),,396.5
2026-08-10T11:16:19.284,1786335379.284664,-0.0949999988079071,0.7,-15.1,332.7,1578,1899,1578,1578,1100,1578,235,200,MANUAL (Remote),,-0.5
2026-08-10T11:16:19.784,1786335379.784729,-0.10899999737739563,4.8,-10.0,318.5,1578,1900,1578,1578,1100,1578,235,200,MANUAL (Remote),,0.0
2026-08-10T11:16:20.284,1786335380.284661,-0.11400000005960464,2.7,-10.0,311.7,1578,1118,1578,1578,1900,1578,235,200,MANUAL (Remote),,9.0
2026-08-10T11:16:20.784,1786335380.784662,-0.11900000274181366,9.4,-25.9,340.3,1578,1133,1578,1578,1900,1578,235,200,MANUAL (Remote),,16.5
2026-08-10T11:16:21.284,1786335381.284809,-0.11400000005960464,8.8,-23.0,357.6,1578,1499,1578,1578,1499,1578,235,200,MANUAL (Remote),,0.0
2026-08-10T11:16:21.784,1786335381.784739,-0.10700000077486038,3.1,-8.3,355.5,1578,1499,1578,1578,1499,1578,235,200,MANUAL (Remote),,0.0
2026-08-10T11:16:22.284,1786335382.284722,-0.11400000005960464,8.3,-6.0,353.1,1578,1174,1578,1578,1898,1578,235,200,MANUAL (Remote),,36.0
2026-08-10T11:16:22.784,1786335382.784757,-0.10599999874830246,5.4,-12.0,353.9,1578,1499,1578,1578,1499,1578,235,200,MANUAL (Remote),,0.0
2026-08-10T11:16:23.284,1786335383.28476,-0.10400000214576721,3.9,-14.2,355.9,1578,1499,1578,1578,1499,1578,235,200,MANUAL (Remote),,0.0
2026-08-10T11:16:23.784,1786335383.784774,-0.10999999940395355,5.3,-7.4,354.6,1578,1499,1578,1578,1499,1578,235,200,MANUAL (Remote),,0.0
2026-08-10T11:16:24.284,1786335384.284712,-0.10999999940395355,5.0,-5.4,352.9,1578,1499,1578,1578,1499,1578,235,200,MANUAL (Remote),,0.0
2026-08-10T11:16:24.784,1786335384.784679,-0.10499999672174454,4.5,-7.6,351.5,1578,1499,1578,1578,1499,1578,235,200,MANUAL (Remote),,0.0
2026-08-10T11:16:25.284,1786335385.284683,-0.10700000077486038,4.9,-8.0,350.0,1578,1499,1578,1578,1499,1578,235,200,MANUAL (Remote),,0.0
2026-08-10T11:16:25.784,1786335385.784716,-0.10400000214576721,4.2,-8.4,349.2,1578,1499,1578,1578,1499,1578,235,200,MANUAL (Remote),,0.0
2026-08-10T11:16:26.284,1786335386.284718,-0.10999999940395355,5.0,-7.4,348.3,1578,1499,1578,1578,1499,1578,235,200,MANUAL (Remote),,0.0
2026-08-10T11:16:26.784,1786335386.78474,-0.11299999803304672,5.9,-7.2,346.8,1569,1499,1569,1569,1499,1569,235,200,MANUAL (Remote),,0.0
2026-08-10T11:16:27.284,1786335387.284699,-0.10499999672174454,5.3,-6.3,345.3,1566,1499,1566,1566,1499,1566,235,200,MANUAL (Remote),,0.0
2026-08-10T11:16:27.784,1786335387.784736,-0.10599999874830246,6.5,-6.2,343.4,1566,1898,1566,1566,1100,1566,235,200,MANUAL (Remote),,-1.0
2026-08-10T11:16:28.284,1786335388.284683,-0.10400000214576721,6.1,-5.8,338.8,1566,1499,1566,1566,1499,1566,235,200,MANUAL (Remote),,0.0
2026-08-10T11:16:28.784,1786335388.784719,-0.10300000011920929,5.8,-7.3,334.8,1566,1499,1566,1566,1499,1566,235,200,MANUAL (Remote),,0.0
2026-08-10T11:16:29.284,1786335389.284712,-0.10700000077486038,6.2,-8.4,332.8,1566,1499,1566,1566,1499,1566,235,200,MANUAL (Remote),,0.0
2026-08-10T11:16:29.784,1786335389.784795,-0.10300000011920929,5.8,-8.5,331.3,1566,1499,1566,1566,1499,1566,235,200,MANUAL (Remote),,0.0
2026-08-10T11:16:30.284,1786335390.284754,-0.10999999940395355,5.7,-8.4,330.1,1566,1499,1566,1566,1499,1566,235,200,MANUAL (Remote),,0.0
2026-08-10T11:16:30.784,1786335390.784753,-0.10199999809265137,6.3,-9.0,329.1,1566,1499,1566,1566,1499,1566,235,200,MANUAL (Remote),,0.0
2026-08-10T11:16:31.284,1786335391.28467,-0.10300000011920929,6.3,-9.1,327.9,1566,1499,1566,1566,1499,1566,235,200,MANUAL (Remote),,0.0
2026-08-10T11:16:31.784,1786335391.784744,-0.10599999874830246,5.3,-8.7,326.0,1566,1900,1566,1566,1900,1566,235,200,MANUAL (Remote),,400.0
2026-08-10T11:16:32.284,1786335392.284738,-0.08900000154972076,-0.9,-10.1,324.1,1566,1884,1566,1566,1900,1566,235,200,MANUAL (Remote),,392.0
2026-08-10T11:16:32.784,1786335392.784797,-0.0989999994635582,3.3,-11.9,323.9,1566,1699,1566,1566,1867,1566,235,200,MANUAL (Remote),,283.0
2026-08-10T11:16:33.284,1786335393.284755,-0.10599999874830246,7.5,-12.6,327.8,1566,1453,1566,1566,1847,1566,235,200,MANUAL (Remote),,150.0
2026-08-10T11:16:33.784,1786335393.784737,-0.1080000028014183,8.1,-9.8,333.5,1566,1453,1566,1566,1847,1566,235,200,MANUAL (Remote),,150.0
2026-08-10T11:16:34.284,1786335394.284732,-0.10700000077486038,8.6,-4.0,338.3,1566,1453,1566,1566,1847,1566,235,200,MANUAL (Remote),,150.0
2026-08-10T11:16:34.784,1786335394.784746,-0.10400000214576721,9.9,-0.6,342.6,1566,1453,1566,1566,1847,1566,235,200,MANUAL (Remote),,150.0
2026-08-10T11:16:35.284,1786335395.284696,-0.10300000011920929,9.7,1.3,345.0,1566,1453,1566,1566,1847,1566,235,200,MANUAL (Remote),,150.0
2026-08-10T11:16:35.784,1786335395.784759,-0.10199999809265137,8.6,3.7,347.1,1566,1453,1566,1566,1847,1566,235,200,MANUAL (Remote),,150.0
2026-08-10T11:16:36.284,1786335396.284727,-0.10199999809265137,7.8,4.7,348.5,1566,1460,1566,1566,1840,1566,235,200,MANUAL (Remote),,150.0
2026-08-10T11:16:36.784,1786335396.78469,-0.10400000214576721,6.7,5.2,350.2,1566,1453,1566,1566,1847,1566,235,200,MANUAL (Remote),,150.0
2026-08-10T11:16:37.284,1786335397.284688,-0.10300000011920929,7.9,5.9,349.8,1566,1866,1566,1566,1900,1566,235,200,MANUAL (Remote),,383.0
2026-08-10T11:16:37.784,1786335397.784728,-0.10100000351667404,7.5,5.0,341.5,1544,1499,1544,1544,1499,1544,235,200,MANUAL (Remote),,0.0
2026-08-10T11:16:38.284,1786335398.284712,-0.09300000220537186,6.6,1.4,333.6,1544,1852,1544,1544,1900,1544,235,200,MANUAL (Remote),,376.0
2026-08-10T11:16:38.784,1786335398.784765,-0.09300000220537186,3.0,-0.8,328.6,1544,1852,1544,1544,1900,1544,235,200,MANUAL (Remote),,376.0
2026-08-10T11:16:39.284,1786335399.284712,-0.10400000214576721,6.2,-4.0,325.2,1523,1852,1523,1523,1900,1523,235,200,MANUAL (Remote),,376.0
2026-08-10T11:16:39.784,1786335399.784707,-0.09799999743700027,7.8,-6.2,323.6,1505,1854,1505,1505,1900,1505,235,200,MANUAL (Remote),,377.0
2026-08-10T11:16:40.284,1786335400.284717,-0.10199999809265137,7.7,-7.1,321.9,1505,1852,1505,1505,1900,1505,235,200,MANUAL (Remote),,376.0
2026-08-10T11:16:40.784,1786335400.784758,-0.10199999809265137,7.9,-9.2,319.7,1499,1854,1499,1499,1900,1499,235,200,MANUAL (Remote),,377.0
2026-08-10T11:16:41.284,1786335401.284768,-0.10300000011920929,7.7,-11.1,317.6,1491,1854,1491,1491,1900,1491,235,200,MANUAL (Remote),,377.0
2026-08-10T11:16:41.784,1786335401.784842,-0.10199999809265137,7.7,-12.5,315.7,1491,1879,1491,1491,1900,1491,235,200,MANUAL (Remote),,389.5
2026-08-10T11:16:42.284,1786335402.284658,-0.10700000077486038,7.5,-12.7,314.5,1491,1879,1491,1491,1900,1491,235,200,MANUAL (Remote),,389.5
2026-08-10T11:16:42.784,1786335402.784755,-0.09700000286102295,7.4,-12.6,313.7,1491,1891,1491,1491,1900,1491,235,200,MANUAL (Remote),,395.5
2026-08-10T11:16:43.284,1786335403.284708,-0.10000000149011612,7.3,-11.8,313.7,1491,1857,1491,1491,1631,1491,235,200,MANUAL (Remote),,244.0
2026-08-10T11:16:43.784,1786335403.78475,-0.10199999809265137,8.1,-12.3,309.2,1491,1499,1491,1491,1499,1491,235,200,MANUAL (Remote),,0.0
2026-08-10T11:16:44.284,1786335404.284723,-0.10499999672174454,7.2,-16.6,307.6,1491,1898,1491,1491,1900,1491,235,200,MANUAL (Remote),,399.0
2026-08-10T11:16:44.784,1786335404.784727,-0.09700000286102295,1.2,-16.8,307.1,1491,1898,1491,1491,1900,1491,235,200,MANUAL (Remote),,399.0
2026-08-10T11:16:45.284,1786335405.2847,-0.09799999743700027,2.9,-15.4,305.8,1491,1856,1491,1491,1604,1491,235,200,MANUAL (Remote),,230.0
2026-08-10T11:16:45.784,1786335405.784734,-0.10700000077486038,5.4,-13.8,299.1,1491,1861,1491,1491,1627,1491,235,200,MANUAL (Remote),,244.0
2026-08-10T11:16:46.284,1786335406.284772,-0.10300000011920929,3.1,-15.5,293.3,1491,1892,1491,1491,1900,1491,235,200,MANUAL (Remote),,396.0
2026-08-10T11:16:46.784,1786335406.784734,-0.0989999994635582,-1.5,-16.3,290.8,1491,1893,1491,1491,1900,1491,235,200,MANUAL (Remote),,396.5
2026-08-10T11:16:47.284,1786335407.284781,-0.09799999743700027,-0.4,-16.1,291.7,1491,1894,1491,1491,1900,1491,235,200,MANUAL (Remote),,397.0
2026-08-10T11:16:47.784,1786335407.784645,-0.10199999809265137,1.9,-15.8,293.8,1489,1895,1489,1489,1900,1489,235,200,MANUAL (Remote),,397.5
2026-08-10T11:16:48.284,1786335408.284759,-0.10199999809265137,2.9,-14.7,296.1,1459,1894,1459,1459,1900,1459,235,200,MANUAL (Remote),,397.0
2026-08-10T11:16:48.784,1786335408.784782,-0.10000000149011612,4.1,-11.7,296.8,1426,1895,1426,1426,1900,1426,235,200,MANUAL (Remote),,397.5
2026-08-10T11:16:49.284,1786335409.2847,-0.09300000220537186,6.4,-8.2,295.3,1399,1898,1399,1399,1900,1399,235,200,MANUAL (Remote),,399.0
2026-08-10T11:16:49.784,1786335409.784718,-0.06499999761581421,10.4,-7.3,293.9,1384,1499,1384,1384,1499,1384,235,200,MANUAL (Remote),,0.0
2026-08-10T11:16:50.284,1786335410.284746,-0.03500000014901161,16.5,-7.2,293.2,1384,1499,1384,1384,1499,1384,235,200,MANUAL (Remote),,0.0
2026-08-10T11:16:50.784,1786335410.784732,0.0,15.7,-7.4,290.8,1384,1900,1384,1384,1104,1384,235,200,MANUAL (Remote),,2.0
2026-08-10T11:16:51.284,1786335411.284693,0.026000000536441803,13.6,-4.4,271.9,1384,1900,1384,1384,1111,1384,235,200,MANUAL (Remote),,5.5
2026-08-10T11:16:51.784,1786335411.784777,0.05400000140070915,9.2,0.5,264.1,1384,1900,1384,1384,1899,1384,235,200,MANUAL (Remote),,399.5
2026-08-10T11:16:52.284,1786335412.284713,0.09300000220537186,0.1,-5.2,273.6,1399,1900,1399,1399,1900,1399,235,200,MANUAL (Remote),,400.0
2026-08-10T11:16:52.784,1786335412.784747,0.125,-12.2,-11.6,277.3,1408,1900,1408,1408,1899,1408,235,200,MANUAL (Remote),,399.5
2026-08-10T11:16:53.284,1786335413.284723,0.08299999684095383,-9.9,-12.1,277.3,1408,1900,1408,1408,1900,1408,235,200,MANUAL (Remote),,400.0
2026-08-10T11:16:53.784,1786335413.784716,0.027000000700354576,-1.3,-9.1,278.4,1408,1900,1408,1408,1900,1408,235,200,MANUAL (Remote),,400.0
2026-08-10T11:16:54.284,1786335414.284687,0.0020000000949949026,4.7,-8.5,278.9,1408,1900,1408,1408,1900,1408,235,200,MANUAL (Remote),,400.0
2026-08-10T11:16:54.784,1786335414.784711,0.010999999940395355,7.5,-9.7,277.7,1408,1499,1408,1408,1499,1408,235,200,MANUAL (Remote),,0.0
2026-08-10T11:16:55.284,1786335415.284743,0.004000000189989805,12.0,-9.3,277.8,1408,1883,1408,1408,1119,1408,235,200,MANUAL (Remote),,1.0
2026-08-10T11:16:55.784,1786335415.78473,0.01600000075995922,3.4,-8.1,270.0,1408,1893,1408,1408,1900,1408,235,200,MANUAL (Remote),,396.5
2026-08-10T11:16:56.284,1786335416.284784,0.03799999877810478,-8.5,-7.8,271.4,1408,1893,1408,1408,1900,1408,235,200,MANUAL (Remote),,396.5
2026-08-10T11:16:56.784,1786335416.784712,0.026000000536441803,-7.4,-7.0,271.6,1408,1499,1408,1408,1499,1408,235,200,MANUAL (Remote),,0.0
2026-08-10T11:16:57.284,1786335417.284757,-0.0010000000474974513,0.9,-8.4,275.3,1408,1499,1408,1408,1499,1408,235,200,MANUAL (Remote),,0.0
2026-08-10T11:16:57.784,1786335417.784683,-0.014999999664723873,3.0,-10.2,282.1,1408,1499,1408,1408,1499,1408,235,200,MANUAL (Remote),,0.0
2026-08-10T11:16:58.284,1786335418.284784,-0.010999999940395355,-1.0,-10.1,288.5,1408,1499,1408,1408,1499,1408,235,200,MANUAL (Remote),,0.0
2026-08-10T11:16:58.784,1786335418.784733,-0.008999999612569809,-2.6,-8.9,290.7,1408,1900,1408,1408,1100,1408,235,200,MANUAL (Remote),,0.0
2026-08-10T11:16:59.284,1786335419.284722,-0.03700000047683716,-2.8,-5.7,277.7,1408,1501,1408,1408,1499,1408,235,200,MANUAL (Remote),,0.0
2026-08-10T11:16:59.784,1786335419.78482,-0.041999999433755875,-6.0,-12.8,282.1,1408,1499,1408,1408,1499,1408,235,200,MANUAL (Remote),,0.0
2026-08-10T11:17:00.284,1786335420.284744,-0.050999999046325684,-7.3,-16.3,290.6,1424,1499,1424,1424,1499,1424,235,200,MANUAL (Remote),,0.0
2026-08-10T11:17:00.784,1786335420.784724,-0.0689999982714653,-6.4,-15.8,298.6,1433,1899,1433,1433,1900,1433,235,200,MANUAL (Remote),,399.5
2026-08-10T11:17:01.284,1786335421.284717,-0.09200000017881393,-8.9,-13.7,298.2,1433,1900,1433,1433,1100,1433,235,200,MANUAL (Remote),,0.0
2026-08-10T11:17:01.784,1786335421.784687,-0.10100000351667404,-5.1,-14.1,295.7,1433,1898,1433,1433,1900,1433,235,200,MANUAL (Remote),,399.0
2026-08-10T11:17:02.284,1786335422.284705,-0.09300000220537186,-8.0,-17.1,300.2,1433,1898,1433,1433,1900,1433,235,200,MANUAL (Remote),,399.0
2026-08-10T11:17:02.784,1786335422.78481,-0.08500000089406967,-11.9,-16.6,301.7,1433,1899,1433,1433,1900,1433,235,200,MANUAL (Remote),,399.5
2026-08-10T11:17:03.284,1786335423.284714,-0.09600000083446503,-7.7,-15.5,302.0,1433,1895,1433,1433,1900,1433,235,200,MANUAL (Remote),,397.5
2026-08-10T11:17:03.784,1786335423.784879,-0.09099999815225601,-4.6,-17.4,303.5,1433,1895,1433,1433,1900,1433,235,200,MANUAL (Remote),,397.5
2026-08-10T11:17:04.284,1786335424.284711,-0.08399999886751175,-2.6,-19.1,305.6,1433,1894,1433,1433,1900,1433,235,200,MANUAL (Remote),,397.0
2026-08-10T11:17:04.784,1786335424.784878,-0.07599999755620956,-0.9,-17.7,309.2,1433,1894,1433,1433,1900,1433,235,200,MANUAL (Remote),,397.0
2026-08-10T11:17:05.284,1786335425.28476,-0.061000000685453415,0.5,-16.0,312.6,1433,1894,1433,1433,1900,1433,235,200,MANUAL (Remote),,397.0
2026-08-10T11:17:05.784,1786335425.784687,-0.04899999871850014,2.9,-14.7,315.4,1433,1499,1433,1433,1499,1433,235,200,MANUAL (Remote),,0.0
2026-08-10T11:17:06.284,1786335426.284688,-0.061000000685453415,9.2,-13.8,318.5,1433,1883,1433,1433,1900,1433,235,200,MANUAL (Remote),,391.5
2026-08-10T11:17:06.784,1786335426.784756,-0.061000000685453415,7.4,-13.2,320.9,1433,1499,1433,1433,1499,1433,235,200,MANUAL (Remote),,0.0
2026-08-10T11:17:07.284,1786335427.28467,-0.06800000369548798,5.6,-13.7,324.7,1433,1275,1433,1433,1873,1433,235,200,MANUAL (Remote),,74.0
2026-08-10T11:17:07.784,1786335427.784652,-0.08500000089406967,6.2,-14.8,336.0,1433,1499,1433,1433,1499,1433,235,200,MANUAL (Remote),,0.0
2026-08-10T11:17:08.284,1786335428.284659,-0.10000000149011612,7.2,-10.9,336.6,1433,1499,1433,1433,1499,1433,235,200,MANUAL (Remote),,0.0
2026-08-10T11:17:08.784,1786335428.784716,-0.10400000214576721,6.0,-8.7,333.8,1433,1499,1433,1433,1499,1433,235,200,MANUAL (Remote),,0.0
2026-08-10T11:17:09.284,1786335429.284752,-0.09799999743700027,5.2,-9.6,331.6,1433,1191,1433,1433,1895,1433,235,200,MANUAL (Remote),,43.0
2026-08-10T11:17:09.784,1786335429.78466,-0.09300000220537186,7.0,-14.0,344.9,1433,1499,1433,1433,1499,1433,235,200,MANUAL (Remote),,0.0
2026-08-10T11:17:10.284,1786335430.284756,-0.09799999743700027,8.0,-8.5,349.2,1433,1894,1433,1433,1900,1433,235,200,MANUAL (Remote),,397.0
2026-08-10T11:17:10.784,1786335430.784723,-0.09099999815225601,1.5,-1.1,343.7,1433,1895,1433,1433,1900,1433,235,200,MANUAL (Remote),,397.5
2026-08-10T11:17:11.284,1786335431.284725,-0.10000000149011612,2.8,-2.7,337.3,1433,1895,1433,1433,1900,1433,235,200,MANUAL (Remote),,397.5
2026-08-10T11:17:11.784,1786335431.78476,-0.0949999988079071,5.1,-9.2,332.7,1433,1894,1433,1433,1900,1433,235,200,MANUAL (Remote),,397.0
2026-08-10T11:17:12.284,1786335432.284706,-0.08500000089406967,7.9,-13.2,333.2,1433,1402,1433,1433,1848,1433,235,200,MANUAL (Remote),,125.0
2026-08-10T11:17:12.784,1786335432.784724,-0.08299999684095383,11.5,-10.6,341.0,1433,1499,1433,1433,1499,1433,235,200,MANUAL (Remote),,0.0
2026-08-10T11:17:13.284,1786335433.28471,-0.09399999678134918,12.2,-5.7,340.9,1433,1864,1433,1433,1900,1433,235,200,MANUAL (Remote),,382.0
2026-08-10T11:17:13.784,1786335433.784781,-0.08100000023841858,5.5,-6.1,339.7,1433,1437,1433,1433,1843,1433,235,200,MANUAL (Remote),,140.0
2026-08-10T11:17:14.284,1786335434.284737,-0.09099999815225601,5.4,-10.0,345.2,1433,1437,1433,1433,1843,1433,235,200,MANUAL (Remote),,140.0
2026-08-10T11:17:14.784,1786335434.784815,-0.09600000083446503,7.9,-7.5,352.4,1433,1313,1433,1433,1863,1433,235,200,MANUAL (Remote),,88.0
2026-08-10T11:17:15.284,1786335435.284705,-0.10499999672174454,9.9,-1.1,354.9,1433,1854,1433,1433,1900,1433,235,200,MANUAL (Remote),,377.0
2026-08-10T11:17:15.784,1786335435.784763,-0.09300000220537186,6.0,0.1,350.8,1433,1500,1433,1433,1500,1433,235,200,MANUAL (Remote),,0.0
2026-08-10T11:17:16.284,1786335436.284727,-0.10199999809265137,7.9,-4.4,345.6,1466,1499,1466,1466,1499,1466,235,200,MANUAL (Remote),,0.0
2026-08-10T11:17:16.784,1786335436.784797,-0.11299999803304672,6.7,-11.6,342.4,1496,1111,1496,1496,1900,1496,235,200,MANUAL (Remote),,5.5
2026-08-10T11:17:17.284,1786335437.284711,-0.09799999743700027,6.5,-16.9,350.1,1496,1163,1496,1496,1900,1496,235,200,MANUAL (Remote),,31.5
2026-08-10T11:17:17.784,1786335437.784746,-0.11999999731779099,12.6,-13.8,11.1,1496,1231,1496,1496,1881,1496,235,200,MANUAL (Remote),,56.0
2026-08-10T11:17:18.284,1786335438.284707,-0.10999999940395355,9.4,-0.1,16.9,1496,1894,1496,1496,1900,1496,235,200,MANUAL (Remote),,397.0
2026-08-10T11:17:18.784,1786335438.784742,-0.0989999994635582,2.8,11.0,9.6,1496,1893,1496,1496,1900,1496,235,200,MANUAL (Remote),,396.5
2026-08-10T11:17:19.284,1786335439.284708,-0.10100000351667404,3.9,10.4,2.5,1496,1893,1496,1496,1900,1496,235,200,MANUAL (Remote),,396.5
2026-08-10T11:17:19.784,1786335439.784805,-0.09799999743700027,8.1,6.3,356.4,1496,1900,1496,1496,1836,1496,235,200,MANUAL (Remote),,368.0
2026-08-10T11:17:20.284,1786335440.284798,-0.1080000028014183,9.6,1.8,348.1,1496,1891,1496,1496,1900,1496,235,200,MANUAL (Remote),,395.5
2026-08-10T11:17:20.784,1786335440.784736,-0.10999999940395355,12.2,-1.5,344.9,1496,1499,1496,1496,1499,1496,235,200,MANUAL (Remote),,0.0
2026-08-10T11:17:21.284,1786335441.28483,-0.11100000143051147,14.6,0.9,340.0,1496,1499,1496,1496,1499,1496,235,195,MANUAL (Remote),,0.0
2026-08-10T11:17:21.784,1786335441.784734,-0.10400000214576721,12.8,2.5,333.1,1496,1499,1496,1496,1499,1496,235,175,MANUAL (Remote),,0.0
2026-08-10T11:17:22.284,1786335442.284756,-0.10499999672174454,11.5,-1.5,326.5,1496,1499,1496,1496,1499,1496,235,170,MANUAL (Remote),,0.0
2026-08-10T11:17:22.784,1786335442.784811,-0.10300000011920929,11.4,-6.6,319.8,1496,1499,1496,1496,1499,1496,250,220,MANUAL (Remote),,0.0
2026-08-10T11:17:23.284,1786335443.284757,-0.10199999809265137,10.1,-8.7,313.8,1496,1499,1496,1496,1499,1496,250,190,MANUAL (Remote),,0.0
2026-08-10T11:17:23.784,1786335443.784796,-0.10100000351667404,8.7,-9.0,309.8,1496,1499,1496,1496,1499,1496,250,185,MANUAL (Remote),,0.0
2026-08-10T11:17:24.284,1786335444.284724,-0.10300000011920929,8.2,-11.2,310.6,1496,1107,1496,1496,1900,1496,250,185,MANUAL (Remote),,3.5
2026-08-10T11:17:24.784,1786335444.784723,-0.11900000274181366,14.7,-16.7,333.5,1496,1107,1496,1496,1900,1496,250,185,MANUAL (Remote),,3.5
2026-08-10T11:17:25.284,1786335445.284752,-0.11299999803304672,13.4,-10.7,336.8,1487,1499,1487,1487,1499,1487,250,185,MANUAL (Remote),,0.0
2026-08-10T11:17:25.784,1786335445.784744,-0.10300000011920929,10.1,0.2,326.9,1454,1499,1454,1454,1499,1454,250,185,MANUAL (Remote),,0.0
2026-08-10T11:17:26.284,1786335446.284808,-0.09700000286102295,11.8,1.3,318.5,1443,1328,1443,1443,1672,1443,250,185,MANUAL (Remote),,0.0
2026-08-10T11:17:26.784,1786335446.784736,-0.09099999815225601,11.3,-6.9,316.7,1443,1101,1443,1443,1900,1443,250,185,MANUAL (Remote),,0.5
2026-08-10T11:17:27.284,1786335447.284711,-0.0949999988079071,13.9,-14.1,330.8,1443,1328,1443,1443,1672,1443,250,185,MANUAL (Remote),,0.0
2026-08-10T11:17:27.784,1786335447.784754,-0.09099999815225601,10.2,-8.1,332.2,1443,1500,1443,1443,1500,1443,250,185,MANUAL (Remote),,0.0
2026-08-10T11:17:28.284,1786335448.284678,-0.09600000083446503,7.5,-2.9,328.6,1473,1499,1473,1473,1499,1473,250,185,MANUAL (Remote),,0.0
2026-08-10T11:17:28.784,1786335448.784817,-0.11100000143051147,8.7,-3.7,321.0,1491,1499,1491,1491,1499,1491,250,185,MANUAL (Remote),,0.0
2026-08-10T11:17:29.284,1786335449.284754,-0.10400000214576721,9.1,-9.0,315.6,1491,1499,1491,1491,1499,1491,250,185,MANUAL (Remote),,0.0
2026-08-10T11:17:29.784,1786335449.784741,-0.10400000214576721,7.0,-12.7,310.2,1512,1499,1512,1512,1499,1512,250,185,MANUAL (Remote),,0.0
2026-08-10T11:17:30.284,1786335450.284778,-0.10999999940395355,6.2,-11.9,305.9,1542,1499,1542,1542,1499,1542,250,185,MANUAL (Remote),,0.0
2026-08-10T11:17:30.784,1786335450.784762,-0.11599999666213989,5.4,-10.5,303.2,1569,1499,1569,1569,1499,1569,250,185,MANUAL (Remote),,0.0
2026-08-10T11:17:31.284,1786335451.284701,-0.125,4.4,-11.5,302.3,1602,1499,1602,1602,1499,1602,250,185,MANUAL (Remote),,0.0
2026-08-10T11:17:31.784,1786335451.784719,-0.12300000339746475,5.1,-14.3,302.6,1611,1887,1611,1611,1900,1611,250,185,MANUAL (Remote),,393.5
2026-08-10T11:17:32.284,1786335452.28472,-0.11900000274181366,1.0,-13.6,306.8,1602,1888,1602,1602,1900,1602,250,185,MANUAL (Remote),,394.0
2026-08-10T11:17:32.784,1786335452.784716,-0.11500000208616257,3.2,-13.1,313.1,1572,1889,1572,1572,1900,1572,250,185,MANUAL (Remote),,394.5
2026-08-10T11:17:33.284,1786335453.284707,-0.10400000214576721,1.2,-12.2,312.3,1545,1891,1545,1545,1900,1545,250,185,MANUAL (Remote),,395.5
2026-08-10T11:17:33.784,1786335453.784717,-0.10100000351667404,3.6,-12.3,309.9,1515,1612,1515,1515,1620,1515,250,185,MANUAL (Remote),,116.0
2026-08-10T11:17:34.284,1786335454.284731,-0.11500000208616257,11.7,-12.1,309.4,1506,1499,1506,1506,1499,1506,250,185,MANUAL (Remote),,0.0
2026-08-10T11:17:34.784,1786335454.784764,-0.12099999934434891,10.4,-11.8,310.1,1480,1499,1480,1480,1499,1480,250,185,MANUAL (Remote),,0.0
2026-08-10T11:17:35.284,1786335455.284782,-0.10899999737739563,6.2,-11.4,310.1,1476,1499,1476,1476,1499,1476,250,185,MANUAL (Remote),,0.0
2026-08-10T11:17:35.784,1786335455.784764,-0.10599999874830246,6.9,-12.4,309.7,1446,1499,1446,1446,1499,1446,250,185,MANUAL (Remote),,0.0
2026-08-10T11:17:36.284,1786335456.284754,-0.09399999678134918,6.6,-12.1,308.7,1432,1499,1432,1432,1499,1432,250,185,MANUAL (Remote),,0.0
2026-08-10T11:17:36.784,1786335456.784754,-0.07599999755620956,5.7,-12.4,308.1,1432,1116,1432,1432,1900,1432,250,185,MANUAL (Remote),,8.0
2026-08-10T11:17:37.284,1786335457.284718,-0.07599999755620956,8.2,-15.0,322.6,1426,1499,1426,1426,1499,1426,250,185,MANUAL (Remote),,0.0
2026-08-10T11:17:37.784,1786335457.784775,-0.06499999761581421,8.9,-10.3,323.3,1396,1499,1396,1396,1499,1396,250,185,MANUAL (Remote),,0.0
2026-08-10T11:17:38.284,1786335458.284744,-0.028999999165534973,7.7,-13.2,318.4,1386,1499,1386,1386,1499,1386,250,185,MANUAL (Remote),,0.0
2026-08-10T11:17:38.784,1786335458.784776,0.024000000208616257,6.3,-17.3,314.2,1386,1499,1386,1386,1499,1386,250,185,MANUAL (Remote),,0.0
2026-08-10T11:17:39.284,1786335459.284697,0.09099999815225601,5.3,-17.3,310.8,1386,1499,1386,1386,1499,1386,250,185,MANUAL (Remote),,0.0
2026-08-10T11:17:39.784,1786335459.784707,0.15199999511241913,3.6,-16.0,308.2,1386,1898,1386,1386,1900,1386,250,185,MANUAL (Remote),,399.0
2026-08-10T11:17:40.284,1786335460.284709,0.25200000405311584,-8.2,-16.9,306.5,1386,1898,1386,1386,1900,1386,250,185,MANUAL (Remote),,399.0
2026-08-10T11:17:40.784,1786335460.784643,0.30399999022483826,-13.5,-18.6,304.1,1386,1898,1386,1386,1900,1386,250,185,MANUAL (Remote),,399.0
2026-08-10T11:17:41.284,1786335461.284726,0.3240000009536743,-11.6,-19.6,302.8,1386,1898,1386,1386,1900,1386,250,185,MANUAL (Remote),,399.0
2026-08-10T11:17:41.784,1786335461.784692,0.3230000138282776,-8.3,-19.3,302.6,1386,1810,1386,1386,1858,1386,250,185,MANUAL (Remote),,334.0
2026-08-10T11:17:42.284,1786335462.284827,0.34200000762939453,-0.8,-20.5,307.5,1386,1502,1386,1386,1534,1386,250,185,MANUAL (Remote),,17.0
2026-08-10T11:17:42.784,1786335462.784725,0.36899998784065247,6.1,-20.6,310.1,1386,1499,1386,1386,1499,1386,250,185,MANUAL (Remote),,0.0
2026-08-10T11:17:43.284,1786335463.284758,0.421999990940094,9.1,-17.3,309.6,1386,1525,1386,1386,1525,1386,250,185,MANUAL (Remote),,25.0
2026-08-10T11:17:43.784,1786335463.784847,0.49799999594688416,7.4,-15.4,308.8,1386,1499,1386,1386,1499,1386,250,185,MANUAL (Remote),,0.0
2026-08-10T11:17:44.284,1786335464.284826,0.5329999923706055,3.9,-13.3,308.4,1390,1499,1390,1390,1499,1390,250,185,MANUAL (Remote),,0.0
2026-08-10T11:17:44.784,1786335464.784655,0.5320000052452087,4.4,-12.5,307.6,1423,1499,1423,1423,1499,1423,250,185,MANUAL (Remote),,0.0
2026-08-10T11:17:45.284,1786335465.28476,0.5239999890327454,4.8,-14.5,307.5,1447,1499,1447,1447,1499,1447,250,185,MANUAL (Remote),,0.0
2026-08-10T11:17:45.784,1786335465.784677,0.492000013589859,5.1,-14.2,307.0,1480,1499,1480,1480,1499,1480,250,185,MANUAL (Remote),,0.0
2026-08-10T11:17:46.284,1786335466.284695,0.4189999997615814,3.9,-12.7,307.5,1503,1499,1503,1503,1499,1503,250,185,MANUAL (Remote),,0.0
2026-08-10T11:17:46.784,1786335466.784722,0.3190000057220459,3.2,-13.1,308.9,1503,1899,1503,1503,1100,1503,250,185,MANUAL (Remote),,-0.5
2026-08-10T11:17:47.284,1786335467.284726,0.20000000298023224,3.0,-11.0,302.9,1503,1899,1503,1503,1100,1503,250,185,MANUAL (Remote),,-0.5
2026-08-10T11:17:47.784,1786335467.784866,0.08900000154972076,4.8,-2.5,281.6,1489,1768,1489,1489,1232,1489,250,185,MANUAL (Remote),,0.0
2026-08-10T11:17:48.284,1786335468.284817,-0.03099999949336052,1.1,-1.3,270.9,1483,1864,1483,1483,1138,1483,250,185,MANUAL (Remote),,1.0
2026-08-10T11:17:48.784,1786335468.78473,-0.13600000739097595,-2.4,1.2,255.2,1470,1882,1470,1470,1118,1470,250,185,MANUAL (Remote),,0.0
2026-08-10T11:17:49.284,1786335469.284688,-0.12600000202655792,-9.9,5.0,243.8,1470,1900,1470,1470,1101,1470,250,185,MANUAL (Remote),,0.5
2026-08-10T11:17:49.784,1786335469.784719,-0.10999999940395355,-10.3,10.7,228.8,1470,1900,1470,1470,1101,1470,250,185,MANUAL (Remote),,0.5
2026-08-10T11:17:50.284,1786335470.284791,-0.12700000405311584,-10.6,18.2,209.9,1470,1900,1470,1470,1896,1470,250,185,MANUAL (Remote),,398.0
2026-08-10T11:17:50.784,1786335470.784902,-0.11299999803304672,-19.3,15.4,197.6,1470,1900,1470,1470,1898,1470,250,185,MANUAL (Remote),,399.0
2026-08-10T11:17:51.284,1786335471.284766,-0.10199999809265137,-24.6,4.3,191.1,1470,1900,1470,1470,1898,1470,250,185,MANUAL (Remote),,399.0
2026-08-10T11:17:51.784,1786335471.784799,-0.10599999874830246,-24.8,-4.3,192.1,1470,1900,1470,1470,1899,1470,250,185,MANUAL (Remote),,399.5
2026-08-10T11:17:52.284,1786335472.284747,-0.1080000028014183,-24.2,-2.3,196.1,1470,1499,1470,1470,1499,1470,250,185,MANUAL (Remote),,0.0
2026-08-10T11:17:52.784,1786335472.784828,-0.11599999666213989,-23.9,6.2,194.3,1470,1499,1470,1470,1499,1470,250,185,MANUAL (Remote),,0.0
2026-08-10T11:17:53.284,1786335473.284782,-0.11400000005960464,-26.3,10.8,179.1,1470,1900,1470,1470,1900,1470,250,185,MANUAL (Remote),,400.0
2026-08-10T11:17:53.784,1786335473.784759,-0.10700000077486038,-31.8,2.8,173.4,1470,1900,1470,1470,1900,1470,250,185,MANUAL (Remote),,400.0
2026-08-10T11:17:54.284,1786335474.284712,-0.10700000077486038,-31.4,1.3,171.0,1470,1900,1470,1470,1900,1470,250,185,MANUAL (Remote),,400.0
2026-08-10T11:17:54.784,1786335474.784789,-0.1080000028014183,-31.3,2.6,169.1,1470,1499,1470,1470,1499,1470,250,185,MANUAL (Remote),,0.0
2026-08-10T11:17:55.284,1786335475.284719,-0.11800000071525574,-28.8,12.0,161.3,1470,1900,1470,1470,1100,1470,250,185,MANUAL (Remote),,0.0
2026-08-10T11:17:55.784,1786335475.784809,-0.12200000137090683,-20.4,22.4,136.0,1470,1499,1470,1470,1499,1470,250,185,MANUAL (Remote),,0.0
2026-08-10T11:17:56.284,1786335476.284712,-0.11800000071525574,-25.1,20.6,119.3,1470,1499,1470,1470,1499,1470,250,185,MANUAL (Remote),,0.0
2026-08-10T11:17:56.784,1786335476.784707,-0.10499999672174454,-29.3,20.0,110.7,1470,1499,1470,1470,1499,1470,250,185,MANUAL (Remote),,0.0
2026-08-10T11:17:57.284,1786335477.284705,-0.10700000077486038,-27.5,23.6,105.4,1470,1499,1470,1470,1499,1470,250,185,MANUAL (Remote),,0.0
2026-08-10T11:17:57.784,1786335477.784734,-0.10599999874830246,-24.5,26.3,100.2,1470,1499,1470,1470,1499,1470,250,185,MANUAL (Remote),,0.0
2026-08-10T11:17:58.284,1786335478.284778,-0.1080000028014183,-26.2,26.9,90.9,1470,1499,1470,1470,1499,1470,250,185,MANUAL (Remote),,0.0
2026-08-10T11:17:58.784,1786335478.784746,-0.10700000077486038,-24.1,25.3,83.9,1345,1499,1345,1470,1499,1470,250,185,MANUAL (Remote),,0.0
2026-08-10T11:17:59.284,1786335479.28478,-0.07400000095367432,-20.7,-1.2,73.9,1470,1499,1470,1470,1499,1470,250,185,MANUAL (Remote),,0.0
2026-08-10T11:17:59.784,1786335479.784797,-0.07400000095367432,-15.8,2.5,56.2,1470,1499,1470,1470,1499,1470,250,185,MANUAL (Remote),,0.0
2026-08-10T11:18:00.284,1786335480.284746,-0.09399999678134918,-13.4,33.4,43.9,1470,1499,1470,1470,1499,1470,250,185,MANUAL (Remote),,0.0
2026-08-10T11:18:00.784,1786335480.78476,-0.11400000005960464,-10.2,33.7,36.2,1470,1499,1470,1470,1499,1470,250,185,MANUAL (Remote),,0.0
2026-08-10T11:18:01.284,1786335481.284774,-0.10899999737739563,-4.9,16.5,27.0,1470,1499,1470,1470,1499,1470,250,185,MANUAL (Remote),,0.0
2026-08-10T11:18:01.784,1786335481.784759,-0.10199999809265137,-0.9,4.5,11.9,1470,1499,1470,1470,1499,1470,250,185,MANUAL (Remote),,0.0
2026-08-10T11:18:02.284,1786335482.284754,-0.1080000028014183,0.6,6.8,359.3,1470,1499,1470,1470,1499,1470,250,185,MANUAL (Remote),,0.0
2026-08-10T11:18:02.784,1786335482.78474,-0.10700000077486038,3.8,9.0,352.0,1470,1499,1470,1470,1499,1470,250,185,MANUAL (Remote),,0.0
2026-08-10T11:18:03.284,1786335483.284765,-0.11500000208616257,5.3,1.5,345.9,1485,1499,1485,1485,1499,1485,250,185,MANUAL (Remote),,0.0
2026-08-10T11:18:03.784,1786335483.784807,-0.11299999803304672,4.6,-7.6,341.0,1512,1499,1512,1512,1499,1512,250,185,MANUAL (Remote),,0.0
2026-08-10T11:18:04.284,1786335484.284885,-0.10899999737739563,5.2,-10.1,337.1,1527,1499,1527,1527,1499,1527,250,185,MANUAL (Remote),,0.0
2026-08-10T11:18:04.784,1786335484.784793,-0.11100000143051147,5.7,-6.8,334.9,1527,1150,1527,1527,1900,1527,250,185,MANUAL (Remote),,25.0
2026-08-10T11:18:05.284,1786335485.28479,-0.11299999803304672,6.2,-10.5,344.4,1527,1146,1527,1527,1900,1527,250,185,MANUAL (Remote),,23.0
2026-08-10T11:18:05.784,1786335485.784723,-0.11500000208616257,8.7,-16.3,359.1,1527,1499,1527,1527,1499,1527,250,185,MANUAL (Remote),,0.0
2026-08-10T11:18:06.284,1786335486.284784,-0.11299999803304672,5.6,-9.0,356.0,1532,1499,1532,1532,1499,1532,250,185,MANUAL (Remote),,0.0
2026-08-10T11:18:06.784,1786335486.784761,-0.11100000143051147,5.0,-2.6,352.8,1506,1499,1506,1506,1499,1506,250,185,MANUAL (Remote),,0.0
2026-08-10T11:18:07.284,1786335487.284722,-0.10999999940395355,7.1,-5.9,349.8,1506,1499,1506,1506,1499,1506,250,185,MANUAL (Remote),,0.0
2026-08-10T11:18:07.784,1786335487.784715,-0.11299999803304672,5.5,-13.2,347.1,1506,1897,1506,1506,1100,1506,250,185,MANUAL (Remote),,-1.5
2026-08-10T11:18:08.284,1786335488.284857,-0.11100000143051147,3.9,-9.7,333.4,1506,1499,1506,1506,1499,1506,250,185,MANUAL (Remote),,0.0
2026-08-10T11:18:08.784,1786335488.784768,-0.10899999737739563,4.4,-9.0,327.6,1506,1900,1506,1506,1100,1506,250,185,MANUAL (Remote),,0.0
2026-08-10T11:18:09.284,1786335489.284763,-0.12200000137090683,3.4,-5.8,311.0,1506,1900,1506,1506,1100,1506,250,185,MANUAL (Remote),,0.0
2026-08-10T11:18:09.784,1786335489.784694,-0.12700000405311584,1.9,0.6,288.4,1506,1900,1506,1506,1100,1506,250,185,MANUAL (Remote),,0.0
2026-08-10T11:18:10.284,1786335490.28471,-0.13099999725818634,-1.7,4.2,270.0,1506,1900,1506,1506,1100,1506,250,185,MANUAL (Remote),,0.0
2026-08-10T11:18:10.784,1786335490.784767,-0.13600000739097595,-7.2,9.6,252.2,1506,1900,1506,1506,1100,1506,250,185,MANUAL (Remote),,0.0
2026-08-10T11:18:11.284,1786335491.284679,-0.1340000033378601,-9.8,16.1,234.7,1506,1900,1506,1506,1100,1506,250,185,MANUAL (Remote),,0.0
2026-08-10T11:18:11.784,1786335491.784774,-0.12999999523162842,-10.5,23.2,217.0,1506,1900,1506,1506,1100,1506,250,185,MANUAL (Remote),,0.0
2026-08-10T11:18:12.284,1786335492.284835,-0.11699999868869781,-17.1,18.4,209.0,1506,1599,1506,1506,1599,1506,250,185,MANUAL (Remote),,99.0
2026-08-10T11:18:12.784,1786335492.784778,-0.10300000011920929,-21.6,1.1,219.0,1506,1608,1506,1506,1608,1506,250,185,MANUAL (Remote),,108.0
2026-08-10T11:18:13.284,1786335493.284765,-0.10499999672174454,-20.0,-4.0,233.5,1506,1703,1506,1506,1703,1506,250,185,MANUAL (Remote),,203.0
2026-08-10T11:18:13.784,1786335493.784764,-0.10999999940395355,-19.6,-0.7,244.2,1506,1704,1506,1506,1702,1506,250,185,MANUAL (Remote),,203.0
2026-08-10T11:18:14.284,1786335494.28472,-0.11400000005960464,-15.7,0.6,248.4,1506,1887,1506,1506,1235,1506,250,185,MANUAL (Remote),,61.0
2026-08-10T11:18:14.784,1786335494.784766,-0.11100000143051147,-13.8,3.1,240.4,1506,1900,1506,1506,1897,1506,250,185,MANUAL (Remote),,398.5
2026-08-10T11:18:15.284,1786335495.284823,-0.11100000143051147,-18.2,-2.5,237.7,1506,1900,1506,1506,1899,1506,250,185,MANUAL (Remote),,399.5
2026-08-10T11:18:15.784,1786335495.784913,-0.11500000208616257,-14.8,-10.8,246.4,1506,1202,1506,1506,1888,1506,250,185,MANUAL (Remote),,45.0
2026-08-10T11:18:16.284,1786335496.284788,-0.11900000274181366,-9.0,-12.5,262.6,1506,1499,1506,1506,1499,1506,250,185,MANUAL (Remote),,0.0
2026-08-10T11:18:16.784,1786335496.784715,-0.11699999868869781,-8.0,-9.7,270.8,1506,1101,1506,1506,1900,1506,250,185,MANUAL (Remote),,0.5
2026-08-10T11:18:17.284,1786335497.284745,-0.11699999868869781,-4.3,-15.8,283.3,1506,1499,1506,1506,1499,1506,250,185,MANUAL (Remote),,0.0
2026-08-10T11:18:17.784,1786335497.784715,-0.11699999868869781,0.5,-15.9,290.5,1506,1107,1506,1506,1900,1506,250,185,MANUAL (Remote),,3.5
2026-08-10T11:18:18.284,1786335498.284842,-0.11800000071525574,4.4,-15.7,299.1,1506,1499,1506,1506,1499,1506,250,185,MANUAL (Remote),,0.0
2026-08-10T11:18:18.784,1786335498.784756,-0.11500000208616257,4.8,-11.2,297.2,1506,1499,1506,1506,1499,1506,250,185,MANUAL (Remote),,0.0
2026-08-10T11:18:19.284,1786335499.284789,-0.11100000143051147,5.1,-11.1,293.3,1506,1499,1506,1506,1499,1506,250,185,MANUAL (Remote),,0.0
2026-08-10T11:18:19.784,1786335499.784844,-0.11299999803304672,4.5,-13.7,291.4,1506,1499,1506,1506,1499,1506,250,185,MANUAL (Remote),,0.0
2026-08-10T11:18:20.284,1786335500.284742,-0.11100000143051147,4.4,-15.0,289.8,1506,1499,1506,1506,1499,1506,250,185,MANUAL (Remote),,0.0
2026-08-10T11:18:20.784,1786335500.784718,-0.11100000143051147,3.8,-13.3,288.6,1506,1499,1506,1506,1499,1506,250,185,MANUAL (Remote),,0.0
2026-08-10T11:18:21.284,1786335501.284682,-0.1080000028014183,3.6,-12.1,287.9,1506,1499,1506,1506,1499,1506,250,185,MANUAL (Remote),,0.0
2026-08-10T11:18:21.784,1786335501.784704,-0.1080000028014183,3.3,-13.1,287.3,1506,1499,1506,1506,1499,1506,250,185,MANUAL (Remote),,0.0
2026-08-10T11:18:22.284,1786335502.28492,-0.11100000143051147,2.9,-14.4,286.8,1506,1499,1506,1506,1499,1506,250,185,MANUAL (Remote),,0.0
2026-08-10T11:18:22.784,1786335502.784816,-0.11100000143051147,2.8,-14.1,286.4,1506,1499,1506,1506,1499,1506,250,185,MANUAL (Remote),,0.0
2026-08-10T11:18:23.284,1786335503.28469,-0.11100000143051147,2.5,-13.4,286.2,1506,1484,1506,1506,1528,1506,250,185,MANUAL (Remote),,14.0
2026-08-10T11:18:23.784,1786335503.784746,-0.10899999737739563,2.0,-13.9,287.9,1506,1499,1506,1506,1499,1506,250,185,MANUAL (Remote),,0.0
2026-08-10T11:18:24.284,1786335504.284804,-0.10999999940395355,4.0,-15.5,292.6,1506,1105,1506,1506,1900,1506,250,185,MANUAL (Remote),,2.5
2026-08-10T11:18:24.784,1786335504.784825,-0.11500000208616257,8.0,-17.7,306.2,1506,1762,1506,1506,1788,1506,250,185,MANUAL (Remote),,275.0
2026-08-10T11:18:25.284,1786335505.284738,-0.10599999874830246,4.7,-12.1,306.2,1506,1516,1506,1506,1518,1506,250,185,MANUAL (Remote),,0.0
2026-08-10T11:18:25.784,1786335505.784738,-0.10999999940395355,6.1,-10.1,300.4,1506,1499,1506,1506,1499,1506,250,185,MANUAL (Remote),,0.0
2026-08-10T11:18:26.284,1786335506.284696,-0.12099999934434891,8.8,-13.4,296.2,1506,1499,1506,1506,1499,1506,250,185,MANUAL (Remote),,0.0
2026-08-10T11:18:26.784,1786335506.78478,-0.10899999737739563,5.1,-14.8,293.7,1506,1499,1506,1506,1499,1506,250,185,MANUAL (Remote),,0.0
2026-08-10T11:18:27.284,1786335507.284732,-0.10899999737739563,4.8,-13.1,291.7,1506,1499,1506,1506,1499,1506,250,185,MANUAL (Remote),,0.0
2026-08-10T11:18:27.784,1786335507.784741,-0.1080000028014183,5.5,-12.0,290.4,1506,1499,1506,1506,1499,1506,250,185,MANUAL (Remote),,0.0
2026-08-10T11:18:28.284,1786335508.284753,-0.10999999940395355,4.2,-13.0,289.5,1506,1499,1506,1506,1499,1506,250,185,MANUAL (Remote),,0.0
2026-08-10T11:18:28.784,1786335508.784873,-0.10700000077486038,3.7,-14.7,288.5,1497,1499,1497,1497,1499,1497,250,185,MANUAL (Remote),,0.0
2026-08-10T11:18:29.284,1786335509.284789,-0.1080000028014183,4.0,-14.3,287.6,1475,1499,1475,1475,1499,1475,250,185,MANUAL (Remote),,0.0
2026-08-10T11:18:29.784,1786335509.784783,-0.11400000005960464,3.4,-13.3,286.9,1475,1499,1475,1475,1499,1475,250,185,MANUAL (Remote),,0.0
2026-08-10T11:18:30.284,1786335510.284746,-0.11400000005960464,3.0,-13.4,286.3,1475,1499,1475,1475,1499,1475,250,185,MANUAL (Remote),,0.0
2026-08-10T11:18:30.784,1786335510.784747,-0.11299999803304672,3.1,-14.0,286.5,1475,1499,1475,1475,1499,1475,250,185,MANUAL (Remote),,0.0
2026-08-10T11:18:31.284,1786335511.284772,-0.1080000028014183,3.9,-14.5,289.8,1475,1499,1475,1475,1499,1475,250,185,MANUAL (Remote),,0.0
2026-08-10T11:18:31.784,1786335511.784754,-0.11299999803304672,5.3,-16.7,295.8,1475,1499,1475,1475,1499,1475,250,185,MANUAL (Remote),,0.0
2026-08-10T11:18:32.284,1786335512.284693,-0.11100000143051147,5.0,-13.5,296.6,1470,1499,1470,1470,1499,1470,250,185,MANUAL (Remote),,0.0
2026-08-10T11:18:32.784,1786335512.784778,-0.10899999737739563,5.4,-9.7,294.8,1469,1499,1469,1469,1499,1469,250,185,MANUAL (Remote),,0.0
2026-08-10T11:18:33.284,1786335513.284806,-0.11100000143051147,5.2,-10.3,293.1,1469,1499,1469,1469,1499,1469,250,185,MANUAL (Remote),,0.0
2026-08-10T11:18:33.784,1786335513.784795,-0.10999999940395355,4.5,-15.0,290.8,1454,1499,1454,1454,1499,1454,250,185,MANUAL (Remote),,0.0
2026-08-10T11:18:34.284,1786335514.284761,-0.10000000149011612,4.2,-15.5,288.9,1438,1499,1438,1438,1499,1438,250,185,MANUAL (Remote),,0.0
2026-08-10T11:18:34.784,1786335514.784707,-0.08299999684095383,3.1,-12.4,288.1,1437,1481,1437,1437,1519,1437,250,185,MANUAL (Remote),,0.0
2026-08-10T11:18:35.284,1786335515.284756,-0.0820000022649765,3.4,-13.9,293.2,1437,1499,1437,1437,1499,1437,250,185,MANUAL (Remote),,0.0
2026-08-10T11:18:35.784,1786335515.784707,-0.07800000160932541,4.9,-14.7,296.7,1437,1499,1437,1437,1499,1437,250,185,MANUAL (Remote),,0.0
2026-08-10T11:18:36.284,1786335516.284765,-0.0820000022649765,3.8,-12.3,294.5,1437,1499,1437,1437,1499,1437,250,185,MANUAL (Remote),,0.0
2026-08-10T11:18:36.784,1786335516.784716,-0.08399999886751175,3.7,-11.8,291.9,1437,1499,1437,1437,1499,1437,250,185,MANUAL (Remote),,0.0
2026-08-10T11:18:37.284,1786335517.284809,-0.08699999749660492,3.6,-13.1,289.5,1437,1499,1437,1437,1499,1437,250,185,MANUAL (Remote),,0.0
2026-08-10T11:18:37.784,1786335517.784755,-0.0860000029206276,3.1,-13.9,287.9,1437,1499,1437,1437,1499,1437,250,185,MANUAL (Remote),,0.0
2026-08-10T11:18:38.284,1786335518.284807,-0.08399999886751175,2.2,-12.8,287.0,1437,1499,1437,1437,1499,1437,250,185,MANUAL (Remote),,0.0
2026-08-10T11:18:38.784,1786335518.784687,-0.0860000029206276,1.6,-12.6,286.5,1437,1499,1437,1437,1499,1437,250,185,MANUAL (Remote),,0.0
2026-08-10T11:18:39.284,1786335519.284731,-0.08299999684095383,1.3,-13.2,286.4,1437,1499,1437,1437,1499,1437,250,185,MANUAL (Remote),,0.0
2026-08-10T11:18:39.784,1786335519.784837,-0.0860000029206276,1.5,-13.6,286.8,1437,1499,1437,1437,1499,1437,250,185,MANUAL (Remote),,0.0
2026-08-10T11:18:40.284,1786335520.284766,-0.08699999749660492,1.4,-13.3,287.1,1437,1499,1437,1437,1499,1437,250,185,MANUAL (Remote),,0.0
2026-08-10T11:18:40.784,1786335520.784737,-0.08699999749660492,1.2,-13.1,287.6,1437,1499,1437,1437,1499,1437,250,185,MANUAL (Remote),,0.0
2026-08-10T11:18:41.284,1786335521.284704,-0.08399999886751175,1.1,-13.3,288.0,1437,1499,1437,1437,1499,1437,250,185,MANUAL (Remote),,0.0
2026-08-10T11:18:41.784,1786335521.784794,-0.08399999886751175,1.2,-13.5,288.8,1437,1100,1437,1437,1900,1437,250,185,MANUAL (Remote),,0.0
2026-08-10T11:18:42.284,1786335522.284842,-0.08900000154972076,3.8,-16.1,297.7,1454,1499,1454,1454,1499,1454,250,185,MANUAL (Remote),,0.0
2026-08-10T11:18:42.784,1786335522.784701,-0.09700000286102295,3.9,-12.0,297.2,1484,1499,1484,1484,1499,1484,250,185,MANUAL (Remote),,0.0
2026-08-10T11:18:43.284,1786335523.28469,-0.12399999797344208,4.8,-11.1,295.7,1514,1499,1514,1514,1499,1514,250,185,MANUAL (Remote),,0.0
2026-08-10T11:18:43.784,1786335523.784756,-0.11599999666213989,6.2,-13.7,294.1,1523,1491,1523,1523,1507,1523,250,185,MANUAL (Remote),,0.0
2026-08-10T11:18:44.284,1786335524.284822,-0.10499999672174454,6.3,-16.8,298.1,1523,1101,1523,1523,1900,1523,250,185,MANUAL (Remote),,0.5
2026-08-10T11:18:44.784,1786335524.784727,-0.12399999797344208,11.2,-22.1,316.1,1523,1899,1523,1523,1100,1523,250,185,MANUAL (Remote),,-0.5
2026-08-10T11:18:45.284,1786335525.284858,-0.10700000077486038,6.9,-12.3,311.6,1542,1499,1542,1542,1499,1542,250,185,MANUAL (Remote),,0.0
2026-08-10T11:18:45.784,1786335525.784769,-0.11999999731779099,7.7,-6.5,306.6,1542,1499,1542,1542,1499,1542,250,185,MANUAL (Remote),,0.0
2026-08-10T11:18:46.284,1786335526.28483,-0.11800000071525574,8.4,-10.6,302.0,1529,1499,1529,1529,1499,1529,250,185,MANUAL (Remote),,0.0
2026-08-10T11:18:46.784,1786335526.784711,-0.11100000143051147,7.3,-15.1,298.2,1525,1499,1525,1525,1499,1525,250,185,MANUAL (Remote),,0.0
2026-08-10T11:18:47.284,1786335527.284729,-0.10700000077486038,5.9,-14.6,294.5,1513,1499,1513,1513,1499,1513,250,185,MANUAL (Remote),,0.0
2026-08-10T11:18:47.784,1786335527.78475,-0.11400000005960464,5.3,-11.5,291.9,1498,1499,1498,1498,1499,1498,250,185,MANUAL (Remote),,0.0
2026-08-10T11:18:48.284,1786335528.284661,-0.11400000005960464,4.9,-11.8,290.0,1499,1499,1499,1499,1499,1499,250,185,MANUAL (Remote),,0.0
2026-08-10T11:18:48.784,1786335528.784749,-0.11400000005960464,4.0,-14.5,288.3,1503,1499,1503,1503,1499,1503,250,185,MANUAL (Remote),,0.0
2026-08-10T11:18:49.284,1786335529.284732,-0.09399999678134918,-0.5,-13.5,288.2,1503,1499,1503,1503,1499,1503,250,185,MANUAL (Remote),,0.0
2026-08-10T11:18:49.784,1786335529.784702,-0.10700000077486038,3.7,-9.0,290.3,1503,1499,1503,1503,1499,1503,250,185,MANUAL (Remote),,0.0
2026-08-10T11:18:50.284,1786335530.284683,-0.13600000739097595,5.1,-11.6,289.6,1503,1499,1503,1503,1499,1503,250,185,MANUAL (Remote),,0.0
2026-08-10T11:18:50.784,1786335530.784736,-0.10999999940395355,2.8,-18.8,290.0,1503,1499,1503,1503,1499,1503,250,185,MANUAL (Remote),,0.0
2026-08-10T11:18:51.284,1786335531.284697,-0.1420000046491623,7.5,-22.3,287.6,1503,1499,1503,1503,1499,1503,250,185,MANUAL (Remote),,0.0
2026-08-10T11:18:51.784,1786335531.784813,-0.1459999978542328,6.0,-21.2,288.7,1503,1499,1503,1503,1499,1503,250,185,MANUAL (Remote),,0.0
2026-08-10T11:18:52.284,1786335532.28475,-0.17800000309944153,10.6,-19.8,295.6,1503,1499,1503,1503,1499,1503,250,185,MANUAL (Remote),,0.0
2026-08-10T11:18:52.784,1786335532.784792,-0.20600000023841858,6.5,-21.3,304.5,1503,1499,1503,1503,1499,1503,250,185,MANUAL (Remote),,0.0
2026-08-10T11:18:53.284,1786335533.284688,-0.2070000022649765,5.5,-10.6,303.3,1503,1499,1503,1503,1499,1503,250,185,MANUAL (Remote),,0.0
2026-08-10T11:18:53.784,1786335533.784714,-0.20999999344348907,2.3,4.6,305.5,1503,1499,1503,1503,1499,1503,250,185,MANUAL (Remote),,0.0
2026-08-10T11:18:54.284,1786335534.284696,-0.20600000023841858,4.3,9.3,304.9,1503,1499,1503,1503,1499,1503,250,185,MANUAL (Remote),,0.0
2026-08-10T11:18:54.784,1786335534.784798,-0.20800000429153442,5.3,7.3,304.1,1503,1499,1503,1503,1499,1503,250,185,MANUAL (Remote),,0.0
2026-08-10T11:18:55.284,1786335535.284907,-0.2070000022649765,0.1,11.2,314.6,1503,1499,1503,1503,1499,1503,250,185,MANUAL (Remote),,0.0
2026-08-10T11:18:55.784,1786335535.784698,-0.20100000500679016,4.2,7.7,318.4,1503,1499,1503,1503,1499,1503,250,185,MANUAL (Remote),,0.0
2026-08-10T11:18:56.284,1786335536.284779,-0.20499999821186066,12.3,7.4,315.4,1503,1499,1503,1503,1499,1503,250,185,MANUAL (Remote),,0.0
2026-08-10T11:18:56.784,1786335536.78476,-0.21299999952316284,12.3,-2.3,309.5,1503,1499,1503,1503,1499,1503,250,185,MANUAL (Remote),,0.0
2026-08-10T11:18:57.284,1786335537.284747,-0.21199999749660492,9.8,-14.7,304.1,1503,1499,1503,1503,1499,1503,250,185,MANUAL (Remote),,0.0
2026-08-10T11:18:57.784,1786335537.784698,-0.20600000023841858,7.6,-16.4,301.7,1503,1499,1503,1503,1499,1503,250,185,MANUAL (Remote),,0.0
2026-08-10T11:18:58.284,1786335538.284763,-0.20600000023841858,6.2,-21.1,298.6,1503,1499,1503,1503,1499,1503,250,185,MANUAL (Remote),,0.0
2026-08-10T11:18:58.784,1786335538.784749,-0.20999999344348907,5.9,-20.1,297.0,1503,1499,1503,1503,1499,1503,250,185,MANUAL (Remote),,0.0
2026-08-10T11:18:59.284,1786335539.28477,-0.2070000022649765,6.0,-17.3,295.9,1503,1499,1503,1503,1499,1503,250,185,MANUAL (Remote),,0.0
2026-08-10T11:18:59.784,1786335539.784806,-0.20800000429153442,5.7,-16.6,295.4,1503,1499,1503,1503,1499,1503,250,185,MANUAL (Remote),,0.0
2026-08-10T11:19:00.284,1786335540.284713,-0.20900000631809235,6.5,-11.5,294.7,1503,1499,1503,1503,1499,1503,250,185,MANUAL (Remote),,0.0
2026-08-10T11:19:00.784,1786335540.784721,-0.20800000429153442,5.7,-11.0,295.1,1503,1499,1503,1503,1499,1503,250,185,MANUAL (Remote),,0.0
2026-08-10T11:19:01.284,1786335541.284805,-0.20600000023841858,5.6,-11.0,295.0,1503,1499,1503,1503,1499,1503,250,185,MANUAL (Remote),,0.0
2026-08-10T11:19:01.784,1786335541.784751,-0.20499999821186066,5.6,-11.1,295.0,1503,1499,1503,1503,1499,1503,250,185,MANUAL (Remote),,0.0
2026-08-10T11:19:02.284,1786335542.284682,-0.20600000023841858,5.5,-11.0,295.0,1503,1499,1503,1503,1499,1503,250,185,MANUAL (Remote),,0.0
2026-08-10T11:19:02.784,1786335542.784745,-0.2070000022649765,5.5,-11.0,295.0,1503,1499,1503,1503,1499,1503,250,185,MANUAL (Remote),,0.0
2026-08-10T11:19:03.284,1786335543.284689,-0.20600000023841858,5.5,-11.0,295.0,1503,1499,1503,1503,1499,1503,250,185,MANUAL (Remote),,0.0
2026-08-10T11:19:03.784,1786335543.784728,-0.21299999952316284,5.6,-11.4,295.0,1503,1499,1503,1503,1499,1503,250,185,MANUAL (Remote),,0.0
2026-08-10T11:19:04.284,1786335544.284769,-0.2029999941587448,5.7,-12.1,296.5,1503,1499,1503,1503,1499,1503,250,185,MANUAL (Remote),,0.0
2026-08-10T11:19:04.784,1786335544.784742,-0.20999999344348907,5.5,-12.1,296.0,1503,1499,1503,1503,1499,1503,250,185,MANUAL (Remote),,0.0
2026-08-10T11:19:05.284,1786335545.284747,-0.20900000631809235,5.4,-11.8,295.7,1503,1499,1503,1503,1499,1503,250,185,MANUAL (Remote),,0.0
2026-08-10T11:19:05.784,1786335545.784737,-0.2070000022649765,5.2,-11.8,295.5,1503,1499,1503,1503,1499,1503,250,185,MANUAL (Remote),,0.0
2026-08-10T11:19:06.284,1786335546.28476,-0.2070000022649765,5.2,-11.7,295.3,1503,1499,1503,1503,1499,1503,250,185,MANUAL (Remote),,0.0
2026-08-10T11:19:06.784,1786335546.784732,-0.20800000429153442,5.2,-11.7,295.3,1503,1499,1503,1503,1499,1503,250,185,MANUAL (Remote),,0.0
2026-08-10T11:19:07.284,1786335547.284843,-0.21299999952316284,5.1,-11.6,295.2,1503,1499,1503,1503,1499,1503,250,185,MANUAL (Remote),,0.0
2026-08-10T11:19:07.786,1786335547.786142,-0.20600000023841858,5.1,-11.6,295.2,1503,1499,1503,1503,1499,1503,250,185,MANUAL (Remote),,0.0
2026-08-10T11:19:08.284,1786335548.284716,-0.2070000022649765,5.1,-11.6,295.1,1503,1499,1503,1503,1499,1503,250,185,MANUAL (Remote),,0.0
2026-08-10T11:19:08.784,1786335548.784774,-0.20399999618530273,5.1,-11.5,295.1,1503,1499,1503,1503,1499,1503,250,185,MANUAL (Remote),,0.0
2026-08-10T11:19:09.284,1786335549.284763,-0.2070000022649765,5.0,-11.6,295.1,1503,1499,1503,1503,1499,1503,250,185,MANUAL (Remote),,0.0
2026-08-10T11:19:09.784,1786335549.784823,-0.20499999821186066,5.1,-11.6,295.1,1503,1499,1503,1503,1499,1503,250,185,MANUAL (Remote),,0.0
2026-08-10T11:19:10.284,1786335550.284795,-0.2070000022649765,5.0,-11.6,295.1,1503,1499,1503,1503,1499,1503,250,185,MANUAL (Remote),,0.0
2026-08-10T11:19:10.784,1786335550.784777,-0.210999995470047,5.0,-11.6,295.0,1503,1499,1503,1503,1499,1503,250,185,MANUAL (Remote),,0.0
2026-08-10T11:19:11.284,1786335551.284867,-0.21299999952316284,5.0,-11.6,295.1,1503,1499,1503,1503,1499,1503,250,185,MANUAL (Remote),,0.0
2026-08-10T11:19:11.784,1786335551.784935,-0.20900000631809235,5.0,-11.5,295.1,1503,1499,1503,1503,1499,1503,250,185,MANUAL (Remote),,0.0
2026-08-10T11:19:12.284,1786335552.284718,-0.20800000429153442,5.0,-11.5,295.1,1503,1499,1503,1503,1499,1503,250,185,MANUAL (Remote),,0.0
2026-08-10T11:19:12.784,1786335552.784733,-0.21299999952316284,5.0,-11.5,295.1,1503,1499,1503,1503,1499,1503,250,185,MANUAL (Remote),,0.0
2026-08-10T11:19:13.284,1786335553.284746,-0.210999995470047,5.0,-11.6,295.1,1503,1499,1503,1503,1499,1503,250,185,MANUAL (Remote),,0.0
2026-08-10T11:19:13.784,1786335553.784754,-0.2160000056028366,5.0,-11.7,295.1,1503,1499,1503,1503,1499,1503,250,185,MANUAL (Remote),,0.0
2026-08-10T11:19:14.284,1786335554.2848,-0.21299999952316284,5.0,-11.6,295.1,1503,1499,1503,1503,1499,1503,250,185,MANUAL (Remote),,0.0
2026-08-10T11:19:14.784,1786335554.784714,-0.20800000429153442,5.0,-11.5,295.1,1503,1499,1503,1503,1499,1503,250,185,MANUAL (Remote),,0.0
2026-08-10T11:19:15.284,1786335555.284776,-0.20999999344348907,5.0,-11.6,295.1,1503,1499,1503,1503,1499,1503,250,185,MANUAL (Remote),,0.0
2026-08-10T11:19:15.784,1786335555.784781,-0.210999995470047,5.0,-11.6,295.1,1503,1499,1503,1503,1499,1503,250,185,MANUAL (Remote),,0.0
2026-08-10T11:19:16.284,1786335556.284687,-0.20800000429153442,5.0,-11.6,295.0,1503,1499,1503,1503,1499,1503,250,185,MANUAL (Remote),,0.0
2026-08-10T11:19:16.784,1786335556.784746,-0.2070000022649765,5.0,-11.6,295.0,1503,1499,1503,1503,1499,1503,250,185,MANUAL (Remote),,0.0
2026-08-10T11:19:17.284,1786335557.284722,-0.21199999749660492,5.0,-11.6,295.0,1503,1499,1503,1503,1499,1503,250,185,MANUAL (Remote),,0.0
2026-08-10T11:19:17.784,1786335557.784698,-0.21400000154972076,5.0,-11.5,295.0,1503,1499,1503,1503,1499,1503,250,185,MANUAL (Remote),,0.0
2026-08-10T11:19:18.284,1786335558.284696,-0.210999995470047,5.1,-11.6,295.1,1503,1499,1503,1503,1499,1503,250,185,MANUAL (Remote),,0.0
2026-08-10T11:19:18.784,1786335558.784737,-0.21299999952316284,5.1,-11.5,295.1,1503,1499,1503,1503,1499,1503,250,185,MANUAL (Remote),,0.0
2026-08-10T11:19:19.284,1786335559.284728,-0.20999999344348907,5.0,-11.6,295.1,1503,1499,1503,1503,1499,1503,250,185,MANUAL (Remote),,0.0
2026-08-10T11:19:19.784,1786335559.78469,-0.20999999344348907,5.0,-11.6,295.1,1503,1499,1503,1503,1499,1503,250,185,MANUAL (Remote),,0.0
2026-08-10T11:19:20.284,1786335560.284664,-0.21199999749660492,5.0,-11.6,295.1,1503,1499,1503,1503,1499,1503,250,185,MANUAL (Remote),,0.0
2026-08-10T11:19:20.784,1786335560.784784,-0.2070000022649765,5.0,-11.5,295.1,1503,1499,1503,1503,1499,1503,250,185,MANUAL (Remote),,0.0
2026-08-10T11:19:21.284,1786335561.284725,-0.20600000023841858,5.0,-11.5,295.1,1503,1499,1503,1503,1499,1503,250,185,MANUAL (Remote),,0.0
2026-08-10T11:19:21.784,1786335561.784791,-0.20900000631809235,5.0,-11.5,295.1,1503,1499,1503,1503,1499,1503,250,185,MANUAL (Remote),,0.0
2026-08-10T11:19:22.284,1786335562.284774,-0.20900000631809235,5.0,-11.5,295.1,1503,1499,1503,1503,1499,1503,250,185,MANUAL (Remote),,0.0
2026-08-10T11:19:22.784,1786335562.784781,-0.20999999344348907,5.0,-11.5,295.1,1503,1499,1503,1503,1499,1503,250,185,MANUAL (Remote),,0.0
2026-08-10T11:19:23.284,1786335563.284859,-0.20999999344348907,5.0,-11.5,295.1,1503,1499,1503,1503,1499,1503,250,185,MANUAL (Remote),,0.0
2026-08-10T11:19:23.784,1786335563.784754,-0.20499999821186066,5.1,-11.6,295.0,1503,1499,1503,1503,1499,1503,250,185,MANUAL (Remote),,0.0
2026-08-10T11:19:24.284,1786335564.284818,-0.20900000631809235,5.1,-11.6,295.1,1503,1499,1503,1503,1499,1503,250,185,MANUAL (Remote),,0.0
2026-08-10T11:19:24.784,1786335564.784924,-0.21400000154972076,5.1,-11.6,295.1,1503,1499,1503,1503,1499,1503,250,185,MANUAL (Remote),,0.0
2026-08-10T11:19:25.284,1786335565.284774,-0.20900000631809235,5.0,-11.6,295.1,1503,1499,1503,1503,1499,1503,250,185,MANUAL (Remote),,0.0
2026-08-10T11:19:25.784,1786335565.78477,-0.20800000429153442,5.1,-11.6,295.1,1503,1499,1503,1503,1499,1503,250,185,MANUAL (Remote),,0.0
2026-08-10T11:19:26.284,1786335566.28474,-0.210999995470047,5.0,-11.5,295.1,1503,1499,1503,1503,1499,1503,250,185,MANUAL (Remote),,0.0
2026-08-10T11:19:26.784,1786335566.78476,-0.20900000631809235,5.0,-11.6,295.1,1503,1499,1503,1503,1499,1503,250,185,MANUAL (Remote),,0.0
2026-08-10T11:19:27.284,1786335567.284714,-0.20900000631809235,5.0,-11.6,295.1,1503,1499,1503,1503,1499,1503,250,185,MANUAL (Remote),,0.0
2026-08-10T11:19:27.784,1786335567.784682,-0.2070000022649765,5.0,-11.5,295.1,1503,1499,1503,1503,1499,1503,250,185,MANUAL (Remote),,0.0
2026-08-10T11:19:28.284,1786335568.284837,-0.21299999952316284,5.0,-11.5,295.1,1503,1499,1503,1503,1499,1503,250,185,MANUAL (Remote),,0.0
2026-08-10T11:19:28.784,1786335568.784856,-0.20600000023841858,5.0,-11.5,295.1,1503,1499,1503,1503,1499,1503,250,185,MANUAL (Remote),,0.0
2026-08-10T11:19:29.284,1786335569.284739,-0.2070000022649765,5.0,-11.5,295.1,1503,1499,1503,1503,1499,1503,250,185,MANUAL (Remote),,0.0
2026-08-10T11:19:29.784,1786335569.784793,-0.21199999749660492,5.0,-11.5,295.1,1503,1499,1503,1503,1499,1503,250,185,MANUAL (Remote),,0.0
2026-08-10T11:19:30.284,1786335570.284699,-0.20600000023841858,5.0,-11.5,295.1,1503,1499,1503,1503,1499,1503,250,185,MANUAL (Remote),,0.0
2026-08-10T11:19:30.784,1786335570.784758,-0.2070000022649765,5.1,-11.5,295.1,1503,1499,1503,1503,1499,1503,250,185,MANUAL (Remote),,0.0
2026-08-10T11:19:31.284,1786335571.284723,-0.21299999952316284,5.0,-11.4,295.1,1503,1499,1503,1503,1499,1503,250,185,MANUAL (Remote),,0.0
2026-08-10T11:19:31.784,1786335571.784714,-0.20900000631809235,5.0,-11.5,295.2,1503,1499,1503,1503,1499,1503,250,185,MANUAL (Remote),,0.0
2026-08-10T11:19:32.284,1786335572.284767,-0.20900000631809235,5.0,-11.5,295.1,1503,1499,1503,1503,1499,1503,250,185,MANUAL (Remote),,0.0
2026-08-10T11:19:32.784,1786335572.784707,-0.21199999749660492,5.1,-11.5,295.1,1503,1499,1503,1503,1499,1503,250,185,MANUAL (Remote),,0.0
2026-08-10T11:19:33.284,1786335573.284674,-0.2070000022649765,5.0,-11.5,295.1,1503,1499,1503,1503,1499,1503,250,185,MANUAL (Remote),,0.0
2026-08-10T11:19:33.784,1786335573.784759,-0.21299999952316284,5.0,-11.5,295.1,1503,1499,1503,1503,1499,1503,250,185,MANUAL (Remote),,0.0
2026-08-10T11:19:34.284,1786335574.284732,-0.210999995470047,5.0,-11.5,295.1,1503,1499,1503,1503,1499,1503,250,185,MANUAL (Remote),,0.0
2026-08-10T11:19:34.784,1786335574.784883,-0.21199999749660492,5.0,-11.5,295.1,1503,1499,1503,1503,1499,1503,250,185,MANUAL (Remote),,0.0
2026-08-10T11:19:35.284,1786335575.284701,-0.21199999749660492,5.1,-11.5,295.1,1503,1499,1503,1503,1499,1503,250,185,MANUAL (Remote),,0.0
2026-08-10T11:19:35.784,1786335575.784731,-0.210999995470047,5.0,-11.6,295.1,1503,1499,1503,1503,1499,1503,250,185,MANUAL (Remote),,0.0
2026-08-10T11:19:36.284,1786335576.284776,-0.21400000154972076,5.0,-11.6,295.1,1503,1499,1503,1503,1499,1503,250,185,MANUAL (Remote),,0.0
2026-08-10T11:19:36.784,1786335576.784733,-0.20399999618530273,5.0,-11.5,295.1,1503,1499,1503,1503,1499,1503,250,185,MANUAL (Remote),,0.0
2026-08-10T11:19:37.284,1786335577.284787,-0.20999999344348907,5.0,-11.6,295.1,1503,1499,1503,1503,1499,1503,250,185,MANUAL (Remote),,0.0
2026-08-10T11:19:37.784,1786335577.784773,-0.21400000154972076,5.0,-11.6,295.1,1503,1499,1503,1503,1499,1503,250,185,MANUAL (Remote),,0.0
2026-08-10T11:19:38.284,1786335578.284673,-0.20900000631809235,5.0,-11.6,295.0,1503,1499,1503,1503,1499,1503,250,185,MANUAL (Remote),,0.0
2026-08-10T11:19:38.784,1786335578.784727,-0.21299999952316284,5.0,-11.6,295.0,1503,1499,1503,1503,1499,1503,250,185,MANUAL (Remote),,0.0
2026-08-10T11:19:39.284,1786335579.284661,-0.21299999952316284,5.1,-11.6,295.1,1503,1499,1503,1503,1499,1503,250,185,MANUAL (Remote),,0.0
2026-08-10T11:19:39.784,1786335579.784753,-0.20999999344348907,5.1,-11.6,295.1,1503,1499,1503,1503,1499,1503,250,185,MANUAL (Remote),,0.0
2026-08-10T11:19:40.284,1786335580.284696,-0.20900000631809235,5.0,-11.6,295.1,1503,1499,1503,1503,1499,1503,250,185,MANUAL (Remote),,0.0
2026-08-10T11:19:40.784,1786335580.784695,-0.20999999344348907,5.0,-11.6,295.1,1503,1499,1503,1503,1499,1503,250,185,MANUAL (Remote),,0.0
2026-08-10T11:19:41.284,1786335581.284749,-0.2160000056028366,5.1,-11.5,295.1,1503,1499,1503,1503,1499,1503,250,185,MANUAL (Remote),,0.0
2026-08-10T11:19:41.784,1786335581.784741,-0.20999999344348907,5.0,-11.5,295.1,1503,1499,1503,1503,1499,1503,250,185,MANUAL (Remote),,0.0
2026-08-10T11:19:42.284,1786335582.284707,-0.21400000154972076,5.1,-11.6,295.1,1503,1499,1503,1503,1499,1503,250,185,MANUAL (Remote),,0.0
2026-08-10T11:19:42.784,1786335582.78484,-0.20999999344348907,5.0,-11.6,295.1,1503,1499,1503,1503,1499,1503,250,185,MANUAL (Remote),,0.0
2026-08-10T11:19:43.284,1786335583.284823,-0.21299999952316284,5.0,-11.6,295.1,1503,1499,1503,1503,1499,1503,250,185,MANUAL (Remote),,0.0
2026-08-10T11:19:43.784,1786335583.784791,-0.21299999952316284,5.0,-11.6,295.1,1503,1499,1503,1503,1499,1503,250,185,MANUAL (Remote),,0.0
2026-08-10T11:19:44.284,1786335584.284775,-0.21199999749660492,5.1,-11.6,295.0,1503,1499,1503,1503,1499,1503,250,185,MANUAL (Remote),,0.0
2026-08-10T11:19:44.784,1786335584.784784,-0.21199999749660492,5.1,-11.6,295.1,1503,1499,1503,1503,1499,1503,250,185,MANUAL (Remote),,0.0
2026-08-10T11:19:45.284,1786335585.284696,-0.210999995470047,5.0,-11.5,295.0,1503,1499,1503,1503,1499,1503,250,185,MANUAL (Remote),,0.0
2026-08-10T11:19:45.784,1786335585.784738,-0.21199999749660492,5.0,-11.5,295.1,1503,1499,1503,1503,1499,1503,250,185,MANUAL (Remote),,0.0
2026-08-10T11:19:46.284,1786335586.284755,-0.21400000154972076,5.0,-11.5,295.1,1503,1499,1503,1503,1499,1503,250,185,MANUAL (Remote),,0.0
2026-08-10T11:19:46.784,1786335586.784745,-0.21400000154972076,5.0,-11.4,295.1,1503,1499,1503,1503,1499,1503,250,185,MANUAL (Remote),,0.0
2026-08-10T11:19:47.284,1786335587.284739,-0.21199999749660492,5.1,-11.5,295.1,1503,1499,1503,1503,1499,1503,250,185,MANUAL (Remote),,0.0
2026-08-10T11:19:47.784,1786335587.784902,-0.21400000154972076,5.0,-11.5,295.1,1503,1499,1503,1503,1499,1503,250,185,MANUAL (Remote),,0.0
2026-08-10T11:19:48.284,1786335588.284752,-0.20900000631809235,5.0,-11.5,295.1,1503,1499,1503,1503,1499,1503,250,185,MANUAL (Remote),,0.0
2026-08-10T11:19:48.784,1786335588.784735,-0.21299999952316284,5.0,-11.5,295.1,1503,1499,1503,1503,1499,1503,250,185,MANUAL (Remote),,0.0
2026-08-10T11:19:49.284,1786335589.284779,-0.21299999952316284,5.0,-11.5,295.1,1503,1499,1503,1503,1499,1503,250,185,MANUAL (Remote),,0.0
2026-08-10T11:19:49.784,1786335589.78473,-0.20900000631809235,5.0,-11.6,295.1,1503,1499,1503,1503,1499,1503,250,185,MANUAL (Remote),,0.0
2026-08-10T11:19:50.284,1786335590.284774,-0.20600000023841858,4.9,-11.5,295.1,1503,1499,1503,1503,1499,1503,250,185,MANUAL (Remote),,0.0
2026-08-10T11:19:50.784,1786335590.784802,-0.210999995470047,5.0,-11.5,295.1,1503,1499,1503,1503,1499,1503,250,185,MANUAL (Remote),,0.0
2026-08-10T11:19:51.284,1786335591.284922,-0.2150000035762787,5.1,-11.5,295.1,1503,1499,1503,1503,1499,1503,250,185,MANUAL (Remote),,0.0
2026-08-10T11:19:51.784,1786335591.784738,-0.2150000035762787,5.0,-11.5,295.1,1503,1499,1503,1503,1499,1503,250,185,MANUAL (Remote),,0.0
2026-08-10T11:19:52.284,1786335592.284781,-0.21199999749660492,5.1,-11.5,295.0,1503,1499,1503,1503,1499,1503,250,185,MANUAL (Remote),,0.0
2026-08-10T11:19:52.784,1786335592.784943,-0.21699999272823334,5.0,-11.5,295.1,1503,1499,1503,1503,1499,1503,250,185,MANUAL (Remote),,0.0
2026-08-10T11:19:53.284,1786335593.284757,-0.2150000035762787,5.0,-11.6,295.0,1503,1499,1503,1503,1499,1503,250,185,MANUAL (Remote),,0.0
2026-08-10T11:19:53.784,1786335593.784705,-0.20900000631809235,5.1,-11.6,295.0,1503,1499,1503,1503,1499,1503,250,185,MANUAL (Remote),,0.0
2026-08-10T11:19:54.284,1786335594.284704,-0.21299999952316284,5.1,-11.6,295.0,1503,1499,1503,1503,1499,1503,250,185,MANUAL (Remote),,0.0
2026-08-10T11:19:54.784,1786335594.784744,-0.21199999749660492,5.1,-11.6,295.0,1503,1499,1503,1503,1499,1503,250,185,MANUAL (Remote),,0.0
2026-08-10T11:19:55.284,1786335595.284681,-0.21400000154972076,5.1,-11.6,295.0,1503,1499,1503,1503,1499,1503,250,185,MANUAL (Remote),,0.0
2026-08-10T11:19:55.784,1786335595.784794,-0.20800000429153442,5.1,-11.6,295.0,1503,1499,1503,1503,1499,1503,250,185,MANUAL (Remote),,0.0
2026-08-10T11:19:56.284,1786335596.284701,-0.210999995470047,5.0,-11.6,295.0,1503,1499,1503,1503,1499,1503,250,185,MANUAL (Remote),,0.0
2026-08-10T11:19:56.784,1786335596.784741,-0.21699999272823334,5.0,-11.7,295.0,1503,1499,1503,1503,1499,1503,250,185,MANUAL (Remote),,0.0
2026-08-10T11:19:57.284,1786335597.284731,-0.20999999344348907,5.0,-11.5,295.1,1503,1499,1503,1503,1499,1503,250,185,MANUAL (Remote),,0.0
2026-08-10T11:19:57.784,1786335597.784739,-0.20499999821186066,5.0,-11.6,295.0,1503,1499,1503,1503,1499,1503,250,185,MANUAL (Remote),,0.0
2026-08-10T11:19:58.284,1786335598.284786,-0.2160000056028366,5.0,-11.6,295.0,1503,1499,1503,1503,1499,1503,250,185,MANUAL (Remote),,0.0
2026-08-10T11:19:58.784,1786335598.784819,-0.21699999272823334,5.1,-11.6,295.0,1503,1499,1503,1503,1499,1503,250,185,MANUAL (Remote),,0.0
2026-08-10T11:19:59.284,1786335599.284805,-0.210999995470047,5.1,-11.6,295.0,1503,1499,1503,1503,1499,1503,250,185,MANUAL (Remote),,0.0
2026-08-10T11:19:59.784,1786335599.784714,-0.210999995470047,5.1,-11.6,295.0,1503,1499,1503,1503,1499,1503,250,185,MANUAL (Remote),,0.0
2026-08-10T11:20:00.284,1786335600.284757,-0.21199999749660492,5.0,-11.6,295.1,1503,1499,1503,1503,1499,1503,250,185,MANUAL (Remote),,0.0
2026-08-10T11:20:00.784,1786335600.784747,-0.21299999952316284,5.0,-11.5,295.1,1503,1499,1503,1503,1499,1503,250,185,MANUAL (Remote),,0.0
2026-08-10T11:20:01.284,1786335601.284717,-0.20999999344348907,5.0,-11.6,295.1,1503,1499,1503,1503,1499,1503,250,185,MANUAL (Remote),,0.0
2026-08-10T11:20:01.784,1786335601.784741,-0.2160000056028366,5.0,-11.5,295.1,1503,1499,1503,1503,1499,1503,250,185,MANUAL (Remote),,0.0
2026-08-10T11:20:02.284,1786335602.284701,-0.21199999749660492,5.0,-11.7,295.0,1503,1499,1503,1503,1499,1503,250,185,MANUAL (Remote),,0.0
2026-08-10T11:20:02.784,1786335602.78483,-0.21400000154972076,5.0,-11.6,295.0,1503,1499,1503,1503,1499,1503,250,185,MANUAL (Remote),,0.0
2026-08-10T11:20:03.284,1786335603.284696,-0.20800000429153442,5.0,-11.6,295.0,1503,1499,1503,1503,1499,1503,250,185,MANUAL (Remote),,0.0
2026-08-10T11:20:03.784,1786335603.784702,-0.21299999952316284,4.9,-11.6,295.0,1503,1499,1503,1503,1499,1503,250,185,MANUAL (Remote),,0.0
2026-08-10T11:20:04.284,1786335604.284724,-0.21400000154972076,4.9,-11.6,295.0,1503,1499,1503,1503,1499,1503,250,185,MANUAL (Remote),,0.0
2026-08-10T11:20:04.784,1786335604.784729,-0.2150000035762787,5.0,-11.5,295.0,1503,1499,1503,1503,1499,1503,250,185,MANUAL (Remote),,0.0
2026-08-10T11:20:05.284,1786335605.284777,-0.2160000056028366,5.0,-11.5,295.0,1503,1499,1503,1503,1499,1503,250,185,MANUAL (Remote),,0.0
2026-08-10T11:20:05.784,1786335605.784745,-0.210999995470047,5.0,-11.6,295.0,1503,1499,1503,1503,1499,1503,250,185,MANUAL (Remote),,0.0
2026-08-10T11:20:06.284,1786335606.284657,-0.21199999749660492,5.0,-11.5,295.0,1503,1499,1503,1503,1499,1503,250,185,MANUAL (Remote),,0.0
2026-08-10T11:20:06.784,1786335606.784703,-0.2160000056028366,4.9,-11.5,295.0,1503,1499,1503,1503,1499,1503,250,185,MANUAL (Remote),,0.0
2026-08-10T11:20:07.284,1786335607.284797,-0.210999995470047,5.0,-11.5,295.0,1503,1499,1503,1503,1499,1503,250,185,MANUAL (Remote),,0.0
2026-08-10T11:20:07.784,1786335607.784762,-0.21699999272823334,5.0,-11.5,295.0,1503,1499,1503,1503,1499,1503,250,185,MANUAL (Remote),,0.0
2026-08-10T11:20:08.284,1786335608.284732,-0.2160000056028366,5.0,-11.6,295.0,1503,1499,1503,1503,1499,1503,250,185,MANUAL (Remote),,0.0
2026-08-10T11:20:08.784,1786335608.784715,-0.2160000056028366,5.1,-11.6,295.0,1503,1499,1503,1503,1499,1503,250,185,MANUAL (Remote),,0.0
2026-08-10T11:20:09.284,1786335609.284769,-0.20800000429153442,5.0,-11.6,295.0,1503,1499,1503,1503,1499,1503,250,185,MANUAL (Remote),,0.0
2026-08-10T11:20:09.784,1786335609.784758,-0.2160000056028366,5.1,-11.5,295.0,1503,1499,1503,1503,1499,1503,250,185,MANUAL (Remote),,0.0
2026-08-10T11:20:10.284,1786335610.284816,-0.21299999952316284,5.0,-11.5,295.1,1503,1499,1503,1503,1499,1503,250,185,MANUAL (Remote),,0.0
2026-08-10T11:20:10.784,1786335610.784733,-0.21400000154972076,5.1,-11.5,295.1,1503,1499,1503,1503,1499,1503,250,185,MANUAL (Remote),,0.0
2026-08-10T11:20:11.284,1786335611.2847,-0.21400000154972076,5.0,-11.5,295.0,1503,1499,1503,1503,1499,1503,250,185,MANUAL (Remote),,0.0
2026-08-10T11:20:11.784,1786335611.784806,-0.21899999678134918,5.0,-11.6,295.0,1503,1499,1503,1503,1499,1503,250,185,MANUAL (Remote),,0.0
2026-08-10T11:20:12.284,1786335612.284781,-0.21299999952316284,5.0,-11.5,295.1,1503,1499,1503,1503,1499,1503,250,185,MANUAL (Remote),,0.0
2026-08-10T11:20:12.784,1786335612.784747,-0.20800000429153442,5.0,-11.5,295.0,1503,1499,1503,1503,1499,1503,250,185,MANUAL (Remote),,0.0
2026-08-10T11:20:13.284,1786335613.284758,-0.21299999952316284,5.0,-11.5,295.0,1503,1499,1503,1503,1499,1503,250,185,MANUAL (Remote),,0.0
2026-08-10T11:20:13.784,1786335613.784762,-0.2150000035762787,5.0,-11.5,295.0,1503,1499,1503,1503,1499,1503,250,185,MANUAL (Remote),,0.0
2026-08-10T11:20:14.284,1786335614.284759,-0.21199999749660492,5.0,-11.5,295.0,1503,1499,1503,1503,1499,1503,250,185,MANUAL (Remote),,0.0
2026-08-10T11:20:14.784,1786335614.784758,-0.2150000035762787,5.0,-11.6,295.0,1503,1499,1503,1503,1499,1503,250,185,MANUAL (Remote),,0.0
2026-08-10T11:20:15.284,1786335615.284682,-0.210999995470047,5.0,-11.6,295.0,1503,1499,1503,1503,1499,1503,250,185,MANUAL (Remote),,0.0
2026-08-10T11:20:15.784,1786335615.784779,-0.21199999749660492,5.1,-11.6,295.0,1503,1499,1503,1503,1499,1503,250,185,MANUAL (Remote),,0.0
2026-08-10T11:20:16.284,1786335616.284767,-0.2160000056028366,5.1,-11.6,295.1,1503,1499,1503,1503,1499,1503,250,185,MANUAL (Remote),,0.0
2026-08-10T11:20:16.784,1786335616.784792,-0.21400000154972076,5.2,-11.7,295.1,1503,1499,1503,1503,1499,1503,250,185,MANUAL (Remote),,0.0
2026-08-10T11:20:17.284,1786335617.28474,-0.2160000056028366,5.1,-11.5,295.1,1503,1499,1503,1503,1499,1503,250,185,MANUAL (Remote),,0.0
2026-08-10T11:20:17.784,1786335617.784707,-0.21400000154972076,5.1,-11.5,295.1,1503,1499,1503,1503,1499,1503,250,185,MANUAL (Remote),,0.0
2026-08-10T11:20:18.284,1786335618.284757,-0.21199999749660492,5.0,-11.5,295.1,1503,1499,1503,1503,1499,1503,250,185,MANUAL (Remote),,0.0
2026-08-10T11:20:18.784,1786335618.784756,-0.210999995470047,5.0,-11.5,295.1,1503,1499,1503,1503,1499,1503,250,185,MANUAL (Remote),,0.0
2026-08-10T11:20:19.284,1786335619.284711,-0.21199999749660492,5.1,-11.5,295.1,1503,1499,1503,1503,1499,1503,250,185,MANUAL (Remote),,0.0
2026-08-10T11:20:19.784,1786335619.784818,-0.21199999749660492,5.0,-11.6,295.1,1503,1499,1503,1503,1499,1503,250,185,MANUAL (Remote),,0.0
2026-08-10T11:20:20.284,1786335620.28484,-0.21400000154972076,5.1,-11.6,295.0,1503,1499,1503,1503,1499,1503,250,185,MANUAL (Remote),,0.0
2026-08-10T11:20:20.784,1786335620.784789,-0.21299999952316284,5.1,-11.6,295.1,1503,1499,1503,1503,1499,1503,250,185,MANUAL (Remote),,0.0
2026-08-10T11:20:21.284,1786335621.284725,-0.21199999749660492,5.1,-11.5,295.0,1503,1499,1503,1503,1499,1503,250,185,MANUAL (Remote),,0.0
2026-08-10T11:20:21.784,1786335621.784763,-0.21199999749660492,5.1,-11.5,295.1,1503,1499,1503,1503,1499,1503,250,185,MANUAL (Remote),,0.0
2026-08-10T11:20:22.284,1786335622.284811,-0.21299999952316284,5.1,-11.6,295.1,1503,1499,1503,1503,1499,1503,250,185,MANUAL (Remote),,0.0
2026-08-10T11:20:22.784,1786335622.784796,-0.21299999952316284,5.1,-11.6,295.1,1503,1499,1503,1503,1499,1503,250,185,MANUAL (Remote),,0.0
2026-08-10T11:20:23.284,1786335623.284759,-0.21299999952316284,5.1,-11.6,295.1,1503,1499,1503,1503,1499,1503,250,185,MANUAL (Remote),,0.0
2026-08-10T11:20:23.784,1786335623.784703,-0.21299999952316284,5.1,-11.6,295.1,1503,1499,1503,1503,1499,1503,250,185,MANUAL (Remote),,0.0
2026-08-10T11:20:24.284,1786335624.284679,-0.21299999952316284,5.1,-11.6,295.1,1503,1499,1503,1503,1499,1503,250,185,MANUAL (Remote),,0.0
2026-08-10T11:20:24.784,1786335624.784663,-0.21299999952316284,5.1,-11.6,295.1,1503,1499,1503,1503,1499,1503,250,185,MANUAL (Remote),,0.0
2026-08-10T11:20:25.284,1786335625.284741,-0.21299999952316284,5.1,-11.6,295.1,1503,1499,1503,1503,1499,1503,250,185,MANUAL (Remote),,0.0
2026-08-10T11:20:25.784,1786335625.784654,-0.21299999952316284,5.1,-11.6,295.1,1503,1499,1503,1503,1499,1503,250,185,MANUAL (Remote),,0.0
2026-08-10T11:20:26.284,1786335626.284691,-0.21299999952316284,5.1,-11.6,295.1,1503,1499,1503,1503,1499,1503,250,185,MANUAL (Remote),,0.0
2026-08-10T11:20:26.784,1786335626.784683,-0.21299999952316284,5.1,-11.6,295.1,1503,1499,1503,1503,1499,1503,250,185,MANUAL (Remote),,0.0
2026-08-10T11:20:27.284,1786335627.284703,-0.21299999952316284,5.1,-11.6,295.1,1503,1499,1503,1503,1499,1503,250,185,MANUAL (Remote),,0.0
2026-08-10T11:20:27.784,1786335627.784751,-0.21299999952316284,5.1,-11.6,295.1,1503,1499,1503,1503,1499,1503,250,185,MANUAL (Remote),,0.0
2026-08-10T11:20:28.284,1786335628.28473,-0.21299999952316284,5.1,-11.6,295.1,1503,1499,1503,1503,1499,1503,250,185,MANUAL (Remote),,0.0
2026-08-10T11:20:28.784,1786335628.784687,-0.21299999952316284,5.1,-11.6,295.1,1503,1499,1503,1503,1499,1503,250,185,MANUAL (Remote),,0.0
2026-08-10T11:20:29.284,1786335629.28473,-0.21299999952316284,5.1,-11.6,295.1,1503,1499,1503,1503,1499,1503,250,185,MANUAL (Remote),,0.0
2026-08-10T11:20:29.784,1786335629.784706,-0.21299999952316284,5.1,-11.6,295.1,1503,1499,1503,1503,1499,1503,250,185,MANUAL (Remote),,0.0
2026-08-10T11:20:30.284,1786335630.284733,-0.21299999952316284,5.1,-11.6,295.1,1503,1499,1503,1503,1499,1503,250,185,MANUAL (Remote),,0.0
2026-08-10T11:20:30.784,1786335630.784693,-0.21299999952316284,5.1,-11.6,295.1,1503,1499,1503,1503,1499,1503,250,185,MANUAL (Remote),,0.0
2026-08-10T11:20:31.284,1786335631.284668,-0.21299999952316284,5.1,-11.6,295.1,1503,1499,1503,1503,1499,1503,250,185,MANUAL (Remote),,0.0
2026-08-10T11:20:31.784,1786335631.784701,-0.21299999952316284,5.1,-11.6,295.1,1503,1499,1503,1503,1499,1503,250,185,MANUAL (Remote),,0.0
2026-08-10T11:20:32.284,1786335632.284722,-0.21299999952316284,5.1,-11.6,295.1,1503,1499,1503,1503,1499,1503,250,185,MANUAL (Remote),,0.0
2026-08-10T11:20:32.784,1786335632.784668,-0.21299999952316284,5.1,-11.6,295.1,1503,1499,1503,1503,1499,1503,250,185,MANUAL (Remote),,0.0
2026-08-10T11:20:33.284,1786335633.284718,-0.21299999952316284,5.1,-11.6,295.1,1503,1499,1503,1503,1499,1503,250,185,MANUAL (Remote),,0.0
2026-08-10T11:20:33.784,1786335633.784652,-0.21299999952316284,5.1,-11.6,295.1,1503,1499,1503,1503,1499,1503,250,185,MANUAL (Remote),,0.0
2026-08-10T11:20:34.284,1786335634.284753,-0.21299999952316284,5.1,-11.6,295.1,1503,1499,1503,1503,1499,1503,250,185,MANUAL (Remote),,0.0
2026-08-10T11:20:34.784,1786335634.784731,-0.21299999952316284,5.1,-11.6,295.1,1503,1499,1503,1503,1499,1503,250,185,MANUAL (Remote),,0.0
2026-08-10T11:20:35.284,1786335635.284668,-0.21299999952316284,5.1,-11.6,295.1,1503,1499,1503,1503,1499,1503,250,185,MANUAL (Remote),,0.0
2026-08-10T11:20:35.784,1786335635.784697,-0.21299999952316284,5.1,-11.6,295.1,1503,1499,1503,1503,1499,1503,250,185,MANUAL (Remote),,0.0
2026-08-10T11:20:36.284,1786335636.284688,-0.21299999952316284,5.1,-11.6,295.1,1503,1499,1503,1503,1499,1503,250,185,MANUAL (Remote),,0.0
2026-08-10T11:20:36.784,1786335636.784714,-0.21299999952316284,5.1,-11.6,295.1,1503,1499,1503,1503,1499,1503,250,185,MANUAL (Remote),,0.0
2026-08-10T11:20:37.284,1786335637.284733,-0.21299999952316284,5.1,-11.6,295.1,1503,1499,1503,1503,1499,1503,250,185,MANUAL (Remote),,0.0
2026-08-10T11:20:37.784,1786335637.784751,-0.21299999952316284,5.1,-11.6,295.1,1503,1499,1503,1503,1499,1503,250,185,MANUAL (Remote),,0.0
2026-08-10T11:20:38.284,1786335638.284709,-0.21299999952316284,5.1,-11.6,295.1,1503,1499,1503,1503,1499,1503,250,185,MANUAL (Remote),,0.0
2026-08-10T11:20:38.784,1786335638.784761,-0.21299999952316284,5.1,-11.6,295.1,1503,1499,1503,1503,1499,1503,250,185,MANUAL (Remote),,0.0
2026-08-10T11:20:39.284,1786335639.284711,-0.21299999952316284,5.1,-11.6,295.1,1503,1499,1503,1503,1499,1503,250,185,MANUAL (Remote),,0.0
2026-08-10T11:20:39.784,1786335639.784702,-0.21299999952316284,5.1,-11.6,295.1,1503,1499,1503,1503,1499,1503,250,185,MANUAL (Remote),,0.0
2026-08-10T11:20:40.284,1786335640.28465,-0.21299999952316284,5.1,-11.6,295.1,1503,1499,1503,1503,1499,1503,250,185,MANUAL (Remote),,0.0
2026-08-10T11:20:40.784,1786335640.784701,-0.21299999952316284,5.1,-11.6,295.1,1503,1499,1503,1503,1499,1503,250,185,MANUAL (Remote),,0.0
2026-08-10T11:20:41.284,1786335641.28472,-0.21299999952316284,5.1,-11.6,295.1,1503,1499,1503,1503,1499,1503,250,185,MANUAL (Remote),,0.0
2026-08-10T11:20:41.784,1786335641.784689,-0.21299999952316284,5.1,-11.6,295.1,1503,1499,1503,1503,1499,1503,250,185,MANUAL (Remote),,0.0
2026-08-10T11:20:42.284,1786335642.284665,-0.21299999952316284,5.1,-11.6,295.1,1503,1499,1503,1503,1499,1503,250,185,MANUAL (Remote),,0.0
2026-08-10T11:20:42.784,1786335642.784764,-0.21299999952316284,5.1,-11.6,295.1,1503,1499,1503,1503,1499,1503,250,185,MANUAL (Remote),,0.0
2026-08-10T11:20:43.284,1786335643.284646,-0.21299999952316284,5.1,-11.6,295.1,1503,1499,1503,1503,1499,1503,250,185,MANUAL (Remote),,0.0
2026-08-10T11:20:43.784,1786335643.784755,-0.21299999952316284,5.1,-11.6,295.1,1503,1499,1503,1503,1499,1503,250,185,MANUAL (Remote),,0.0
2026-08-10T11:20:44.284,1786335644.284751,-0.21299999952316284,5.1,-11.6,295.1,1503,1499,1503,1503,1499,1503,250,185,MANUAL (Remote),,0.0
2026-08-10T11:20:44.784,1786335644.784756,-0.21299999952316284,5.1,-11.6,295.1,1503,1499,1503,1503,1499,1503,250,185,MANUAL (Remote),,0.0
2026-08-10T11:20:45.284,1786335645.284738,-0.21299999952316284,5.1,-11.6,295.1,1503,1499,1503,1503,1499,1503,250,185,MANUAL (Remote),,0.0
2026-08-10T11:20:45.784,1786335645.784747,-0.21299999952316284,5.1,-11.6,295.1,1503,1499,1503,1503,1499,1503,250,185,MANUAL (Remote),,0.0
2026-08-10T11:20:46.284,1786335646.284686,-0.21299999952316284,5.1,-11.6,295.1,1503,1499,1503,1503,1499,1503,250,185,MANUAL (Remote),,0.0
2026-08-10T11:20:46.784,1786335646.784712,-0.21299999952316284,5.1,-11.6,295.1,1503,1499,1503,1503,1499,1503,250,185,MANUAL (Remote),,0.0
2026-08-10T11:20:47.284,1786335647.28472,-0.21299999952316284,5.1,-11.6,295.1,1503,1499,1503,1503,1499,1503,250,185,MANUAL (Remote),,0.0
2026-08-10T11:20:47.784,1786335647.784726,-0.21299999952316284,5.1,-11.6,295.1,1503,1499,1503,1503,1499,1503,250,185,MANUAL (Remote),,0.0
2026-08-10T11:20:48.284,1786335648.284733,-0.21299999952316284,5.1,-11.6,295.1,1503,1499,1503,1503,1499,1503,250,185,MANUAL (Remote),,0.0
2026-08-10T11:20:48.784,1786335648.784719,-0.21299999952316284,5.1,-11.6,295.1,1503,1499,1503,1503,1499,1503,250,185,MANUAL (Remote),,0.0
2026-08-10T11:20:49.284,1786335649.284777,-0.21299999952316284,5.1,-11.6,295.1,1503,1499,1503,1503,1499,1503,250,185,MANUAL (Remote),,0.0
2026-08-10T11:20:49.784,1786335649.784768,-0.21299999952316284,5.1,-11.6,295.1,1503,1499,1503,1503,1499,1503,250,185,MANUAL (Remote),,0.0
2026-08-10T11:20:50.284,1786335650.284691,-0.21299999952316284,5.1,-11.6,295.1,1503,1499,1503,1503,1499,1503,250,185,MANUAL (Remote),,0.0
2026-08-10T11:20:50.784,1786335650.784771,-0.21299999952316284,5.1,-11.6,295.1,1503,1499,1503,1503,1499,1503,250,185,MANUAL (Remote),,0.0
2026-08-10T11:20:51.284,1786335651.284658,-0.21299999952316284,5.1,-11.6,295.1,1503,1499,1503,1503,1499,1503,250,185,MANUAL (Remote),,0.0
2026-08-10T11:20:51.784,1786335651.784807,-0.21299999952316284,5.1,-11.6,295.1,1503,1499,1503,1503,1499,1503,250,185,MANUAL (Remote),,0.0
2026-08-10T11:20:52.284,1786335652.284761,-0.21299999952316284,5.1,-11.6,295.1,1503,1499,1503,1503,1499,1503,250,185,MANUAL (Remote),,0.0
2026-08-10T11:20:52.784,1786335652.784689,-0.21299999952316284,5.1,-11.6,295.1,1503,1499,1503,1503,1499,1503,250,185,MANUAL (Remote),,0.0
2026-08-10T11:20:53.284,1786335653.284845,-0.21299999952316284,5.1,-11.6,295.1,1503,1499,1503,1503,1499,1503,250,185,MANUAL (Remote),,0.0
2026-08-10T11:20:53.784,1786335653.78479,-0.21299999952316284,5.1,-11.6,295.1,1503,1499,1503,1503,1499,1503,250,185,MANUAL (Remote),,0.0
2026-08-10T11:20:54.284,1786335654.284753,-0.21299999952316284,5.1,-11.6,295.1,1503,1499,1503,1503,1499,1503,250,185,MANUAL (Remote),,0.0
2026-08-10T11:20:54.784,1786335654.784781,-0.21299999952316284,5.1,-11.6,295.1,1503,1499,1503,1503,1499,1503,250,185,MANUAL (Remote),,0.0
2026-08-10T11:20:55.284,1786335655.284764,-0.21299999952316284,5.1,-11.6,295.1,1503,1499,1503,1503,1499,1503,250,185,MANUAL (Remote),,0.0
2026-08-10T11:20:55.784,1786335655.784788,-0.21299999952316284,5.1,-11.6,295.1,1503,1499,1503,1503,1499,1503,250,185,MANUAL (Remote),,0.0
2026-08-10T11:20:56.284,1786335656.284674,-0.21299999952316284,5.1,-11.6,295.1,1503,1499,1503,1503,1499,1503,250,185,MANUAL (Remote),,0.0
2026-08-10T11:20:56.784,1786335656.784789,-0.21299999952316284,5.1,-11.6,295.1,1503,1499,1503,1503,1499,1503,250,185,MANUAL (Remote),,0.0
2026-08-10T11:20:57.284,1786335657.284853,-0.21299999952316284,5.1,-11.6,295.1,1503,1499,1503,1503,1499,1503,250,185,MANUAL (Remote),,0.0
2026-08-10T11:20:57.784,1786335657.784813,-0.21299999952316284,5.1,-11.6,295.1,1503,1499,1503,1503,1499,1503,250,185,MANUAL (Remote),,0.0
2026-08-10T11:20:58.284,1786335658.284696,-0.21299999952316284,5.1,-11.6,295.1,1503,1499,1503,1503,1499,1503,250,185,MANUAL (Remote),,0.0
2026-08-10T11:20:58.784,1786335658.784714,-0.21299999952316284,5.1,-11.6,295.1,1503,1499,1503,1503,1499,1503,250,185,MANUAL (Remote),,0.0
2026-08-10T11:20:59.284,1786335659.28479,-0.21299999952316284,5.1,-11.6,295.1,1503,1499,1503,1503,1499,1503,250,185,MANUAL (Remote),,0.0
2026-08-10T11:20:59.784,1786335659.78476,-0.21299999952316284,5.1,-11.6,295.1,1503,1499,1503,1503,1499,1503,250,185,MANUAL (Remote),,0.0
2026-08-10T11:21:00.284,1786335660.284688,-0.21299999952316284,5.1,-11.6,295.1,1503,1499,1503,1503,1499,1503,250,185,MANUAL (Remote),,0.0
2026-08-10T11:21:00.784,1786335660.784713,-0.21299999952316284,5.1,-11.6,295.1,1503,1499,1503,1503,1499,1503,250,185,MANUAL (Remote),,0.0
2026-08-10T11:21:01.284,1786335661.284866,-0.21299999952316284,5.1,-11.6,295.1,1503,1499,1503,1503,1499,1503,250,185,MANUAL (Remote),,0.0
2026-08-10T11:21:01.784,1786335661.784762,-0.21299999952316284,5.1,-11.6,295.1,1503,1499,1503,1503,1499,1503,250,185,MANUAL (Remote),,0.0
2026-08-10T11:21:02.284,1786335662.284715,-0.21299999952316284,5.1,-11.6,295.1,1503,1499,1503,1503,1499,1503,250,185,MANUAL (Remote),,0.0
2026-08-10T11:21:02.784,1786335662.784732,-0.21299999952316284,5.1,-11.6,295.1,1503,1499,1503,1503,1499,1503,250,185,MANUAL (Remote),,0.0
2026-08-10T11:21:03.284,1786335663.28461,-0.21299999952316284,5.1,-11.6,295.1,1503,1499,1503,1503,1499,1503,250,185,MANUAL (Remote),,0.0
2026-08-10T11:21:03.784,1786335663.784748,-0.21299999952316284,5.1,-11.6,295.1,1503,1499,1503,1503,1499,1503,250,185,MANUAL (Remote),,0.0
2026-08-10T11:21:04.284,1786335664.284696,-0.21299999952316284,5.1,-11.6,295.1,1503,1499,1503,1503,1499,1503,250,185,MANUAL (Remote),,0.0
2026-08-10T11:21:04.784,1786335664.784731,-0.21299999952316284,5.1,-11.6,295.1,1503,1499,1503,1503,1499,1503,250,185,MANUAL (Remote),,0.0
2026-08-10T11:21:05.284,1786335665.284708,-0.21299999952316284,5.1,-11.6,295.1,1503,1499,1503,1503,1499,1503,250,185,MANUAL (Remote),,0.0
2026-08-10T11:21:05.784,1786335665.784666,-0.21299999952316284,5.1,-11.6,295.1,1503,1499,1503,1503,1499,1503,250,185,MANUAL (Remote),,0.0
2026-08-10T11:21:06.284,1786335666.284764,-0.21299999952316284,5.1,-11.6,295.1,1503,1499,1503,1503,1499,1503,250,185,MANUAL (Remote),,0.0
2026-08-10T11:21:06.784,1786335666.784746,-0.21299999952316284,5.1,-11.6,295.1,1503,1499,1503,1503,1499,1503,250,185,MANUAL (Remote),,0.0
2026-08-10T11:21:07.284,1786335667.284642,-0.21299999952316284,5.1,-11.6,295.1,1503,1499,1503,1503,1499,1503,250,185,MANUAL (Remote),,0.0
2026-08-10T11:21:07.784,1786335667.784743,-0.21299999952316284,5.1,-11.6,295.1,1503,1499,1503,1503,1499,1503,250,185,MANUAL (Remote),,0.0
2026-08-10T11:21:08.284,1786335668.284719,-0.21299999952316284,5.1,-11.6,295.1,1503,1499,1503,1503,1499,1503,250,185,MANUAL (Remote),,0.0
2026-08-10T11:21:08.784,1786335668.784779,-0.21299999952316284,5.1,-11.6,295.1,1503,1499,1503,1503,1499,1503,250,185,MANUAL (Remote),,0.0
2026-08-10T11:21:09.284,1786335669.284792,-0.21299999952316284,5.1,-11.6,295.1,1503,1499,1503,1503,1499,1503,250,185,MANUAL (Remote),,0.0
2026-08-10T11:21:09.784,1786335669.784721,-0.21299999952316284,5.1,-11.6,295.1,1503,1499,1503,1503,1499,1503,250,185,MANUAL (Remote),,0.0
2026-08-10T11:21:10.284,1786335670.284818,-0.21299999952316284,5.1,-11.6,295.1,1503,1499,1503,1503,1499,1503,250,185,MANUAL (Remote),,0.0
2026-08-10T11:21:10.784,1786335670.784759,-0.21299999952316284,5.1,-11.6,295.1,1503,1499,1503,1503,1499,1503,250,185,MANUAL (Remote),,0.0
2026-08-10T11:21:11.284,1786335671.284672,-0.21299999952316284,5.1,-11.6,295.1,1503,1499,1503,1503,1499,1503,250,185,MANUAL (Remote),,0.0
2026-08-10T11:21:11.784,1786335671.78479,-0.21299999952316284,5.1,-11.6,295.1,1503,1499,1503,1503,1499,1503,250,185,MANUAL (Remote),,0.0
2026-08-10T11:21:12.284,1786335672.284786,-0.21299999952316284,5.1,-11.6,295.1,1503,1499,1503,1503,1499,1503,250,185,MANUAL (Remote),,0.0
2026-08-10T11:21:12.784,1786335672.784775,-0.21299999952316284,5.1,-11.6,295.1,1503,1499,1503,1503,1499,1503,250,185,MANUAL (Remote),,0.0
2026-08-10T11:21:13.284,1786335673.284823,-0.21299999952316284,5.1,-11.6,295.1,1503,1499,1503,1503,1499,1503,250,185,MANUAL (Remote),,0.0
2026-08-10T11:21:13.784,1786335673.784715,-0.21299999952316284,5.1,-11.6,295.1,1503,1499,1503,1503,1499,1503,250,185,MANUAL (Remote),,0.0
2026-08-10T11:21:14.284,1786335674.284728,-0.21299999952316284,5.1,-11.6,295.1,1503,1499,1503,1503,1499,1503,250,185,MANUAL (Remote),,0.0
2026-08-10T11:21:14.784,1786335674.78477,-0.21299999952316284,5.1,-11.6,295.1,1503,1499,1503,1503,1499,1503,250,185,MANUAL (Remote),,0.0
2026-08-10T11:21:15.284,1786335675.284783,-0.21299999952316284,5.1,-11.6,295.1,1503,1499,1503,1503,1499,1503,250,185,MANUAL (Remote),,0.0
2026-08-10T11:21:15.784,1786335675.784727,-0.21299999952316284,5.1,-11.6,295.1,1503,1499,1503,1503,1499,1503,250,185,MANUAL (Remote),,0.0
2026-08-10T11:21:16.284,1786335676.284765,-0.21299999952316284,5.1,-11.6,295.1,1503,1499,1503,1503,1499,1503,250,185,MANUAL (Remote),,0.0
2026-08-10T11:21:16.784,1786335676.784813,-0.21299999952316284,5.1,-11.6,295.1,1503,1499,1503,1503,1499,1503,250,185,MANUAL (Remote),,0.0
2026-08-10T11:21:17.284,1786335677.284733,-0.21299999952316284,5.1,-11.6,295.1,1503,1499,1503,1503,1499,1503,250,185,MANUAL (Remote),,0.0
2026-08-10T11:21:17.784,1786335677.784687,-0.21299999952316284,5.1,-11.6,295.1,1503,1499,1503,1503,1499,1503,250,185,MANUAL (Remote),,0.0
2026-08-10T11:21:18.284,1786335678.284748,-0.21299999952316284,5.1,-11.6,295.1,1503,1499,1503,1503,1499,1503,250,185,MANUAL (Remote),,0.0
2026-08-10T11:21:18.784,1786335678.78474,-0.21299999952316284,5.1,-11.6,295.1,1503,1499,1503,1503,1499,1503,250,185,MANUAL (Remote),,0.0
2026-08-10T11:21:19.284,1786335679.28465,-0.21299999952316284,5.1,-11.6,295.1,1503,1499,1503,1503,1499,1503,250,185,MANUAL (Remote),,0.0
2026-08-10T11:21:19.784,1786335679.784693,-0.21299999952316284,5.1,-11.6,295.1,1503,1499,1503,1503,1499,1503,250,185,MANUAL (Remote),,0.0
2026-08-10T11:21:20.284,1786335680.284746,-0.21299999952316284,5.1,-11.6,295.1,1503,1499,1503,1503,1499,1503,250,185,MANUAL (Remote),,0.0
2026-08-10T11:21:20.784,1786335680.784719,-0.21299999952316284,5.1,-11.6,295.1,1503,1499,1503,1503,1499,1503,250,185,MANUAL (Remote),,0.0
2026-08-10T11:21:21.284,1786335681.284777,-0.21299999952316284,5.1,-11.6,295.1,1503,1499,1503,1503,1499,1503,250,185,MANUAL (Remote),,0.0
2026-08-10T11:21:21.784,1786335681.78474,-0.21299999952316284,5.1,-11.6,295.1,1503,1499,1503,1503,1499,1503,250,185,MANUAL (Remote),,0.0
2026-08-10T11:21:22.284,1786335682.284745,-0.21299999952316284,5.1,-11.6,295.1,1503,1499,1503,1503,1499,1503,250,185,MANUAL (Remote),,0.0
2026-08-10T11:21:22.784,1786335682.784759,-0.21299999952316284,5.1,-11.6,295.1,1503,1499,1503,1503,1499,1503,250,185,MANUAL (Remote),,0.0
2026-08-10T11:21:23.284,1786335683.284734,-0.21299999952316284,5.1,-11.6,295.1,1503,1499,1503,1503,1499,1503,250,185,MANUAL (Remote),,0.0
2026-08-10T11:21:23.784,1786335683.784686,-0.21299999952316284,5.1,-11.6,295.1,1503,1499,1503,1503,1499,1503,250,185,MANUAL (Remote),,0.0
2026-08-10T11:21:24.284,1786335684.28479,-0.21299999952316284,5.1,-11.6,295.1,1503,1499,1503,1503,1499,1503,250,185,MANUAL (Remote),,0.0
2026-08-10T11:21:24.784,1786335684.784696,-0.21299999952316284,5.1,-11.6,295.1,1503,1499,1503,1503,1499,1503,250,185,MANUAL (Remote),,0.0
2026-08-10T11:21:25.284,1786335685.284858,-0.21299999952316284,5.1,-11.6,295.1,1503,1499,1503,1503,1499,1503,250,185,MANUAL (Remote),,0.0
2026-08-10T11:21:25.784,1786335685.784712,-0.21299999952316284,5.1,-11.6,295.1,1503,1499,1503,1503,1499,1503,250,185,MANUAL (Remote),,0.0
2026-08-10T11:21:26.284,1786335686.284776,-0.21299999952316284,5.1,-11.6,295.1,1503,1499,1503,1503,1499,1503,250,185,MANUAL (Remote),,0.0
2026-08-10T11:21:26.784,1786335686.784784,-0.21299999952316284,5.1,-11.6,295.1,1503,1499,1503,1503,1499,1503,250,185,MANUAL (Remote),,0.0
2026-08-10T11:21:27.284,1786335687.284699,-0.21299999952316284,5.1,-11.6,295.1,1503,1499,1503,1503,1499,1503,250,185,MANUAL (Remote),,0.0
2026-08-10T11:21:27.784,1786335687.784696,-0.21299999952316284,5.1,-11.6,295.1,1503,1499,1503,1503,1499,1503,250,185,MANUAL (Remote),,0.0
2026-08-10T11:21:28.284,1786335688.284707,-0.21299999952316284,5.1,-11.6,295.1,1503,1499,1503,1503,1499,1503,250,185,MANUAL (Remote),,0.0
2026-08-10T11:21:28.784,1786335688.78472,-0.21299999952316284,5.1,-11.6,295.1,1503,1499,1503,1503,1499,1503,250,185,MANUAL (Remote),,0.0
2026-08-10T11:21:29.284,1786335689.284756,-0.21299999952316284,5.1,-11.6,295.1,1503,1499,1503,1503,1499,1503,250,185,MANUAL (Remote),,0.0
2026-08-10T11:21:29.784,1786335689.784717,-0.21299999952316284,5.1,-11.6,295.1,1503,1499,1503,1503,1499,1503,250,185,MANUAL (Remote),,0.0
2026-08-10T11:21:30.284,1786335690.284985,-0.21299999952316284,5.1,-11.6,295.1,1503,1499,1503,1503,1499,1503,250,185,MANUAL (Remote),,0.0
2026-08-10T11:21:30.784,1786335690.784782,-0.21299999952316284,5.1,-11.6,295.1,1503,1499,1503,1503,1499,1503,250,185,MANUAL (Remote),,0.0
2026-08-10T11:21:31.284,1786335691.284875,-0.21299999952316284,5.1,-11.6,295.1,1503,1499,1503,1503,1499,1503,250,185,MANUAL (Remote),,0.0
2026-08-10T11:21:31.784,1786335691.784755,-0.21299999952316284,5.1,-11.6,295.1,1503,1499,1503,1503,1499,1503,250,185,MANUAL (Remote),,0.0
2026-08-10T11:21:32.284,1786335692.284936,-0.21299999952316284,5.1,-11.6,295.1,1503,1499,1503,1503,1499,1503,250,185,MANUAL (Remote),,0.0
2026-08-10T11:21:32.784,1786335692.784734,-0.21299999952316284,5.1,-11.6,295.1,1503,1499,1503,1503,1499,1503,250,185,MANUAL (Remote),,0.0
2026-08-10T11:21:33.284,1786335693.284766,-0.21299999952316284,5.1,-11.6,295.1,1503,1499,1503,1503,1499,1503,250,185,MANUAL (Remote),,0.0
2026-08-10T11:21:33.784,1786335693.784707,-0.21299999952316284,5.1,-11.6,295.1,1503,1499,1503,1503,1499,1503,250,185,MANUAL (Remote),,0.0
2026-08-10T11:21:34.284,1786335694.284757,-0.21299999952316284,5.1,-11.6,295.1,1503,1499,1503,1503,1499,1503,250,185,MANUAL (Remote),,0.0
2026-08-10T11:21:34.784,1786335694.784769,-0.21299999952316284,5.1,-11.6,295.1,1503,1499,1503,1503,1499,1503,250,185,MANUAL (Remote),,0.0
2026-08-10T11:21:35.284,1786335695.284777,-0.21299999952316284,5.1,-11.6,295.1,1503,1499,1503,1503,1499,1503,250,185,MANUAL (Remote),,0.0
2026-08-10T11:21:35.784,1786335695.784736,-0.21299999952316284,5.1,-11.6,295.1,1503,1499,1503,1503,1499,1503,250,185,MANUAL (Remote),,0.0
2026-08-10T11:21:36.284,1786335696.284911,-0.21299999952316284,5.1,-11.6,295.1,1503,1499,1503,1503,1499,1503,250,185,MANUAL (Remote),,0.0
2026-08-10T11:21:36.784,1786335696.784814,-0.21299999952316284,5.1,-11.6,295.1,1503,1499,1503,1503,1499,1503,250,185,MANUAL (Remote),,0.0
2026-08-10T11:21:37.284,1786335697.284814,-0.21299999952316284,5.1,-11.6,295.1,1503,1499,1503,1503,1499,1503,250,185,MANUAL (Remote),,0.0
2026-08-10T11:21:37.784,1786335697.784715,-0.21299999952316284,5.1,-11.6,295.1,1503,1499,1503,1503,1499,1503,250,185,MANUAL (Remote),,0.0
2026-08-10T11:21:38.284,1786335698.284732,-0.21299999952316284,5.1,-11.6,295.1,1503,1499,1503,1503,1499,1503,250,185,MANUAL (Remote),,0.0
2026-08-10T11:21:38.784,1786335698.784723,-0.21299999952316284,5.1,-11.6,295.1,1503,1499,1503,1503,1499,1503,250,185,MANUAL (Remote),,0.0
2026-08-10T11:21:39.284,1786335699.28475,-0.21299999952316284,5.1,-11.6,295.1,1503,1499,1503,1503,1499,1503,250,185,MANUAL (Remote),,0.0
2026-08-10T11:21:39.784,1786335699.784731,-0.21299999952316284,5.1,-11.6,295.1,1503,1499,1503,1503,1499,1503,250,185,MANUAL (Remote),,0.0
2026-08-10T11:21:40.284,1786335700.284705,-0.21299999952316284,5.1,-11.6,295.1,1503,1499,1503,1503,1499,1503,250,185,MANUAL (Remote),,0.0
2026-08-10T11:21:40.784,1786335700.784677,-0.21299999952316284,5.1,-11.6,295.1,1503,1499,1503,1503,1499,1503,250,185,MANUAL (Remote),,0.0
2026-08-10T11:21:41.284,1786335701.284842,-0.21299999952316284,5.1,-11.6,295.1,1503,1499,1503,1503,1499,1503,250,185,MANUAL (Remote),,0.0
2026-08-10T11:21:41.784,1786335701.784681,-0.21299999952316284,5.1,-11.6,295.1,1503,1499,1503,1503,1499,1503,250,185,MANUAL (Remote),,0.0
2026-08-10T11:21:42.284,1786335702.28473,-0.21299999952316284,5.1,-11.6,295.1,1503,1499,1503,1503,1499,1503,250,185,MANUAL (Remote),,0.0
2026-08-10T11:21:42.784,1786335702.784734,-0.21299999952316284,5.1,-11.6,295.1,1503,1499,1503,1503,1499,1503,250,185,MANUAL (Remote),,0.0
2026-08-10T11:21:43.284,1786335703.284717,-0.21299999952316284,5.1,-11.6,295.1,1503,1499,1503,1503,1499,1503,250,185,MANUAL (Remote),,0.0
2026-08-10T11:21:43.784,1786335703.784732,-0.21299999952316284,5.1,-11.6,295.1,1503,1499,1503,1503,1499,1503,250,185,MANUAL (Remote),,0.0
2026-08-10T11:21:44.284,1786335704.284696,-0.21299999952316284,5.1,-11.6,295.1,1503,1499,1503,1503,1499,1503,250,185,MANUAL (Remote),,0.0
2026-08-10T11:21:44.784,1786335704.784674,-0.21299999952316284,5.1,-11.6,295.1,1503,1499,1503,1503,1499,1503,250,185,MANUAL (Remote),,0.0
2026-08-10T11:21:45.284,1786335705.284763,-0.21299999952316284,5.1,-11.6,295.1,1503,1499,1503,1503,1499,1503,250,185,MANUAL (Remote),,0.0
2026-08-10T11:21:45.784,1786335705.784692,-0.21299999952316284,5.1,-11.6,295.1,1503,1499,1503,1503,1499,1503,250,185,MANUAL (Remote),,0.0
2026-08-10T11:21:46.284,1786335706.284698,-0.21299999952316284,5.1,-11.6,295.1,1503,1499,1503,1503,1499,1503,250,185,MANUAL (Remote),,0.0
2026-08-10T11:21:46.784,1786335706.784685,-0.21299999952316284,5.1,-11.6,295.1,1503,1499,1503,1503,1499,1503,250,185,MANUAL (Remote),,0.0
2026-08-10T11:21:47.284,1786335707.284702,-0.21299999952316284,5.1,-11.6,295.1,1503,1499,1503,1503,1499,1503,250,185,MANUAL (Remote),,0.0
2026-08-10T11:21:47.784,1786335707.784707,-0.21299999952316284,5.1,-11.6,295.1,1503,1499,1503,1503,1499,1503,250,185,MANUAL (Remote),,0.0
2026-08-10T11:21:48.284,1786335708.284702,-0.21299999952316284,5.1,-11.6,295.1,1503,1499,1503,1503,1499,1503,250,185,MANUAL (Remote),,0.0
2026-08-10T11:21:48.784,1786335708.784723,-0.21299999952316284,5.1,-11.6,295.1,1503,1499,1503,1503,1499,1503,250,185,MANUAL (Remote),,0.0
2026-08-10T11:21:49.284,1786335709.284822,-0.21299999952316284,5.1,-11.6,295.1,1503,1499,1503,1503,1499,1503,250,185,MANUAL (Remote),,0.0
2026-08-10T11:21:49.784,1786335709.784715,-0.21299999952316284,5.1,-11.6,295.1,1503,1499,1503,1503,1499,1503,250,185,MANUAL (Remote),,0.0
2026-08-10T11:21:50.284,1786335710.284744,-0.21299999952316284,5.1,-11.6,295.1,1503,1499,1503,1503,1499,1503,250,185,MANUAL (Remote),,0.0
2026-08-10T11:21:50.784,1786335710.784754,-0.21299999952316284,5.1,-11.6,295.1,1503,1499,1503,1503,1499,1503,250,185,MANUAL (Remote),,0.0
2026-08-10T11:21:51.284,1786335711.284697,-0.21299999952316284,5.1,-11.6,295.1,1503,1499,1503,1503,1499,1503,250,185,MANUAL (Remote),,0.0
2026-08-10T11:21:51.784,1786335711.784716,-0.21299999952316284,5.1,-11.6,295.1,1503,1499,1503,1503,1499,1503,250,185,MANUAL (Remote),,0.0
2026-08-10T11:21:52.284,1786335712.284742,-0.21299999952316284,5.1,-11.6,295.1,1503,1499,1503,1503,1499,1503,250,185,MANUAL (Remote),,0.0
2026-08-10T11:21:52.784,1786335712.784702,-0.21299999952316284,5.1,-11.6,295.1,1503,1499,1503,1503,1499,1503,250,185,MANUAL (Remote),,0.0
2026-08-10T11:21:53.284,1786335713.284719,-0.21299999952316284,5.1,-11.6,295.1,1503,1499,1503,1503,1499,1503,250,185,MANUAL (Remote),,0.0
2026-08-10T11:21:53.784,1786335713.784715,-0.21299999952316284,5.1,-11.6,295.1,1503,1499,1503,1503,1499,1503,250,185,MANUAL (Remote),,0.0
2026-08-10T11:21:54.284,1786335714.284742,-0.21299999952316284,5.1,-11.6,295.1,1503,1499,1503,1503,1499,1503,250,185,MANUAL (Remote),,0.0
2026-08-10T11:21:54.784,1786335714.784756,-0.21299999952316284,5.1,-11.6,295.1,1503,1499,1503,1503,1499,1503,250,185,MANUAL (Remote),,0.0
2026-08-10T11:21:55.284,1786335715.284715,-0.21299999952316284,5.1,-11.6,295.1,1503,1499,1503,1503,1499,1503,250,185,MANUAL (Remote),,0.0
2026-08-10T11:21:55.784,1786335715.784804,-0.21299999952316284,5.1,-11.6,295.1,1503,1499,1503,1503,1499,1503,250,185,MANUAL (Remote),,0.0
2026-08-10T11:21:56.284,1786335716.284847,-0.21299999952316284,5.1,-11.6,295.1,1503,1499,1503,1503,1499,1503,250,185,MANUAL (Remote),,0.0
2026-08-10T11:21:56.784,1786335716.784811,-0.21299999952316284,5.1,-11.6,295.1,1503,1499,1503,1503,1499,1503,250,185,MANUAL (Remote),,0.0
2026-08-10T11:21:57.284,1786335717.284831,-0.21299999952316284,5.1,-11.6,295.1,1503,1499,1503,1503,1499,1503,250,185,MANUAL (Remote),,0.0
2026-08-10T11:21:57.784,1786335717.78475,-0.21299999952316284,5.1,-11.6,295.1,1503,1499,1503,1503,1499,1503,250,185,MANUAL (Remote),,0.0
2026-08-10T11:21:58.284,1786335718.284844,-0.21299999952316284,5.1,-11.6,295.1,1503,1499,1503,1503,1499,1503,250,185,MANUAL (Remote),,0.0
2026-08-10T11:21:58.784,1786335718.784786,-0.21299999952316284,5.1,-11.6,295.1,1503,1499,1503,1503,1499,1503,250,185,MANUAL (Remote),,0.0
2026-08-10T11:21:59.284,1786335719.284776,-0.21299999952316284,5.1,-11.6,295.1,1503,1499,1503,1503,1499,1503,250,185,MANUAL (Remote),,0.0
2026-08-10T11:21:59.784,1786335719.784815,-0.21299999952316284,5.1,-11.6,295.1,1503,1499,1503,1503,1499,1503,250,185,MANUAL (Remote),,0.0
2026-08-10T11:22:00.284,1786335720.284724,-0.21299999952316284,5.1,-11.6,295.1,1503,1499,1503,1503,1499,1503,250,185,MANUAL (Remote),,0.0
2026-08-10T11:22:00.784,1786335720.784861,-0.21299999952316284,5.1,-11.6,295.1,1503,1499,1503,1503,1499,1503,250,185,MANUAL (Remote),,0.0
2026-08-10T11:22:01.284,1786335721.284778,-0.21299999952316284,5.1,-11.6,295.1,1503,1499,1503,1503,1499,1503,250,185,MANUAL (Remote),,0.0
2026-08-10T11:22:01.784,1786335721.784787,-0.21299999952316284,5.1,-11.6,295.1,1503,1499,1503,1503,1499,1503,250,185,MANUAL (Remote),,0.0
2026-08-10T11:22:02.284,1786335722.284713,-0.21299999952316284,5.1,-11.6,295.1,1503,1499,1503,1503,1499,1503,250,185,MANUAL (Remote),,0.0
2026-08-10T11:22:02.784,1786335722.784775,-0.21299999952316284,5.1,-11.6,295.1,1503,1499,1503,1503,1499,1503,250,185,MANUAL (Remote),,0.0
2026-08-10T11:22:03.284,1786335723.284694,-0.21299999952316284,5.1,-11.6,295.1,1503,1499,1503,1503,1499,1503,250,185,MANUAL (Remote),,0.0
2026-08-10T11:22:03.784,1786335723.784753,-0.21299999952316284,5.1,-11.6,295.1,1503,1499,1503,1503,1499,1503,250,185,MANUAL (Remote),,0.0
2026-08-10T11:22:04.284,1786335724.284709,-0.21299999952316284,5.1,-11.6,295.1,1503,1499,1503,1503,1499,1503,250,185,MANUAL (Remote),,0.0
2026-08-10T11:22:04.784,1786335724.784731,-0.21299999952316284,5.1,-11.6,295.1,1503,1499,1503,1503,1499,1503,250,185,MANUAL (Remote),,0.0
2026-08-10T11:22:05.284,1786335725.284885,-0.21299999952316284,5.1,-11.6,295.1,1503,1499,1503,1503,1499,1503,250,185,MANUAL (Remote),,0.0
2026-08-10T11:22:05.784,1786335725.784719,-0.21299999952316284,5.1,-11.6,295.1,1503,1499,1503,1503,1499,1503,250,185,MANUAL (Remote),,0.0
2026-08-10T11:22:06.284,1786335726.284737,-0.21299999952316284,5.1,-11.6,295.1,1503,1499,1503,1503,1499,1503,250,185,MANUAL (Remote),,0.0
2026-08-10T11:22:06.784,1786335726.784744,-0.21299999952316284,5.1,-11.6,295.1,1503,1499,1503,1503,1499,1503,250,185,MANUAL (Remote),,0.0
2026-08-10T11:22:07.284,1786335727.28475,-0.21299999952316284,5.1,-11.6,295.1,1503,1499,1503,1503,1499,1503,250,185,MANUAL (Remote),,0.0
2026-08-10T11:22:07.784,1786335727.784731,-0.21299999952316284,5.1,-11.6,295.1,1503,1499,1503,1503,1499,1503,250,185,MANUAL (Remote),,0.0
2026-08-10T11:22:08.284,1786335728.284707,-0.21299999952316284,5.1,-11.6,295.1,1503,1499,1503,1503,1499,1503,250,185,MANUAL (Remote),,0.0
2026-08-10T11:22:08.784,1786335728.78474,-0.21299999952316284,5.1,-11.6,295.1,1503,1499,1503,1503,1499,1503,250,185,MANUAL (Remote),,0.0
2026-08-10T11:22:09.284,1786335729.284702,-0.21299999952316284,5.1,-11.6,295.1,1503,1499,1503,1503,1499,1503,250,185,MANUAL (Remote),,0.0
2026-08-10T11:22:09.784,1786335729.78474,-0.21299999952316284,5.1,-11.6,295.1,1503,1499,1503,1503,1499,1503,250,185,MANUAL (Remote),,0.0
2026-08-10T11:22:10.284,1786335730.284698,-0.21299999952316284,5.1,-11.6,295.1,1503,1499,1503,1503,1499,1503,250,185,MANUAL (Remote),,0.0
2026-08-10T11:22:10.784,1786335730.784748,-0.21299999952316284,5.1,-11.6,295.1,1503,1499,1503,1503,1499,1503,250,185,MANUAL (Remote),,0.0
2026-08-10T11:22:11.284,1786335731.284722,-0.21299999952316284,5.1,-11.6,295.1,1503,1499,1503,1503,1499,1503,250,185,MANUAL (Remote),,0.0
2026-08-10T11:22:11.784,1786335731.784736,-0.21299999952316284,5.1,-11.6,295.1,1503,1499,1503,1503,1499,1503,250,185,MANUAL (Remote),,0.0
2026-08-10T11:22:12.284,1786335732.284705,-0.21299999952316284,5.1,-11.6,295.1,1503,1499,1503,1503,1499,1503,250,185,MANUAL (Remote),,0.0
2026-08-10T11:22:12.784,1786335732.784707,-0.21299999952316284,5.1,-11.6,295.1,1503,1499,1503,1503,1499,1503,250,185,MANUAL (Remote),,0.0
2026-08-10T11:22:13.284,1786335733.284726,-0.21299999952316284,5.1,-11.6,295.1,1503,1499,1503,1503,1499,1503,250,185,MANUAL (Remote),,0.0
2026-08-10T11:22:13.784,1786335733.784729,-0.21299999952316284,5.1,-11.6,295.1,1503,1499,1503,1503,1499,1503,250,185,MANUAL (Remote),,0.0
2026-08-10T11:22:14.284,1786335734.284696,-0.21299999952316284,5.1,-11.6,295.1,1503,1499,1503,1503,1499,1503,250,185,MANUAL (Remote),,0.0
2026-08-10T11:22:14.784,1786335734.784733,-0.21299999952316284,5.1,-11.6,295.1,1503,1499,1503,1503,1499,1503,250,185,MANUAL (Remote),,0.0
2026-08-10T11:22:15.284,1786335735.284644,-0.21299999952316284,5.1,-11.6,295.1,1503,1499,1503,1503,1499,1503,250,185,MANUAL (Remote),,0.0
2026-08-10T11:22:15.784,1786335735.784707,-0.21299999952316284,5.1,-11.6,295.1,1503,1499,1503,1503,1499,1503,250,185,MANUAL (Remote),,0.0
2026-08-10T11:22:16.284,1786335736.284717,-0.21299999952316284,5.1,-11.6,295.1,1503,1499,1503,1503,1499,1503,250,185,MANUAL (Remote),,0.0
2026-08-10T11:22:16.784,1786335736.784704,-0.21299999952316284,5.1,-11.6,295.1,1503,1499,1503,1503,1499,1503,250,185,MANUAL (Remote),,0.0
2026-08-10T11:22:17.284,1786335737.284951,-0.21299999952316284,5.1,-11.6,295.1,1503,1499,1503,1503,1499,1503,250,185,MANUAL (Remote),,0.0
2026-08-10T11:22:17.784,1786335737.784764,-0.21299999952316284,5.1,-11.6,295.1,1503,1499,1503,1503,1499,1503,250,185,MANUAL (Remote),,0.0
2026-08-10T11:22:18.284,1786335738.284774,-0.21299999952316284,5.1,-11.6,295.1,1503,1499,1503,1503,1499,1503,250,185,MANUAL (Remote),,0.0
2026-08-10T11:22:18.784,1786335738.784741,-0.21299999952316284,5.1,-11.6,295.1,1503,1499,1503,1503,1499,1503,250,185,MANUAL (Remote),,0.0
2026-08-10T11:22:19.284,1786335739.284664,-0.21299999952316284,5.1,-11.6,295.1,1503,1499,1503,1503,1499,1503,250,185,MANUAL (Remote),,0.0
2026-08-10T11:22:19.784,1786335739.784735,-0.21299999952316284,5.1,-11.6,295.1,1503,1499,1503,1503,1499,1503,250,185,MANUAL (Remote),,0.0
2026-08-10T11:22:20.284,1786335740.28469,-0.21299999952316284,5.1,-11.6,295.1,1503,1499,1503,1503,1499,1503,250,185,MANUAL (Remote),,0.0
2026-08-10T11:22:20.784,1786335740.784703,-0.21299999952316284,5.1,-11.6,295.1,1503,1499,1503,1503,1499,1503,250,185,MANUAL (Remote),,0.0
2026-08-10T11:22:21.284,1786335741.284791,-0.21299999952316284,5.1,-11.6,295.1,1503,1499,1503,1503,1499,1503,250,185,MANUAL (Remote),,0.0
2026-08-10T11:22:21.784,1786335741.784727,-0.21299999952316284,5.1,-11.6,295.1,1503,1499,1503,1503,1499,1503,250,185,MANUAL (Remote),,0.0
2026-08-10T11:22:22.284,1786335742.284752,-0.21299999952316284,5.1,-11.6,295.1,1503,1499,1503,1503,1499,1503,250,185,MANUAL (Remote),,0.0
2026-08-10T11:22:22.784,1786335742.784741,-0.21299999952316284,5.1,-11.6,295.1,1503,1499,1503,1503,1499,1503,250,185,MANUAL (Remote),,0.0
2026-08-10T11:22:23.284,1786335743.284728,-0.21299999952316284,5.1,-11.6,295.1,1503,1499,1503,1503,1499,1503,250,185,MANUAL (Remote),,0.0
2026-08-10T11:22:23.784,1786335743.784738,-0.21299999952316284,5.1,-11.6,295.1,1503,1499,1503,1503,1499,1503,250,185,MANUAL (Remote),,0.0
2026-08-10T11:22:24.284,1786335744.284755,-0.21299999952316284,5.1,-11.6,295.1,1503,1499,1503,1503,1499,1503,250,185,MANUAL (Remote),,0.0
2026-08-10T11:22:24.784,1786335744.784858,-0.21299999952316284,5.1,-11.6,295.1,1503,1499,1503,1503,1499,1503,250,185,MANUAL (Remote),,0.0
2026-08-10T11:22:25.284,1786335745.284755,-0.21299999952316284,5.1,-11.6,295.1,1503,1499,1503,1503,1499,1503,250,185,MANUAL (Remote),,0.0
2026-08-10T11:22:25.784,1786335745.784731,-0.21299999952316284,5.1,-11.6,295.1,1503,1499,1503,1503,1499,1503,250,185,MANUAL (Remote),,0.0
2026-08-10T11:22:26.284,1786335746.284795,-0.21299999952316284,5.1,-11.6,295.1,1503,1499,1503,1503,1499,1503,250,185,MANUAL (Remote),,0.0
2026-08-10T11:22:26.784,1786335746.784732,-0.21299999952316284,5.1,-11.6,295.1,1503,1499,1503,1503,1499,1503,250,185,MANUAL (Remote),,0.0
2026-08-10T11:22:27.284,1786335747.284663,-0.21299999952316284,5.1,-11.6,295.1,1503,1499,1503,1503,1499,1503,250,185,MANUAL (Remote),,0.0
2026-08-10T11:22:27.784,1786335747.784762,-0.21299999952316284,5.1,-11.6,295.1,1503,1499,1503,1503,1499,1503,250,185,MANUAL (Remote),,0.0
2026-08-10T11:22:28.284,1786335748.284704,-0.21299999952316284,5.1,-11.6,295.1,1503,1499,1503,1503,1499,1503,250,185,MANUAL (Remote),,0.0
2026-08-10T11:22:28.784,1786335748.784702,-0.21299999952316284,5.1,-11.6,295.1,1503,1499,1503,1503,1499,1503,250,185,MANUAL (Remote),,0.0
2026-08-10T11:22:29.284,1786335749.284715,-0.21299999952316284,5.1,-11.6,295.1,1503,1499,1503,1503,1499,1503,250,185,MANUAL (Remote),,0.0
2026-08-10T11:22:29.784,1786335749.784693,-0.21299999952316284,5.1,-11.6,295.1,1503,1499,1503,1503,1499,1503,250,185,MANUAL (Remote),,0.0
2026-08-10T11:22:30.284,1786335750.284718,-0.21299999952316284,5.1,-11.6,295.1,1503,1499,1503,1503,1499,1503,250,185,MANUAL (Remote),,0.0
2026-08-10T11:22:30.784,1786335750.784721,-0.21299999952316284,5.1,-11.6,295.1,1503,1499,1503,1503,1499,1503,250,185,MANUAL (Remote),,0.0
2026-08-10T11:22:31.284,1786335751.284673,-0.21299999952316284,5.1,-11.6,295.1,1503,1499,1503,1503,1499,1503,250,185,MANUAL (Remote),,0.0
2026-08-10T11:22:31.784,1786335751.784639,-0.21299999952316284,5.1,-11.6,295.1,1503,1499,1503,1503,1499,1503,250,185,MANUAL (Remote),,0.0
2026-08-10T11:22:32.284,1786335752.28468,-0.21299999952316284,5.1,-11.6,295.1,1503,1499,1503,1503,1499,1503,250,185,MANUAL (Remote),,0.0
2026-08-10T11:22:32.784,1786335752.784685,-0.21299999952316284,5.1,-11.6,295.1,1503,1499,1503,1503,1499,1503,250,185,MANUAL (Remote),,0.0
2026-08-10T11:22:33.284,1786335753.284775,-0.21299999952316284,5.1,-11.6,295.1,1503,1499,1503,1503,1499,1503,250,185,MANUAL (Remote),,0.0
2026-08-10T11:22:33.784,1786335753.784696,-0.21299999952316284,5.1,-11.6,295.1,1503,1499,1503,1503,1499,1503,250,185,MANUAL (Remote),,0.0
2026-08-10T11:22:34.284,1786335754.284668,-0.21299999952316284,5.1,-11.6,295.1,1503,1499,1503,1503,1499,1503,250,185,MANUAL (Remote),,0.0
2026-08-10T11:22:34.784,1786335754.784693,-0.21299999952316284,5.1,-11.6,295.1,1503,1499,1503,1503,1499,1503,250,185,MANUAL (Remote),,0.0
2026-08-10T11:22:35.284,1786335755.284652,-0.21299999952316284,5.1,-11.6,295.1,1503,1499,1503,1503,1499,1503,250,185,MANUAL (Remote),,0.0
2026-08-10T11:22:35.784,1786335755.784659,-0.21299999952316284,5.1,-11.6,295.1,1503,1499,1503,1503,1499,1503,250,185,MANUAL (Remote),,0.0
2026-08-10T11:22:36.284,1786335756.284696,-0.21299999952316284,5.1,-11.6,295.1,1503,1499,1503,1503,1499,1503,250,185,MANUAL (Remote),,0.0
2026-08-10T11:22:36.784,1786335756.784664,-0.21299999952316284,5.1,-11.6,295.1,1503,1499,1503,1503,1499,1503,250,185,MANUAL (Remote),,0.0
2026-08-10T11:22:37.284,1786335757.284703,-0.21299999952316284,5.1,-11.6,295.1,1503,1499,1503,1503,1499,1503,250,185,MANUAL (Remote),,0.0
2026-08-10T11:22:37.784,1786335757.784761,-0.21299999952316284,5.1,-11.6,295.1,1503,1499,1503,1503,1499,1503,250,185,MANUAL (Remote),,0.0
2026-08-10T11:22:38.284,1786335758.284722,-0.21299999952316284,5.1,-11.6,295.1,1503,1499,1503,1503,1499,1503,250,185,MANUAL (Remote),,0.0
2026-08-10T11:22:38.784,1786335758.784688,-0.21299999952316284,5.1,-11.6,295.1,1503,1499,1503,1503,1499,1503,250,185,MANUAL (Remote),,0.0
2026-08-10T11:22:39.284,1786335759.284698,-0.21299999952316284,5.1,-11.6,295.1,1503,1499,1503,1503,1499,1503,250,185,MANUAL (Remote),,0.0
2026-08-10T11:22:39.784,1786335759.784707,-0.21299999952316284,5.1,-11.6,295.1,1503,1499,1503,1503,1499,1503,250,185,MANUAL (Remote),,0.0
2026-08-10T11:22:40.284,1786335760.284703,-0.21299999952316284,5.1,-11.6,295.1,1503,1499,1503,1503,1499,1503,250,185,MANUAL (Remote),,0.0
2026-08-10T11:22:40.784,1786335760.784705,-0.21299999952316284,5.1,-11.6,295.1,1503,1499,1503,1503,1499,1503,250,185,MANUAL (Remote),,0.0
2026-08-10T11:22:41.284,1786335761.28471,-0.21299999952316284,5.1,-11.6,295.1,1503,1499,1503,1503,1499,1503,250,185,MANUAL (Remote),,0.0
2026-08-10T11:22:41.784,1786335761.78467,-0.21299999952316284,5.1,-11.6,295.1,1503,1499,1503,1503,1499,1503,250,185,MANUAL (Remote),,0.0
2026-08-10T11:22:42.284,1786335762.2848,-0.21299999952316284,5.1,-11.6,295.1,1503,1499,1503,1503,1499,1503,250,185,MANUAL (Remote),,0.0
2026-08-10T11:22:42.784,1786335762.784746,-0.21299999952316284,5.1,-11.6,295.1,1503,1499,1503,1503,1499,1503,250,185,MANUAL (Remote),,0.0
2026-08-10T11:22:43.284,1786335763.284671,-0.21299999952316284,5.1,-11.6,295.1,1503,1499,1503,1503,1499,1503,250,185,MANUAL (Remote),,0.0
2026-08-10T11:22:43.784,1786335763.784753,-0.21299999952316284,5.1,-11.6,295.1,1503,1499,1503,1503,1499,1503,250,185,MANUAL (Remote),,0.0
2026-08-10T11:22:44.284,1786335764.284676,-0.21299999952316284,5.1,-11.6,295.1,1503,1499,1503,1503,1499,1503,250,185,MANUAL (Remote),,0.0
2026-08-10T11:22:44.784,1786335764.784716,-0.21299999952316284,5.1,-11.6,295.1,1503,1499,1503,1503,1499,1503,250,185,MANUAL (Remote),,0.0
2026-08-10T11:22:45.284,1786335765.284789,-0.21299999952316284,5.1,-11.6,295.1,1503,1499,1503,1503,1499,1503,250,185,MANUAL (Remote),,0.0
2026-08-10T11:22:45.784,1786335765.784748,-0.21299999952316284,5.1,-11.6,295.1,1503,1499,1503,1503,1499,1503,250,185,MANUAL (Remote),,0.0
2026-08-10T11:22:46.284,1786335766.284708,-0.21299999952316284,5.1,-11.6,295.1,1503,1499,1503,1503,1499,1503,250,185,MANUAL (Remote),,0.0
2026-08-10T11:22:46.784,1786335766.784712,-0.21299999952316284,5.1,-11.6,295.1,1503,1499,1503,1503,1499,1503,250,185,MANUAL (Remote),,0.0
2026-08-10T11:22:47.284,1786335767.284705,-0.21299999952316284,5.1,-11.6,295.1,1503,1499,1503,1503,1499,1503,250,185,MANUAL (Remote),,0.0
2026-08-10T11:22:47.784,1786335767.784776,-0.21299999952316284,5.1,-11.6,295.1,1503,1499,1503,1503,1499,1503,250,185,MANUAL (Remote),,0.0
2026-08-10T11:22:48.284,1786335768.284702,-0.21299999952316284,5.1,-11.6,295.1,1503,1499,1503,1503,1499,1503,250,185,MANUAL (Remote),,0.0
2026-08-10T11:22:48.784,1786335768.784694,-0.21299999952316284,5.1,-11.6,295.1,1503,1499,1503,1503,1499,1503,250,185,MANUAL (Remote),,0.0
2026-08-10T11:22:49.284,1786335769.284761,-0.21299999952316284,5.1,-11.6,295.1,1503,1499,1503,1503,1499,1503,250,185,MANUAL (Remote),,0.0
2026-08-10T11:22:49.784,1786335769.784745,-0.21299999952316284,5.1,-11.6,295.1,1503,1499,1503,1503,1499,1503,250,185,MANUAL (Remote),,0.0
2026-08-10T11:22:50.284,1786335770.284758,-0.21299999952316284,5.1,-11.6,295.1,1503,1499,1503,1503,1499,1503,250,185,MANUAL (Remote),,0.0
2026-08-10T11:22:50.784,1786335770.78471,-0.21299999952316284,5.1,-11.6,295.1,1503,1499,1503,1503,1499,1503,250,185,MANUAL (Remote),,0.0
2026-08-10T11:22:51.284,1786335771.284709,-0.21299999952316284,5.1,-11.6,295.1,1503,1499,1503,1503,1499,1503,250,185,MANUAL (Remote),,0.0
2026-08-10T11:22:51.784,1786335771.784699,-0.21299999952316284,5.1,-11.6,295.1,1503,1499,1503,1503,1499,1503,250,185,MANUAL (Remote),,0.0
2026-08-10T11:22:52.284,1786335772.284736,-0.21299999952316284,5.1,-11.6,295.1,1503,1499,1503,1503,1499,1503,250,185,MANUAL (Remote),,0.0
2026-08-10T11:22:52.784,1786335772.784718,-0.21299999952316284,5.1,-11.6,295.1,1503,1499,1503,1503,1499,1503,250,185,MANUAL (Remote),,0.0
2026-08-10T11:22:53.284,1786335773.284729,-0.21299999952316284,5.1,-11.6,295.1,1503,1499,1503,1503,1499,1503,250,185,MANUAL (Remote),,0.0
2026-08-10T11:22:53.784,1786335773.784742,-0.21299999952316284,5.1,-11.6,295.1,1503,1499,1503,1503,1499,1503,250,185,MANUAL (Remote),,0.0
2026-08-10T11:22:54.284,1786335774.284691,-0.21299999952316284,5.1,-11.6,295.1,1503,1499,1503,1503,1499,1503,250,185,MANUAL (Remote),,0.0
2026-08-10T11:22:54.784,1786335774.784845,-0.21299999952316284,5.1,-11.6,295.1,1503,1499,1503,1503,1499,1503,250,185,MANUAL (Remote),,0.0
2026-08-10T11:22:55.284,1786335775.284703,-0.21299999952316284,5.1,-11.6,295.1,1503,1499,1503,1503,1499,1503,250,185,MANUAL (Remote),,0.0
2026-08-10T11:22:55.784,1786335775.784743,-0.21299999952316284,5.1,-11.6,295.1,1503,1499,1503,1503,1499,1503,250,185,MANUAL (Remote),,0.0
2026-08-10T11:22:56.284,1786335776.284663,-0.21299999952316284,5.1,-11.6,295.1,1503,1499,1503,1503,1499,1503,250,185,MANUAL (Remote),,0.0
2026-08-10T11:22:56.784,1786335776.784771,-0.21299999952316284,5.1,-11.6,295.1,1503,1499,1503,1503,1499,1503,250,185,MANUAL (Remote),,0.0
2026-08-10T11:22:57.284,1786335777.284709,-0.21299999952316284,5.1,-11.6,295.1,1503,1499,1503,1503,1499,1503,250,185,MANUAL (Remote),,0.0
2026-08-10T11:22:57.784,1786335777.784713,-0.21299999952316284,5.1,-11.6,295.1,1503,1499,1503,1503,1499,1503,250,185,MANUAL (Remote),,0.0
2026-08-10T11:22:58.284,1786335778.284676,-0.21299999952316284,5.1,-11.6,295.1,1503,1499,1503,1503,1499,1503,250,185,MANUAL (Remote),,0.0
2026-08-10T11:22:58.784,1786335778.784722,-0.21299999952316284,5.1,-11.6,295.1,1503,1499,1503,1503,1499,1503,250,185,MANUAL (Remote),,0.0
2026-08-10T11:22:59.284,1786335779.284709,-0.21299999952316284,5.1,-11.6,295.1,1503,1499,1503,1503,1499,1503,250,185,MANUAL (Remote),,0.0
2026-08-10T11:22:59.784,1786335779.784757,-0.21299999952316284,5.1,-11.6,295.1,1503,1499,1503,1503,1499,1503,250,185,MANUAL (Remote),,0.0
2026-08-10T11:23:00.284,1786335780.28468,-0.21299999952316284,5.1,-11.6,295.1,1503,1499,1503,1503,1499,1503,250,185,MANUAL (Remote),,0.0
2026-08-10T11:23:00.784,1786335780.784699,-0.21299999952316284,5.1,-11.6,295.1,1503,1499,1503,1503,1499,1503,250,185,MANUAL (Remote),,0.0
2026-08-10T11:23:01.284,1786335781.284739,-0.21299999952316284,5.1,-11.6,295.1,1503,1499,1503,1503,1499,1503,250,185,MANUAL (Remote),,0.0
2026-08-10T11:23:01.784,1786335781.784657,-0.21299999952316284,5.1,-11.6,295.1,1503,1499,1503,1503,1499,1503,250,185,MANUAL (Remote),,0.0
2026-08-10T11:23:02.284,1786335782.284704,-0.21299999952316284,5.1,-11.6,295.1,1503,1499,1503,1503,1499,1503,250,185,MANUAL (Remote),,0.0
2026-08-10T11:23:02.784,1786335782.784713,-0.21299999952316284,5.1,-11.6,295.1,1503,1499,1503,1503,1499,1503,250,185,MANUAL (Remote),,0.0
2026-08-10T11:23:03.284,1786335783.284664,-0.21299999952316284,5.1,-11.6,295.1,1503,1499,1503,1503,1499,1503,250,185,MANUAL (Remote),,0.0
2026-08-10T11:23:03.784,1786335783.784736,-0.21299999952316284,5.1,-11.6,295.1,1503,1499,1503,1503,1499,1503,250,185,MANUAL (Remote),,0.0
2026-08-10T11:23:04.284,1786335784.284698,-0.21299999952316284,5.1,-11.6,295.1,1503,1499,1503,1503,1499,1503,250,185,MANUAL (Remote),,0.0
2026-08-10T11:23:04.784,1786335784.784695,-0.21299999952316284,5.1,-11.6,295.1,1503,1499,1503,1503,1499,1503,250,185,MANUAL (Remote),,0.0
2026-08-10T11:23:05.284,1786335785.2848,-0.21299999952316284,5.1,-11.6,295.1,1503,1499,1503,1503,1499,1503,250,185,MANUAL (Remote),,0.0
2026-08-10T11:23:05.784,1786335785.78474,-0.21299999952316284,5.1,-11.6,295.1,1503,1499,1503,1503,1499,1503,250,185,MANUAL (Remote),,0.0
2026-08-10T11:23:06.284,1786335786.284663,-0.21299999952316284,5.1,-11.6,295.1,1503,1499,1503,1503,1499,1503,250,185,MANUAL (Remote),,0.0
2026-08-10T11:23:06.784,1786335786.784717,-0.21299999952316284,5.1,-11.6,295.1,1503,1499,1503,1503,1499,1503,250,185,MANUAL (Remote),,0.0
2026-08-10T11:23:07.284,1786335787.284688,-0.21299999952316284,5.1,-11.6,295.1,1503,1499,1503,1503,1499,1503,250,185,MANUAL (Remote),,0.0
2026-08-10T11:23:07.784,1786335787.784856,-0.21299999952316284,5.1,-11.6,295.1,1503,1499,1503,1503,1499,1503,250,185,MANUAL (Remote),,0.0
2026-08-10T11:23:08.284,1786335788.284705,-0.21299999952316284,5.1,-11.6,295.1,1503,1499,1503,1503,1499,1503,250,185,MANUAL (Remote),,0.0
2026-08-10T11:23:08.784,1786335788.784719,-0.21299999952316284,5.1,-11.6,295.1,1503,1499,1503,1503,1499,1503,250,185,MANUAL (Remote),,0.0
2026-08-10T11:23:09.284,1786335789.284866,-0.21299999952316284,5.1,-11.6,295.1,1503,1499,1503,1503,1499,1503,250,185,MANUAL (Remote),,0.0
2026-08-10T11:23:09.784,1786335789.784967,-0.21299999952316284,5.1,-11.6,295.1,1503,1499,1503,1503,1499,1503,250,185,MANUAL (Remote),,0.0
2026-08-10T11:23:10.284,1786335790.284789,-0.21299999952316284,5.1,-11.6,295.1,1503,1499,1503,1503,1499,1503,250,185,MANUAL (Remote),,0.0
2026-08-10T11:23:10.784,1786335790.78475,-0.21299999952316284,5.1,-11.6,295.1,1503,1499,1503,1503,1499,1503,250,185,MANUAL (Remote),,0.0
2026-08-10T11:23:11.284,1786335791.284719,-0.21299999952316284,5.1,-11.6,295.1,1503,1499,1503,1503,1499,1503,250,185,MANUAL (Remote),,0.0
2026-08-10T11:23:11.784,1786335791.784823,-0.21299999952316284,5.1,-11.6,295.1,1503,1499,1503,1503,1499,1503,250,185,MANUAL (Remote),,0.0
2026-08-10T11:23:12.284,1786335792.28477,-0.21299999952316284,5.1,-11.6,295.1,1503,1499,1503,1503,1499,1503,250,185,MANUAL (Remote),,0.0
2026-08-10T11:23:12.784,1786335792.784703,-0.21299999952316284,5.1,-11.6,295.1,1503,1499,1503,1503,1499,1503,250,185,MANUAL (Remote),,0.0
2026-08-10T11:23:13.284,1786335793.284708,-0.21299999952316284,5.1,-11.6,295.1,1503,1499,1503,1503,1499,1503,250,185,MANUAL (Remote),,0.0
2026-08-10T11:23:13.784,1786335793.784808,-0.21299999952316284,5.1,-11.6,295.1,1503,1499,1503,1503,1499,1503,250,185,MANUAL (Remote),,0.0
2026-08-10T11:23:14.284,1786335794.284931,-0.21299999952316284,5.1,-11.6,295.1,1503,1499,1503,1503,1499,1503,250,185,MANUAL (Remote),,0.0
2026-08-10T11:23:14.784,1786335794.784705,-0.21299999952316284,5.1,-11.6,295.1,1503,1499,1503,1503,1499,1503,250,185,MANUAL (Remote),,0.0
2026-08-10T11:23:15.284,1786335795.284696,-0.21299999952316284,5.1,-11.6,295.1,1503,1499,1503,1503,1499,1503,250,185,MANUAL (Remote),,0.0
2026-08-10T11:23:15.784,1786335795.784832,-0.21299999952316284,5.1,-11.6,295.1,1503,1499,1503,1503,1499,1503,250,185,MANUAL (Remote),,0.0
2026-08-10T11:23:16.284,1786335796.284723,-0.21299999952316284,5.1,-11.6,295.1,1503,1499,1503,1503,1499,1503,250,185,MANUAL (Remote),,0.0
2026-08-10T11:23:16.784,1786335796.784808,-0.21299999952316284,5.1,-11.6,295.1,1503,1499,1503,1503,1499,1503,250,185,MANUAL (Remote),,0.0
2026-08-10T11:23:17.284,1786335797.284692,-0.21299999952316284,5.1,-11.6,295.1,1503,1499,1503,1503,1499,1503,250,185,MANUAL (Remote),,0.0
2026-08-10T11:23:17.784,1786335797.784735,-0.21299999952316284,5.1,-11.6,295.1,1503,1499,1503,1503,1499,1503,250,185,MANUAL (Remote),,0.0
2026-08-10T11:23:18.284,1786335798.284757,-0.21299999952316284,5.1,-11.6,295.1,1503,1499,1503,1503,1499,1503,250,185,MANUAL (Remote),,0.0
2026-08-10T11:23:18.784,1786335798.784708,-0.21299999952316284,5.1,-11.6,295.1,1503,1499,1503,1503,1499,1503,250,185,MANUAL (Remote),,0.0
2026-08-10T11:23:19.284,1786335799.284648,-0.21299999952316284,5.1,-11.6,295.1,1503,1499,1503,1503,1499,1503,250,185,MANUAL (Remote),,0.0
2026-08-10T11:23:19.784,1786335799.784673,-0.21299999952316284,5.1,-11.6,295.1,1503,1499,1503,1503,1499,1503,250,185,MANUAL (Remote),,0.0
2026-08-10T11:23:20.284,1786335800.284783,-0.21299999952316284,5.1,-11.6,295.1,1503,1499,1503,1503,1499,1503,250,185,MANUAL (Remote),,0.0
2026-08-10T11:23:20.784,1786335800.784763,-0.21299999952316284,5.1,-11.6,295.1,1503,1499,1503,1503,1499,1503,250,185,MANUAL (Remote),,0.0
2026-08-10T11:23:21.284,1786335801.284777,-0.21299999952316284,5.1,-11.6,295.1,1503,1499,1503,1503,1499,1503,250,185,MANUAL (Remote),,0.0
2026-08-10T11:23:21.784,1786335801.784743,-0.21299999952316284,5.1,-11.6,295.1,1503,1499,1503,1503,1499,1503,250,185,MANUAL (Remote),,0.0
2026-08-10T11:23:22.284,1786335802.284664,-0.21299999952316284,5.1,-11.6,295.1,1503,1499,1503,1503,1499,1503,250,185,MANUAL (Remote),,0.0
2026-08-10T11:23:22.784,1786335802.78478,-0.21299999952316284,5.1,-11.6,295.1,1503,1499,1503,1503,1499,1503,250,185,MANUAL (Remote),,0.0
2026-08-10T11:23:23.284,1786335803.284732,-0.21299999952316284,5.1,-11.6,295.1,1503,1499,1503,1503,1499,1503,250,185,MANUAL (Remote),,0.0
2026-08-10T11:23:23.784,1786335803.784719,-0.21299999952316284,5.1,-11.6,295.1,1503,1499,1503,1503,1499,1503,250,185,MANUAL (Remote),,0.0
2026-08-10T11:23:24.284,1786335804.284727,-0.21299999952316284,5.1,-11.6,295.1,1503,1499,1503,1503,1499,1503,250,185,MANUAL (Remote),,0.0
2026-08-10T11:23:24.784,1786335804.784745,-0.21299999952316284,5.1,-11.6,295.1,1503,1499,1503,1503,1499,1503,250,185,MANUAL (Remote),,0.0
2026-08-10T11:23:25.284,1786335805.284737,-0.21299999952316284,5.1,-11.6,295.1,1503,1499,1503,1503,1499,1503,250,185,MANUAL (Remote),,0.0
2026-08-10T11:23:25.784,1786335805.78472,-0.21299999952316284,5.1,-11.6,295.1,1503,1499,1503,1503,1499,1503,250,185,MANUAL (Remote),,0.0
2026-08-10T11:23:26.284,1786335806.284736,-0.21299999952316284,5.1,-11.6,295.1,1503,1499,1503,1503,1499,1503,250,185,MANUAL (Remote),,0.0
2026-08-10T11:23:26.784,1786335806.784742,-0.21299999952316284,5.1,-11.6,295.1,1503,1499,1503,1503,1499,1503,250,185,MANUAL (Remote),,0.0
2026-08-10T11:23:27.284,1786335807.284701,-0.21299999952316284,5.1,-11.6,295.1,1503,1499,1503,1503,1499,1503,250,185,MANUAL (Remote),,0.0
2026-08-10T11:23:27.784,1786335807.784775,-0.21299999952316284,5.1,-11.6,295.1,1503,1499,1503,1503,1499,1503,250,185,MANUAL (Remote),,0.0
2026-08-10T11:23:28.284,1786335808.284667,-0.21299999952316284,5.1,-11.6,295.1,1503,1499,1503,1503,1499,1503,250,185,MANUAL (Remote),,0.0
2026-08-10T11:23:28.784,1786335808.784704,-0.21299999952316284,5.1,-11.6,295.1,1503,1499,1503,1503,1499,1503,250,185,MANUAL (Remote),,0.0
2026-08-10T11:23:29.284,1786335809.284857,-0.21299999952316284,5.1,-11.6,295.1,1503,1499,1503,1503,1499,1503,250,185,MANUAL (Remote),,0.0
2026-08-10T11:23:29.784,1786335809.784749,-0.21299999952316284,5.1,-11.6,295.1,1503,1499,1503,1503,1499,1503,250,185,MANUAL (Remote),,0.0
2026-08-10T11:23:30.284,1786335810.284722,-0.21299999952316284,5.1,-11.6,295.1,1503,1499,1503,1503,1499,1503,250,185,MANUAL (Remote),,0.0
2026-08-10T11:23:30.784,1786335810.784825,-0.21299999952316284,5.1,-11.6,295.1,1503,1499,1503,1503,1499,1503,250,185,MANUAL (Remote),,0.0
2026-08-10T11:23:31.284,1786335811.284708,-0.21299999952316284,5.1,-11.6,295.1,1503,1499,1503,1503,1499,1503,250,185,MANUAL (Remote),,0.0
2026-08-10T11:23:31.784,1786335811.784731,-0.21299999952316284,5.1,-11.6,295.1,1503,1499,1503,1503,1499,1503,250,185,MANUAL (Remote),,0.0
2026-08-10T11:23:32.284,1786335812.284674,-0.21299999952316284,5.1,-11.6,295.1,1503,1499,1503,1503,1499,1503,250,185,MANUAL (Remote),,0.0
2026-08-10T11:23:32.784,1786335812.784715,-0.21299999952316284,5.1,-11.6,295.1,1503,1499,1503,1503,1499,1503,250,185,MANUAL (Remote),,0.0
2026-08-10T11:23:33.284,1786335813.284906,-0.21299999952316284,5.1,-11.6,295.1,1503,1499,1503,1503,1499,1503,250,185,MANUAL (Remote),,0.0
2026-08-10T11:23:33.784,1786335813.784723,-0.21299999952316284,5.1,-11.6,295.1,1503,1499,1503,1503,1499,1503,250,185,MANUAL (Remote),,0.0
2026-08-10T11:23:34.284,1786335814.284746,-0.21299999952316284,5.1,-11.6,295.1,1503,1499,1503,1503,1499,1503,250,185,MANUAL (Remote),,0.0
2026-08-10T11:23:34.784,1786335814.784753,-0.21299999952316284,5.1,-11.6,295.1,1503,1499,1503,1503,1499,1503,250,185,MANUAL (Remote),,0.0
2026-08-10T11:23:35.284,1786335815.284696,-0.21299999952316284,5.1,-11.6,295.1,1503,1499,1503,1503,1499,1503,250,185,MANUAL (Remote),,0.0
2026-08-10T11:23:35.784,1786335815.784783,-0.21299999952316284,5.1,-11.6,295.1,1503,1499,1503,1503,1499,1503,250,185,MANUAL (Remote),,0.0
2026-08-10T11:23:36.285,1786335816.285297,-0.21299999952316284,5.1,-11.6,295.1,1503,1499,1503,1503,1499,1503,250,185,MANUAL (Remote),,0.0
2026-08-10T11:23:36.784,1786335816.784986,-0.21299999952316284,5.1,-11.6,295.1,1503,1499,1503,1503,1499,1503,250,185,MANUAL (Remote),,0.0
2026-08-10T11:23:37.284,1786335817.284861,-0.21299999952316284,5.1,-11.6,295.1,1503,1499,1503,1503,1499,1503,250,185,MANUAL (Remote),,0.0
2026-08-10T11:23:37.784,1786335817.784686,-0.21299999952316284,5.1,-11.6,295.1,1503,1499,1503,1503,1499,1503,250,185,MANUAL (Remote),,0.0
2026-08-10T11:23:38.284,1786335818.284693,-0.21299999952316284,5.1,-11.6,295.1,1503,1499,1503,1503,1499,1503,250,185,MANUAL (Remote),,0.0
2026-08-10T11:23:38.784,1786335818.784794,-0.21299999952316284,5.1,-11.6,295.1,1503,1499,1503,1503,1499,1503,250,185,MANUAL (Remote),,0.0
2026-08-10T11:23:39.284,1786335819.284709,-0.21299999952316284,5.1,-11.6,295.1,1503,1499,1503,1503,1499,1503,250,185,MANUAL (Remote),,0.0
2026-08-10T11:23:39.784,1786335819.784725,-0.21299999952316284,5.1,-11.6,295.1,1503,1499,1503,1503,1499,1503,250,185,MANUAL (Remote),,0.0
2026-08-10T11:23:40.284,1786335820.284704,-0.21299999952316284,5.1,-11.6,295.1,1503,1499,1503,1503,1499,1503,250,185,MANUAL (Remote),,0.0
2026-08-10T11:23:40.784,1786335820.784789,-0.21299999952316284,5.1,-11.6,295.1,1503,1499,1503,1503,1499,1503,250,185,MANUAL (Remote),,0.0
2026-08-10T11:23:41.284,1786335821.284789,-0.21299999952316284,5.1,-11.6,295.1,1503,1499,1503,1503,1499,1503,250,185,MANUAL (Remote),,0.0
2026-08-10T11:23:41.784,1786335821.784711,-0.21299999952316284,5.1,-11.6,295.1,1503,1499,1503,1503,1499,1503,250,185,MANUAL (Remote),,0.0
2026-08-10T11:23:42.284,1786335822.284685,-0.21299999952316284,5.1,-11.6,295.1,1503,1499,1503,1503,1499,1503,250,185,MANUAL (Remote),,0.0
2026-08-10T11:23:42.784,1786335822.784799,-0.21299999952316284,5.1,-11.6,295.1,1503,1499,1503,1503,1499,1503,250,185,MANUAL (Remote),,0.0
2026-08-10T11:23:43.284,1786335823.284737,-0.21299999952316284,5.1,-11.6,295.1,1503,1499,1503,1503,1499,1503,250,185,MANUAL (Remote),,0.0
2026-08-10T11:23:43.784,1786335823.784724,-0.21299999952316284,5.1,-11.6,295.1,1503,1499,1503,1503,1499,1503,250,185,MANUAL (Remote),,0.0
2026-08-10T11:23:44.284,1786335824.284692,-0.21299999952316284,5.1,-11.6,295.1,1503,1499,1503,1503,1499,1503,250,185,MANUAL (Remote),,0.0
2026-08-10T11:23:44.784,1786335824.784674,-0.21299999952316284,5.1,-11.6,295.1,1503,1499,1503,1503,1499,1503,250,185,MANUAL (Remote),,0.0
2026-08-10T11:23:45.284,1786335825.284697,-0.21299999952316284,5.1,-11.6,295.1,1503,1499,1503,1503,1499,1503,250,185,MANUAL (Remote),,0.0
2026-08-10T11:23:45.784,1786335825.784746,-0.21299999952316284,5.1,-11.6,295.1,1503,1499,1503,1503,1499,1503,250,185,MANUAL (Remote),,0.0
2026-08-10T11:23:46.284,1786335826.284825,-0.21299999952316284,5.1,-11.6,295.1,1503,1499,1503,1503,1499,1503,250,185,MANUAL (Remote),,0.0
2026-08-10T11:23:46.784,1786335826.784743,-0.21299999952316284,5.1,-11.6,295.1,1503,1499,1503,1503,1499,1503,250,185,MANUAL (Remote),,0.0
2026-08-10T11:23:47.284,1786335827.284734,-0.21299999952316284,5.1,-11.6,295.1,1503,1499,1503,1503,1499,1503,250,185,MANUAL (Remote),,0.0
2026-08-10T11:23:47.784,1786335827.784709,-0.21299999952316284,5.1,-11.6,295.1,1503,1499,1503,1503,1499,1503,250,185,MANUAL (Remote),,0.0
2026-08-10T11:23:48.284,1786335828.284757,-0.21299999952316284,5.1,-11.6,295.1,1503,1499,1503,1503,1499,1503,250,185,MANUAL (Remote),,0.0
2026-08-10T11:23:48.784,1786335828.784746,-0.21299999952316284,5.1,-11.6,295.1,1503,1499,1503,1503,1499,1503,250,185,MANUAL (Remote),,0.0
2026-08-10T11:23:49.284,1786335829.284694,-0.21299999952316284,5.1,-11.6,295.1,1503,1499,1503,1503,1499,1503,250,185,MANUAL (Remote),,0.0
2026-08-10T11:23:49.784,1786335829.784671,-0.21299999952316284,5.1,-11.6,295.1,1503,1499,1503,1503,1499,1503,250,185,MANUAL (Remote),,0.0
2026-08-10T11:23:50.284,1786335830.284772,-0.21299999952316284,5.1,-11.6,295.1,1503,1499,1503,1503,1499,1503,250,185,MANUAL (Remote),,0.0
2026-08-10T11:23:50.784,1786335830.784752,-0.21299999952316284,5.1,-11.6,295.1,1503,1499,1503,1503,1499,1503,250,185,MANUAL (Remote),,0.0
2026-08-10T11:23:51.284,1786335831.284658,-0.21299999952316284,5.1,-11.6,295.1,1503,1499,1503,1503,1499,1503,250,185,MANUAL (Remote),,0.0
2026-08-10T11:23:51.784,1786335831.784701,-0.21299999952316284,5.1,-11.6,295.1,1503,1499,1503,1503,1499,1503,250,185,MANUAL (Remote),,0.0
2026-08-10T11:23:52.284,1786335832.284715,-0.21299999952316284,5.1,-11.6,295.1,1503,1499,1503,1503,1499,1503,250,185,MANUAL (Remote),,0.0
2026-08-10T11:23:52.784,1786335832.784761,-0.21299999952316284,5.1,-11.6,295.1,1503,1499,1503,1503,1499,1503,250,185,MANUAL (Remote),,0.0
2026-08-10T11:23:53.284,1786335833.284691,-0.21299999952316284,5.1,-11.6,295.1,1503,1499,1503,1503,1499,1503,250,185,MANUAL (Remote),,0.0
2026-08-10T11:23:53.784,1786335833.784678,-0.21299999952316284,5.1,-11.6,295.1,1503,1499,1503,1503,1499,1503,250,185,MANUAL (Remote),,0.0
2026-08-10T11:23:54.284,1786335834.28475,-0.21299999952316284,5.1,-11.6,295.1,1503,1499,1503,1503,1499,1503,250,185,MANUAL (Remote),,0.0
2026-08-10T11:23:54.784,1786335834.784693,-0.21299999952316284,5.1,-11.6,295.1,1503,1499,1503,1503,1499,1503,250,185,MANUAL (Remote),,0.0
2026-08-10T11:23:55.284,1786335835.284702,-0.21299999952316284,5.1,-11.6,295.1,1503,1499,1503,1503,1499,1503,250,185,MANUAL (Remote),,0.0
2026-08-10T11:23:55.784,1786335835.784732,-0.21299999952316284,5.1,-11.6,295.1,1503,1499,1503,1503,1499,1503,250,185,MANUAL (Remote),,0.0
2026-08-10T11:23:56.284,1786335836.284701,-0.21299999952316284,5.1,-11.6,295.1,1503,1499,1503,1503,1499,1503,250,185,MANUAL (Remote),,0.0
2026-08-10T11:23:56.784,1786335836.784694,-0.21299999952316284,5.1,-11.6,295.1,1503,1499,1503,1503,1499,1503,250,185,MANUAL (Remote),,0.0
2026-08-10T11:23:57.284,1786335837.284713,-0.21299999952316284,5.1,-11.6,295.1,1503,1499,1503,1503,1499,1503,250,185,MANUAL (Remote),,0.0
2026-08-10T11:23:57.784,1786335837.784682,-0.21299999952316284,5.1,-11.6,295.1,1503,1499,1503,1503,1499,1503,250,185,MANUAL (Remote),,0.0
2026-08-10T11:23:58.284,1786335838.284689,-0.21299999952316284,5.1,-11.6,295.1,1503,1499,1503,1503,1499,1503,250,185,MANUAL (Remote),,0.0
2026-08-10T11:23:58.784,1786335838.784708,-0.21299999952316284,5.1,-11.6,295.1,1503,1499,1503,1503,1499,1503,250,185,MANUAL (Remote),,0.0
2026-08-10T11:23:59.284,1786335839.284773,-0.21299999952316284,5.1,-11.6,295.1,1503,1499,1503,1503,1499,1503,250,185,MANUAL (Remote),,0.0
2026-08-10T11:23:59.784,1786335839.784771,-0.21299999952316284,5.1,-11.6,295.1,1503,1499,1503,1503,1499,1503,250,185,MANUAL (Remote),,0.0
2026-08-10T11:24:00.284,1786335840.284717,-0.21299999952316284,5.1,-11.6,295.1,1503,1499,1503,1503,1499,1503,250,185,MANUAL (Remote),,0.0
2026-08-10T11:24:00.784,1786335840.784731,-0.21299999952316284,5.1,-11.6,295.1,1503,1499,1503,1503,1499,1503,250,185,MANUAL (Remote),,0.0
2026-08-10T11:24:01.284,1786335841.284665,-0.21299999952316284,5.1,-11.6,295.1,1503,1499,1503,1503,1499,1503,250,185,MANUAL (Remote),,0.0
2026-08-10T11:24:01.784,1786335841.784633,-0.21299999952316284,5.1,-11.6,295.1,1503,1499,1503,1503,1499,1503,250,185,MANUAL (Remote),,0.0
2026-08-10T11:24:02.284,1786335842.28469,-0.21299999952316284,5.1,-11.6,295.1,1503,1499,1503,1503,1499,1503,250,185,MANUAL (Remote),,0.0
2026-08-10T11:24:02.784,1786335842.784735,-0.21299999952316284,5.1,-11.6,295.1,1503,1499,1503,1503,1499,1503,250,185,MANUAL (Remote),,0.0
2026-08-10T11:24:03.284,1786335843.284673,-0.21299999952316284,5.1,-11.6,295.1,1503,1499,1503,1503,1499,1503,250,185,MANUAL (Remote),,0.0
2026-08-10T11:24:03.784,1786335843.784652,-0.21299999952316284,5.1,-11.6,295.1,1503,1499,1503,1503,1499,1503,250,185,MANUAL (Remote),,0.0
2026-08-10T11:24:04.284,1786335844.28468,-0.21299999952316284,5.1,-11.6,295.1,1503,1499,1503,1503,1499,1503,250,185,MANUAL (Remote),,0.0
2026-08-10T11:24:04.784,1786335844.784686,-0.21299999952316284,5.1,-11.6,295.1,1503,1499,1503,1503,1499,1503,250,185,MANUAL (Remote),,0.0
2026-08-10T11:24:05.284,1786335845.284876,-0.21299999952316284,5.1,-11.6,295.1,1503,1499,1503,1503,1499,1503,250,185,MANUAL (Remote),,0.0
2026-08-10T11:24:05.784,1786335845.784663,-0.21299999952316284,5.1,-11.6,295.1,1503,1499,1503,1503,1499,1503,250,185,MANUAL (Remote),,0.0
2026-08-10T11:24:06.284,1786335846.284701,-0.21299999952316284,5.1,-11.6,295.1,1503,1499,1503,1503,1499,1503,250,185,MANUAL (Remote),,0.0
2026-08-10T11:24:06.784,1786335846.784692,-0.21299999952316284,5.1,-11.6,295.1,1503,1499,1503,1503,1499,1503,250,185,MANUAL (Remote),,0.0
2026-08-10T11:24:07.284,1786335847.284719,-0.21299999952316284,5.1,-11.6,295.1,1503,1499,1503,1503,1499,1503,250,185,MANUAL (Remote),,0.0
2026-08-10T11:24:07.784,1786335847.784726,-0.21299999952316284,5.1,-11.6,295.1,1503,1499,1503,1503,1499,1503,250,185,MANUAL (Remote),,0.0
2026-08-10T11:24:08.284,1786335848.284742,-0.21299999952316284,5.1,-11.6,295.1,1503,1499,1503,1503,1499,1503,250,185,MANUAL (Remote),,0.0
2026-08-10T11:24:08.784,1786335848.78471,-0.21299999952316284,5.1,-11.6,295.1,1503,1499,1503,1503,1499,1503,250,185,MANUAL (Remote),,0.0
2026-08-10T11:24:09.284,1786335849.284759,-0.21299999952316284,5.1,-11.6,295.1,1503,1499,1503,1503,1499,1503,250,185,MANUAL (Remote),,0.0
2026-08-10T11:24:09.784,1786335849.784753,-0.21299999952316284,5.1,-11.6,295.1,1503,1499,1503,1503,1499,1503,250,185,MANUAL (Remote),,0.0
2026-08-10T11:24:10.284,1786335850.284724,-0.21299999952316284,5.1,-11.6,295.1,1503,1499,1503,1503,1499,1503,250,185,MANUAL (Remote),,0.0
2026-08-10T11:24:10.784,1786335850.784725,-0.21299999952316284,5.1,-11.6,295.1,1503,1499,1503,1503,1499,1503,250,185,MANUAL (Remote),,0.0
2026-08-10T11:24:11.284,1786335851.284756,-0.21299999952316284,5.1,-11.6,295.1,1503,1499,1503,1503,1499,1503,250,185,MANUAL (Remote),,0.0
2026-08-10T11:24:11.784,1786335851.784667,-0.21299999952316284,5.1,-11.6,295.1,1503,1499,1503,1503,1499,1503,250,185,MANUAL (Remote),,0.0
2026-08-10T11:24:12.284,1786335852.28469,-0.21299999952316284,5.1,-11.6,295.1,1503,1499,1503,1503,1499,1503,250,185,MANUAL (Remote),,0.0
2026-08-10T11:24:12.784,1786335852.784639,-0.21299999952316284,5.1,-11.6,295.1,1503,1499,1503,1503,1499,1503,250,185,MANUAL (Remote),,0.0
2026-08-10T11:24:13.284,1786335853.284767,-0.21299999952316284,5.1,-11.6,295.1,1503,1499,1503,1503,1499,1503,250,185,MANUAL (Remote),,0.0
2026-08-10T11:24:13.784,1786335853.784668,-0.21299999952316284,5.1,-11.6,295.1,1503,1499,1503,1503,1499,1503,250,185,MANUAL (Remote),,0.0
2026-08-10T11:24:14.284,1786335854.284738,-0.21299999952316284,5.1,-11.6,295.1,1503,1499,1503,1503,1499,1503,250,185,MANUAL (Remote),,0.0
2026-08-10T11:24:14.784,1786335854.784779,-0.21299999952316284,5.1,-11.6,295.1,1503,1499,1503,1503,1499,1503,250,185,MANUAL (Remote),,0.0
2026-08-10T11:24:15.284,1786335855.284683,-0.21299999952316284,5.1,-11.6,295.1,1503,1499,1503,1503,1499,1503,250,185,MANUAL (Remote),,0.0
2026-08-10T11:24:15.784,1786335855.784694,-0.21299999952316284,5.1,-11.6,295.1,1503,1499,1503,1503,1499,1503,250,185,MANUAL (Remote),,0.0
2026-08-10T11:24:16.284,1786335856.284717,-0.21299999952316284,5.1,-11.6,295.1,1503,1499,1503,1503,1499,1503,250,185,MANUAL (Remote),,0.0
2026-08-10T11:24:16.784,1786335856.784704,-0.21299999952316284,5.1,-11.6,295.1,1503,1499,1503,1503,1499,1503,250,185,MANUAL (Remote),,0.0
2026-08-10T11:24:17.284,1786335857.284744,-0.21299999952316284,5.1,-11.6,295.1,1503,1499,1503,1503,1499,1503,250,185,MANUAL (Remote),,0.0
2026-08-10T11:24:17.784,1786335857.784716,-0.21299999952316284,5.1,-11.6,295.1,1503,1499,1503,1503,1499,1503,250,185,MANUAL (Remote),,0.0
2026-08-10T11:24:18.284,1786335858.284795,-0.21299999952316284,5.1,-11.6,295.1,1503,1499,1503,1503,1499,1503,250,185,MANUAL (Remote),,0.0
2026-08-10T11:24:18.784,1786335858.784761,-0.21299999952316284,5.1,-11.6,295.1,1503,1499,1503,1503,1499,1503,250,185,MANUAL (Remote),,0.0
2026-08-10T11:24:19.284,1786335859.284714,-0.21299999952316284,5.1,-11.6,295.1,1503,1499,1503,1503,1499,1503,250,185,MANUAL (Remote),,0.0
2026-08-10T11:24:19.784,1786335859.784742,-0.21299999952316284,5.1,-11.6,295.1,1503,1499,1503,1503,1499,1503,250,185,MANUAL (Remote),,0.0
2026-08-10T11:24:20.284,1786335860.28474,-0.21299999952316284,5.1,-11.6,295.1,1503,1499,1503,1503,1499,1503,250,185,MANUAL (Remote),,0.0
2026-08-10T11:24:20.784,1786335860.784751,-0.21299999952316284,5.1,-11.6,295.1,1503,1499,1503,1503,1499,1503,250,185,MANUAL (Remote),,0.0
2026-08-10T11:24:21.284,1786335861.28486,-0.21299999952316284,5.1,-11.6,295.1,1503,1499,1503,1503,1499,1503,250,185,MANUAL (Remote),,0.0
2026-08-10T11:24:21.784,1786335861.784705,-0.21299999952316284,5.1,-11.6,295.1,1503,1499,1503,1503,1499,1503,250,185,MANUAL (Remote),,0.0
2026-08-10T11:24:22.284,1786335862.284729,-0.21299999952316284,5.1,-11.6,295.1,1503,1499,1503,1503,1499,1503,250,185,MANUAL (Remote),,0.0
2026-08-10T11:24:22.784,1786335862.784783,-0.21299999952316284,5.1,-11.6,295.1,1503,1499,1503,1503,1499,1503,250,185,MANUAL (Remote),,0.0
2026-08-10T11:24:23.284,1786335863.284717,-0.21299999952316284,5.1,-11.6,295.1,1503,1499,1503,1503,1499,1503,250,185,MANUAL (Remote),,0.0
2026-08-10T11:24:23.784,1786335863.784765,-0.21299999952316284,5.1,-11.6,295.1,1503,1499,1503,1503,1499,1503,250,185,MANUAL (Remote),,0.0
2026-08-10T11:24:24.284,1786335864.284747,-0.21299999952316284,5.1,-11.6,295.1,1503,1499,1503,1503,1499,1503,250,185,MANUAL (Remote),,0.0
2026-08-10T11:24:24.784,1786335864.784735,-0.21299999952316284,5.1,-11.6,295.1,1503,1499,1503,1503,1499,1503,250,185,MANUAL (Remote),,0.0
2026-08-10T11:24:25.284,1786335865.284769,-0.21299999952316284,5.1,-11.6,295.1,1503,1499,1503,1503,1499,1503,250,185,MANUAL (Remote),,0.0
2026-08-10T11:24:25.784,1786335865.784741,-0.21299999952316284,5.1,-11.6,295.1,1503,1499,1503,1503,1499,1503,250,185,MANUAL (Remote),,0.0
2026-08-10T11:24:26.284,1786335866.284753,-0.21299999952316284,5.1,-11.6,295.1,1503,1499,1503,1503,1499,1503,250,185,MANUAL (Remote),,0.0
2026-08-10T11:24:26.784,1786335866.784681,-0.21299999952316284,5.1,-11.6,295.1,1503,1499,1503,1503,1499,1503,250,185,MANUAL (Remote),,0.0
2026-08-10T11:24:27.284,1786335867.284676,-0.21299999952316284,5.1,-11.6,295.1,1503,1499,1503,1503,1499,1503,250,185,MANUAL (Remote),,0.0
2026-08-10T11:24:27.784,1786335867.78471,-0.21299999952316284,5.1,-11.6,295.1,1503,1499,1503,1503,1499,1503,250,185,MANUAL (Remote),,0.0
2026-08-10T11:24:28.284,1786335868.28464,-0.21299999952316284,5.1,-11.6,295.1,1503,1499,1503,1503,1499,1503,250,185,MANUAL (Remote),,0.0
2026-08-10T11:24:28.784,1786335868.784654,-0.21299999952316284,5.1,-11.6,295.1,1503,1499,1503,1503,1499,1503,250,185,MANUAL (Remote),,0.0
2026-08-10T11:24:29.284,1786335869.28469,-0.21299999952316284,5.1,-11.6,295.1,1503,1499,1503,1503,1499,1503,250,185,MANUAL (Remote),,0.0
2026-08-10T11:24:29.784,1786335869.784735,-0.21299999952316284,5.1,-11.6,295.1,1503,1499,1503,1503,1499,1503,250,185,MANUAL (Remote),,0.0
2026-08-10T11:24:30.284,1786335870.284684,-0.21299999952316284,5.1,-11.6,295.1,1503,1499,1503,1503,1499,1503,250,185,MANUAL (Remote),,0.0
2026-08-10T11:24:30.784,1786335870.784735,-0.21299999952316284,5.1,-11.6,295.1,1503,1499,1503,1503,1499,1503,250,185,MANUAL (Remote),,0.0
2026-08-10T11:24:31.284,1786335871.284733,-0.21299999952316284,5.1,-11.6,295.1,1503,1499,1503,1503,1499,1503,250,185,MANUAL (Remote),,0.0
2026-08-10T11:24:31.784,1786335871.784707,-0.21299999952316284,5.1,-11.6,295.1,1503,1499,1503,1503,1499,1503,250,185,MANUAL (Remote),,0.0
2026-08-10T11:24:32.284,1786335872.284646,-0.21299999952316284,5.1,-11.6,295.1,1503,1499,1503,1503,1499,1503,250,185,MANUAL (Remote),,0.0
2026-08-10T11:24:32.784,1786335872.784636,-0.21299999952316284,5.1,-11.6,295.1,1503,1499,1503,1503,1499,1503,250,185,MANUAL (Remote),,0.0
2026-08-10T11:24:33.284,1786335873.284733,-0.21299999952316284,5.1,-11.6,295.1,1503,1499,1503,1503,1499,1503,250,185,MANUAL (Remote),,0.0
2026-08-10T11:24:33.784,1786335873.784705,-0.21299999952316284,5.1,-11.6,295.1,1503,1499,1503,1503,1499,1503,250,185,MANUAL (Remote),,0.0
2026-08-10T11:24:34.284,1786335874.284743,-0.21299999952316284,5.1,-11.6,295.1,1503,1499,1503,1503,1499,1503,250,185,MANUAL (Remote),,0.0
2026-08-10T11:24:34.784,1786335874.784796,-0.21299999952316284,5.1,-11.6,295.1,1503,1499,1503,1503,1499,1503,250,185,MANUAL (Remote),,0.0
2026-08-10T11:24:35.284,1786335875.28474,-0.21299999952316284,5.1,-11.6,295.1,1503,1499,1503,1503,1499,1503,250,185,MANUAL (Remote),,0.0
2026-08-10T11:24:35.784,1786335875.784766,-0.21299999952316284,5.1,-11.6,295.1,1503,1499,1503,1503,1499,1503,250,185,MANUAL (Remote),,0.0
2026-08-10T11:24:36.284,1786335876.284731,-0.21299999952316284,5.1,-11.6,295.1,1503,1499,1503,1503,1499,1503,250,185,MANUAL (Remote),,0.0
2026-08-10T11:24:36.784,1786335876.784708,-0.21299999952316284,5.1,-11.6,295.1,1503,1499,1503,1503,1499,1503,250,185,MANUAL (Remote),,0.0
2026-08-10T11:24:37.284,1786335877.284764,-0.21299999952316284,5.1,-11.6,295.1,1503,1499,1503,1503,1499,1503,250,185,MANUAL (Remote),,0.0
2026-08-10T11:24:37.784,1786335877.784695,-0.21299999952316284,5.1,-11.6,295.1,1503,1499,1503,1503,1499,1503,250,185,MANUAL (Remote),,0.0
2026-08-10T11:24:38.284,1786335878.284767,-0.21299999952316284,5.1,-11.6,295.1,1503,1499,1503,1503,1499,1503,250,185,MANUAL (Remote),,0.0
2026-08-10T11:24:38.784,1786335878.7847,-0.21299999952316284,5.1,-11.6,295.1,1503,1499,1503,1503,1499,1503,250,185,MANUAL (Remote),,0.0
2026-08-10T11:24:39.284,1786335879.284707,-0.21299999952316284,5.1,-11.6,295.1,1503,1499,1503,1503,1499,1503,250,185,MANUAL (Remote),,0.0
2026-08-10T11:24:39.784,1786335879.784722,-0.21299999952316284,5.1,-11.6,295.1,1503,1499,1503,1503,1499,1503,250,185,MANUAL (Remote),,0.0
2026-08-10T11:24:40.284,1786335880.284687,-0.21299999952316284,5.1,-11.6,295.1,1503,1499,1503,1503,1499,1503,250,185,MANUAL (Remote),,0.0
2026-08-10T11:24:40.784,1786335880.784676,-0.21299999952316284,5.1,-11.6,295.1,1503,1499,1503,1503,1499,1503,250,185,MANUAL (Remote),,0.0
2026-08-10T11:24:41.284,1786335881.284842,-0.21299999952316284,5.1,-11.6,295.1,1503,1499,1503,1503,1499,1503,250,185,MANUAL (Remote),,0.0
2026-08-10T11:24:41.784,1786335881.784784,-0.21299999952316284,5.1,-11.6,295.1,1503,1499,1503,1503,1499,1503,250,185,MANUAL (Remote),,0.0
2026-08-10T11:24:42.284,1786335882.284768,-0.21299999952316284,5.1,-11.6,295.1,1503,1499,1503,1503,1499,1503,250,185,MANUAL (Remote),,0.0
2026-08-10T11:24:42.784,1786335882.784746,-0.21299999952316284,5.1,-11.6,295.1,1503,1499,1503,1503,1499,1503,250,185,MANUAL (Remote),,0.0
2026-08-10T11:24:43.284,1786335883.284796,-0.21299999952316284,5.1,-11.6,295.1,1503,1499,1503,1503,1499,1503,250,185,MANUAL (Remote),,0.0
2026-08-10T11:24:43.784,1786335883.784719,-0.21299999952316284,5.1,-11.6,295.1,1503,1499,1503,1503,1499,1503,250,185,MANUAL (Remote),,0.0
2026-08-10T11:24:44.284,1786335884.284726,-0.21299999952316284,5.1,-11.6,295.1,1503,1499,1503,1503,1499,1503,250,185,MANUAL (Remote),,0.0
2026-08-10T11:24:44.784,1786335884.784676,-0.21299999952316284,5.1,-11.6,295.1,1503,1499,1503,1503,1499,1503,250,185,MANUAL (Remote),,0.0
2026-08-10T11:24:45.284,1786335885.284722,-0.21299999952316284,5.1,-11.6,295.1,1503,1499,1503,1503,1499,1503,250,185,MANUAL (Remote),,0.0
2026-08-10T11:24:45.784,1786335885.784734,-0.21299999952316284,5.1,-11.6,295.1,1503,1499,1503,1503,1499,1503,250,185,MANUAL (Remote),,0.0
2026-08-10T11:24:46.284,1786335886.284735,-0.21299999952316284,5.1,-11.6,295.1,1503,1499,1503,1503,1499,1503,250,185,MANUAL (Remote),,0.0
2026-08-10T11:24:46.784,1786335886.784668,-0.21299999952316284,5.1,-11.6,295.1,1503,1499,1503,1503,1499,1503,250,185,MANUAL (Remote),,0.0
2026-08-10T11:24:47.284,1786335887.284712,-0.21299999952316284,5.1,-11.6,295.1,1503,1499,1503,1503,1499,1503,250,185,MANUAL (Remote),,0.0
2026-08-10T11:24:47.784,1786335887.784744,-0.21299999952316284,5.1,-11.6,295.1,1503,1499,1503,1503,1499,1503,250,185,MANUAL (Remote),,0.0
2026-08-10T11:24:48.284,1786335888.284706,-0.21299999952316284,5.1,-11.6,295.1,1503,1499,1503,1503,1499,1503,250,185,MANUAL (Remote),,0.0
2026-08-10T11:24:48.784,1786335888.784718,-0.21299999952316284,5.1,-11.6,295.1,1503,1499,1503,1503,1499,1503,250,185,MANUAL (Remote),,0.0
2026-08-10T11:24:49.284,1786335889.284789,-0.21299999952316284,5.1,-11.6,295.1,1503,1499,1503,1503,1499,1503,250,185,MANUAL (Remote),,0.0
2026-08-10T11:24:49.784,1786335889.784691,-0.21299999952316284,5.1,-11.6,295.1,1503,1499,1503,1503,1499,1503,250,185,MANUAL (Remote),,0.0
2026-08-10T11:24:50.284,1786335890.28469,-0.21299999952316284,5.1,-11.6,295.1,1503,1499,1503,1503,1499,1503,250,185,MANUAL (Remote),,0.0
2026-08-10T11:24:50.784,1786335890.784712,-0.21299999952316284,5.1,-11.6,295.1,1503,1499,1503,1503,1499,1503,250,185,MANUAL (Remote),,0.0
2026-08-10T11:24:51.284,1786335891.284687,-0.21299999952316284,5.1,-11.6,295.1,1503,1499,1503,1503,1499,1503,250,185,MANUAL (Remote),,0.0
2026-08-10T11:24:51.784,1786335891.784735,-0.21299999952316284,5.1,-11.6,295.1,1503,1499,1503,1503,1499,1503,250,185,MANUAL (Remote),,0.0
2026-08-10T11:24:52.284,1786335892.284738,-0.21299999952316284,5.1,-11.6,295.1,1503,1499,1503,1503,1499,1503,250,185,MANUAL (Remote),,0.0
2026-08-10T11:24:52.784,1786335892.784702,-0.21299999952316284,5.1,-11.6,295.1,1503,1499,1503,1503,1499,1503,250,185,MANUAL (Remote),,0.0
2026-08-10T11:24:53.284,1786335893.284758,-0.21299999952316284,5.1,-11.6,295.1,1503,1499,1503,1503,1499,1503,250,185,MANUAL (Remote),,0.0
2026-08-10T11:24:53.784,1786335893.784732,-0.21299999952316284,5.1,-11.6,295.1,1503,1499,1503,1503,1499,1503,250,185,MANUAL (Remote),,0.0
2026-08-10T11:24:54.284,1786335894.284699,-0.21299999952316284,5.1,-11.6,295.1,1503,1499,1503,1503,1499,1503,250,185,MANUAL (Remote),,0.0
2026-08-10T11:24:54.784,1786335894.784752,-0.21299999952316284,5.1,-11.6,295.1,1503,1499,1503,1503,1499,1503,250,185,MANUAL (Remote),,0.0
2026-08-10T11:24:55.284,1786335895.284746,-0.21299999952316284,5.1,-11.6,295.1,1503,1499,1503,1503,1499,1503,250,185,MANUAL (Remote),,0.0
2026-08-10T11:24:55.784,1786335895.784692,-0.21299999952316284,5.1,-11.6,295.1,1503,1499,1503,1503,1499,1503,250,185,MANUAL (Remote),,0.0
2026-08-10T11:24:56.284,1786335896.284723,-0.21299999952316284,5.1,-11.6,295.1,1503,1499,1503,1503,1499,1503,250,185,MANUAL (Remote),,0.0
2026-08-10T11:24:56.784,1786335896.784696,-0.21299999952316284,5.1,-11.6,295.1,1503,1499,1503,1503,1499,1503,250,185,MANUAL (Remote),,0.0
2026-08-10T11:24:57.284,1786335897.284678,-0.21299999952316284,5.1,-11.6,295.1,1503,1499,1503,1503,1499,1503,250,185,MANUAL (Remote),,0.0
2026-08-10T11:24:57.784,1786335897.784736,-0.21299999952316284,5.1,-11.6,295.1,1503,1499,1503,1503,1499,1503,250,185,MANUAL (Remote),,0.0
2026-08-10T11:24:58.284,1786335898.284669,-0.21299999952316284,5.1,-11.6,295.1,1503,1499,1503,1503,1499,1503,250,185,MANUAL (Remote),,0.0
2026-08-10T11:24:58.784,1786335898.784741,-0.21299999952316284,5.1,-11.6,295.1,1503,1499,1503,1503,1499,1503,250,185,MANUAL (Remote),,0.0
2026-08-10T11:24:59.284,1786335899.28465,-0.21299999952316284,5.1,-11.6,295.1,1503,1499,1503,1503,1499,1503,250,185,MANUAL (Remote),,0.0
2026-08-10T11:24:59.784,1786335899.784675,-0.21299999952316284,5.1,-11.6,295.1,1503,1499,1503,1503,1499,1503,250,185,MANUAL (Remote),,0.0
2026-08-10T11:25:00.284,1786335900.28469,-0.21299999952316284,5.1,-11.6,295.1,1503,1499,1503,1503,1499,1503,250,185,MANUAL (Remote),,0.0
2026-08-10T11:25:00.784,1786335900.784656,-0.21299999952316284,5.1,-11.6,295.1,1503,1499,1503,1503,1499,1503,250,185,MANUAL (Remote),,0.0
2026-08-10T11:25:01.284,1786335901.284776,-0.21299999952316284,5.1,-11.6,295.1,1503,1499,1503,1503,1499,1503,250,185,MANUAL (Remote),,0.0
2026-08-10T11:25:01.784,1786335901.784772,-0.21299999952316284,5.1,-11.6,295.1,1503,1499,1503,1503,1499,1503,250,185,MANUAL (Remote),,0.0
2026-08-10T11:25:02.284,1786335902.284735,-0.21299999952316284,5.1,-11.6,295.1,1503,1499,1503,1503,1499,1503,250,185,MANUAL (Remote),,0.0
2026-08-10T11:25:02.784,1786335902.784748,-0.21299999952316284,5.1,-11.6,295.1,1503,1499,1503,1503,1499,1503,250,185,MANUAL (Remote),,0.0
2026-08-10T11:25:03.284,1786335903.284668,-0.21299999952316284,5.1,-11.6,295.1,1503,1499,1503,1503,1499,1503,250,185,MANUAL (Remote),,0.0
2026-08-10T11:25:03.784,1786335903.784701,-0.21299999952316284,5.1,-11.6,295.1,1503,1499,1503,1503,1499,1503,250,185,MANUAL (Remote),,0.0
2026-08-10T11:25:04.284,1786335904.284705,-0.21299999952316284,5.1,-11.6,295.1,1503,1499,1503,1503,1499,1503,250,185,MANUAL (Remote),,0.0
2026-08-10T11:25:04.784,1786335904.784728,-0.21299999952316284,5.1,-11.6,295.1,1503,1499,1503,1503,1499,1503,250,185,MANUAL (Remote),,0.0
2026-08-10T11:25:05.284,1786335905.284747,-0.21299999952316284,5.1,-11.6,295.1,1503,1499,1503,1503,1499,1503,250,185,MANUAL (Remote),,0.0
2026-08-10T11:25:05.784,1786335905.784683,-0.21299999952316284,5.1,-11.6,295.1,1503,1499,1503,1503,1499,1503,250,185,MANUAL (Remote),,0.0
2026-08-10T11:25:06.284,1786335906.284652,-0.21299999952316284,5.1,-11.6,295.1,1503,1499,1503,1503,1499,1503,250,185,MANUAL (Remote),,0.0
2026-08-10T11:25:06.784,1786335906.784835,-0.21299999952316284,5.1,-11.6,295.1,1503,1499,1503,1503,1499,1503,250,185,MANUAL (Remote),,0.0
2026-08-10T11:25:07.284,1786335907.284735,-0.21299999952316284,5.1,-11.6,295.1,1503,1499,1503,1503,1499,1503,250,185,MANUAL (Remote),,0.0
2026-08-10T11:25:07.784,1786335907.784868,-0.21299999952316284,5.1,-11.6,295.1,1503,1499,1503,1503,1499,1503,250,185,MANUAL (Remote),,0.0
2026-08-10T11:25:08.284,1786335908.284729,-0.21299999952316284,5.1,-11.6,295.1,1503,1499,1503,1503,1499,1503,250,185,MANUAL (Remote),,0.0
2026-08-10T11:25:08.784,1786335908.784797,-0.21299999952316284,5.1,-11.6,295.1,1503,1499,1503,1503,1499,1503,250,185,MANUAL (Remote),,0.0
