timestamp_iso,timestamp_unix,depth_m,pitch_deg,roll_deg,yaw_deg,pwm_dkiri,pwm_tkiri,pwm_bkiri,pwm_dkanan,pwm_tkanan,pwm_bkanan,servo_tilt_arm,servo_gripper,mode,qr_data,surge_est
2026-08-09T22:38:15.316,1786289895.316559,-0.00800000037997961,5.3,-10.8,131.8,1500,1500,1500,1500,1500,1500,90,90,FAILSAFE (Terputus!),,0.0
2026-08-09T22:38:15.816,1786289895.816516,-0.007000000216066837,3.9,-11.1,126.1,1500,1500,1500,1500,1500,1500,90,90,FAILSAFE (Terputus!),,0.0
2026-08-09T22:38:16.316,1786289896.316613,-0.007000000216066837,4.3,-11.4,121.8,1500,1500,1500,1500,1500,1500,90,90,FAILSAFE (Terputus!),,0.0
2026-08-09T22:38:16.816,1786289896.816558,-0.004999999888241291,4.4,-11.4,119.2,1500,1500,1500,1500,1500,1500,90,90,FAILSAFE (Terputus!),,0.0
2026-08-09T22:38:17.316,1786289897.3166,-0.012000000104308128,4.6,-11.4,117.7,1500,1500,1500,1500,1500,1500,90,90,FAILSAFE (Terputus!),,0.0
2026-08-09T22:38:17.816,1786289897.816489,-0.008999999612569809,4.9,-11.2,116.9,1500,1500,1500,1500,1500,1500,90,90,FAILSAFE (Terputus!),,0.0
2026-08-09T22:38:18.316,1786289898.31662,-0.004000000189989805,5.0,-11.3,116.4,1500,1500,1500,1500,1500,1500,90,90,FAILSAFE (Terputus!),,0.0
2026-08-09T22:38:18.816,1786289898.81651,-0.009999999776482582,4.6,-10.8,116.3,1500,1500,1500,1500,1500,1500,90,90,FAILSAFE (Terputus!),,0.0
2026-08-09T22:38:19.316,1786289899.316699,-0.010999999940395355,5.5,-10.8,121.8,1500,1500,1500,1500,1500,1500,90,90,FAILSAFE (Terputus!),,0.0
2026-08-09T22:38:19.816,1786289899.816536,-0.007000000216066837,0.4,-4.1,115.2,1500,1499,1500,1500,1499,1500,180,180,MANUAL (Remote),,0.0
2026-08-09T22:38:20.316,1786289900.316594,-0.007000000216066837,-7.8,7.1,102.5,1500,1499,1500,1500,1499,1500,180,180,MANUAL (Remote),,0.0
2026-08-09T22:38:20.816,1786289900.816581,-0.006000000052154064,-12.7,16.8,89.2,1500,1499,1500,1500,1499,1500,180,180,MANUAL (Remote),,0.0
2026-08-09T22:38:21.316,1786289901.316619,-0.00800000037997961,-14.3,23.9,74.6,1500,1499,1500,1500,1499,1500,180,180,MANUAL (Remote),,0.0
2026-08-09T22:38:21.816,1786289901.81649,-0.009999999776482582,-13.3,26.8,61.1,1500,1499,1500,1500,1499,1500,180,180,MANUAL (Remote),,0.0
2026-08-09T22:38:22.316,1786289902.316722,-0.00800000037997961,-10.5,27.0,47.7,1500,1499,1500,1500,1499,1500,180,180,MANUAL (Remote),,0.0
2026-08-09T22:38:22.816,1786289902.816599,-0.003000000026077032,-6.6,25.0,34.1,1500,1499,1500,1500,1499,1500,180,180,MANUAL (Remote),,0.0
2026-08-09T22:38:23.316,1786289903.316658,-0.00800000037997961,-2.5,21.1,20.4,1500,1499,1500,1500,1499,1500,180,180,MANUAL (Remote),,0.0
2026-08-09T22:38:23.816,1786289903.816579,-0.006000000052154064,0.8,16.7,8.7,1500,1499,1500,1500,1499,1500,180,180,MANUAL (Remote),,0.0
2026-08-09T22:38:24.316,1786289904.31662,-0.004999999888241291,3.6,10.8,356.6,1500,1499,1500,1500,1499,1500,180,180,MANUAL (Remote),,0.0
2026-08-09T22:38:24.816,1786289904.816482,-0.004999999888241291,5.2,5.2,346.8,1500,1499,1500,1500,1499,1500,180,180,MANUAL (Remote),,0.0
2026-08-09T22:38:25.316,1786289905.316594,-0.00800000037997961,5.8,0.5,339.3,1500,1499,1500,1500,1499,1500,180,180,MANUAL (Remote),,0.0
2026-08-09T22:38:25.816,1786289905.816492,-0.010999999940395355,6.1,-3.1,333.8,1500,1499,1500,1500,1499,1500,180,180,MANUAL (Remote),,0.0
2026-08-09T22:38:26.316,1786289906.316885,-0.009999999776482582,6.1,-5.3,330.3,1500,1499,1500,1500,1499,1500,180,180,MANUAL (Remote),,0.0
2026-08-09T22:38:26.816,1786289906.816591,-0.012000000104308128,6.1,-7.2,327.5,1500,1499,1500,1500,1499,1500,180,180,MANUAL (Remote),,0.0
2026-08-09T22:38:27.316,1786289907.316622,-0.007000000216066837,5.9,-8.5,325.7,1500,1499,1500,1500,1499,1500,180,180,MANUAL (Remote),,0.0
2026-08-09T22:38:27.816,1786289907.816482,-0.007000000216066837,5.8,-9.3,324.4,1500,1499,1500,1500,1499,1500,180,180,MANUAL (Remote),,0.0
2026-08-09T22:38:28.316,1786289908.316592,-0.007000000216066837,5.6,-10.0,323.5,1500,1499,1500,1500,1499,1500,180,180,MANUAL (Remote),,0.0
2026-08-09T22:38:28.816,1786289908.816604,-0.009999999776482582,5.5,-10.3,323.0,1500,1502,1500,1500,1502,1500,180,180,MANUAL (Remote),,0.0
2026-08-09T22:38:29.316,1786289909.316599,-0.006000000052154064,5.5,-10.5,322.7,1500,1561,1500,1500,1561,1500,180,180,MANUAL (Remote),,61.0
2026-08-09T22:38:29.816,1786289909.816542,-0.007000000216066837,5.5,-9.4,322.6,1500,1843,1500,1500,1843,1500,180,180,MANUAL (Remote),,343.0
2026-08-09T22:38:30.316,1786289910.316573,-0.008999999612569809,5.9,-10.1,322.7,1500,1730,1500,1500,1730,1500,180,180,MANUAL (Remote),,230.0
2026-08-09T22:38:30.816,1786289910.81658,-0.00800000037997961,5.8,-10.6,322.4,1500,1880,1500,1500,1136,1500,180,180,MANUAL (Remote),,8.0
2026-08-09T22:38:31.316,1786289911.316602,-0.00800000037997961,4.9,-9.7,322.5,1500,1523,1500,1500,1521,1500,180,180,MANUAL (Remote),,22.0
2026-08-09T22:38:31.816,1786289911.81665,-0.00800000037997961,5.3,-10.6,322.5,1500,1900,1500,1500,1899,1500,180,180,MANUAL (Remote),,399.5
2026-08-09T22:38:32.316,1786289912.316579,-0.007000000216066837,4.4,-10.0,322.3,1500,1900,1500,1500,1899,1500,180,180,MANUAL (Remote),,399.5
2026-08-09T22:38:32.816,1786289912.816578,-0.007000000216066837,3.3,-9.0,322.3,1500,1691,1500,1500,1689,1500,180,180,MANUAL (Remote),,190.0
2026-08-09T22:38:33.316,1786289913.316599,-0.007000000216066837,4.1,-9.8,322.0,1500,1600,1500,1500,1400,1500,180,180,MANUAL (Remote),,0.0
2026-08-09T22:38:33.816,1786289913.816516,-0.013000000268220901,4.6,-10.1,322.0,1500,1503,1500,1500,1497,1500,180,180,MANUAL (Remote),,0.0
2026-08-09T22:38:34.316,1786289914.316606,-0.00800000037997961,4.8,-10.6,321.9,1500,1690,1500,1500,1690,1500,180,180,MANUAL (Remote),,190.0
2026-08-09T22:38:34.816,1786289914.816629,-0.009999999776482582,5.4,-11.3,321.8,1500,1499,1500,1500,1499,1500,180,180,MANUAL (Remote),,0.0
2026-08-09T22:38:35.316,1786289915.316707,-0.008999999612569809,5.4,-11.4,321.9,1493,1499,1494,1499,1499,1500,180,180,MANUAL (Remote),,0.0
2026-08-09T22:38:35.816,1786289915.816403,-0.008999999612569809,5.4,-11.3,321.8,1454,1499,1455,1499,1499,1500,180,180,MANUAL (Remote),,0.0
2026-08-09T22:38:36.316,1786289916.316532,-0.008999999612569809,5.4,-11.0,322.4,1435,1499,1436,1499,1499,1500,180,180,MANUAL (Remote),,0.0
2026-08-09T22:38:36.816,1786289916.816462,-0.0010000000474974513,4.9,-10.8,322.7,1441,1499,1442,1499,1499,1500,180,180,MANUAL (Remote),,0.0
2026-08-09T22:38:37.316,1786289917.31653,-0.008999999612569809,5.1,-10.5,322.8,1446,1499,1447,1499,1499,1500,180,180,MANUAL (Remote),,0.0
2026-08-09T22:38:37.816,1786289917.81661,-0.009999999776482582,5.2,-10.7,322.8,1500,1499,1500,1500,1499,1500,180,180,MANUAL (Remote),,0.0
2026-08-09T22:38:38.316,1786289918.316593,-0.00800000037997961,5.3,-10.9,322.8,1499,1499,1500,1495,1499,1496,180,180,MANUAL (Remote),,0.0
2026-08-09T22:38:38.816,1786289918.816705,-0.00800000037997961,5.3,-10.9,322.7,1499,1499,1500,1482,1499,1483,180,180,MANUAL (Remote),,0.0
2026-08-09T22:38:39.316,1786289919.316719,-0.004000000189989805,5.5,-10.9,322.9,1499,1499,1500,1455,1499,1456,180,180,MANUAL (Remote),,0.0
2026-08-09T22:38:39.816,1786289919.81652,-0.008999999612569809,5.5,-10.9,323.0,1499,1499,1500,1466,1499,1467,180,180,MANUAL (Remote),,0.0
2026-08-09T22:38:40.316,1786289920.316628,-0.012000000104308128,5.4,-11.0,322.9,1499,1499,1500,1489,1499,1490,180,180,MANUAL (Remote),,0.0
2026-08-09T22:38:40.816,1786289920.816662,-0.008999999612569809,5.4,-10.9,322.8,1498,1499,1498,1498,1499,1498,180,180,MANUAL (Remote),,0.0
2026-08-09T22:38:41.316,1786289921.316601,-0.012000000104308128,5.2,-10.9,322.7,1465,1499,1465,1465,1499,1465,180,180,MANUAL (Remote),,0.0
2026-08-09T22:38:41.816,1786289921.816494,-0.007000000216066837,5.3,-10.9,322.9,1435,1499,1435,1435,1499,1435,180,180,MANUAL (Remote),,0.0
2026-08-09T22:38:42.317,1786289922.317545,-0.007000000216066837,5.1,-11.2,323.1,1405,1499,1405,1405,1499,1405,180,180,MANUAL (Remote),,0.0
2026-08-09T22:38:42.816,1786289922.816521,-0.009999999776482582,5.2,-10.6,323.1,1379,1499,1379,1379,1499,1379,180,180,MANUAL (Remote),,0.0
2026-08-09T22:38:43.316,1786289923.316627,-0.003000000026077032,4.3,-11.3,323.0,1392,1499,1392,1392,1499,1392,180,180,MANUAL (Remote),,0.0
2026-08-09T22:38:43.816,1786289923.816525,-0.010999999940395355,4.5,-11.3,323.0,1422,1499,1422,1422,1499,1422,180,180,MANUAL (Remote),,0.0
2026-08-09T22:38:44.316,1786289924.316704,-0.008999999612569809,5.0,-11.9,322.9,1455,1499,1455,1455,1499,1455,180,180,MANUAL (Remote),,0.0
2026-08-09T22:38:44.816,1786289924.816571,-0.00800000037997961,4.6,-11.2,323.2,1479,1499,1479,1479,1499,1479,180,180,MANUAL (Remote),,0.0
2026-08-09T22:38:45.316,1786289925.31664,-0.007000000216066837,5.0,-11.1,322.8,1482,1499,1482,1482,1499,1482,180,180,MANUAL (Remote),,0.0
2026-08-09T22:38:45.816,1786289925.816769,-0.013000000268220901,5.3,-11.2,322.5,1496,1499,1496,1496,1499,1496,180,180,MANUAL (Remote),,0.0
2026-08-09T22:38:46.316,1786289926.316531,-0.00800000037997961,5.2,-11.1,322.3,1514,1499,1514,1514,1499,1514,180,180,MANUAL (Remote),,0.0
2026-08-09T22:38:46.816,1786289926.816477,-0.00800000037997961,5.3,-11.1,322.2,1504,1499,1504,1504,1499,1504,180,180,MANUAL (Remote),,0.0
2026-08-09T22:38:47.316,1786289927.316601,-0.009999999776482582,5.3,-11.1,322.1,1497,1499,1497,1497,1499,1497,180,180,MANUAL (Remote),,0.0
2026-08-09T22:38:47.816,1786289927.816542,-0.007000000216066837,5.2,-11.1,322.0,1497,1499,1497,1497,1499,1497,180,180,MANUAL (Remote),,0.0
2026-08-09T22:38:48.316,1786289928.316611,-0.007000000216066837,5.2,-11.1,322.0,1497,1499,1497,1497,1499,1497,180,180,MANUAL (Remote),,0.0
2026-08-09T22:38:48.816,1786289928.816482,-0.010999999940395355,5.3,-11.1,322.2,1497,1499,1497,1497,1499,1497,180,180,MANUAL (Remote),,0.0
2026-08-09T22:38:49.316,1786289929.316441,-0.008999999612569809,5.1,-11.3,323.4,1497,1499,1497,1497,1499,1497,180,180,MANUAL (Remote),,0.0
2026-08-09T22:38:49.816,1786289929.816563,-0.013000000268220901,5.0,-11.5,325.8,1497,1499,1497,1497,1499,1497,180,180,MANUAL (Remote),,0.0
2026-08-09T22:38:50.316,1786289930.316657,-0.007000000216066837,4.8,-11.6,328.8,1497,1499,1497,1497,1499,1497,180,180,MANUAL (Remote),,0.0
2026-08-09T22:38:50.816,1786289930.816692,-0.007000000216066837,4.7,-11.8,331.9,1497,1499,1497,1497,1499,1497,180,180,MANUAL (Remote),,0.0
2026-08-09T22:38:51.316,1786289931.31665,-0.009999999776482582,4.7,-11.7,333.7,1497,1499,1497,1497,1499,1497,180,180,MANUAL (Remote),,0.0
2026-08-09T22:38:51.816,1786289931.816642,-0.009999999776482582,4.9,-11.5,334.8,1497,1499,1497,1497,1499,1497,180,180,MANUAL (Remote),,0.0
2026-08-09T22:38:52.316,1786289932.316529,-0.008999999612569809,5.1,-11.2,334.5,1497,1499,1497,1497,1499,1497,180,180,MANUAL (Remote),,0.0
2026-08-09T22:38:52.816,1786289932.816588,-0.012000000104308128,5.0,-11.0,334.8,1497,1499,1497,1497,1499,1497,180,180,MANUAL (Remote),,0.0
2026-08-09T22:38:53.316,1786289933.316526,-0.013000000268220901,5.1,-11.2,335.8,1497,1499,1497,1497,1499,1497,180,180,MANUAL (Remote),,0.0
2026-08-09T22:38:53.816,1786289933.816541,-0.007000000216066837,5.5,-11.5,336.7,1497,1499,1497,1497,1499,1497,180,180,MANUAL (Remote),,0.0
2026-08-09T22:38:54.316,1786289934.316592,-0.004000000189989805,5.4,-11.4,337.8,1497,1499,1497,1497,1499,1497,180,180,MANUAL (Remote),,0.0
2026-08-09T22:38:54.816,1786289934.816511,-0.007000000216066837,5.7,-11.0,338.8,1497,1499,1497,1497,1499,1497,180,180,MANUAL (Remote),,0.0
2026-08-09T22:38:55.316,1786289935.31676,-0.004999999888241291,5.6,-11.1,338.6,1497,1499,1497,1497,1499,1497,180,180,MANUAL (Remote),,0.0
2026-08-09T22:38:55.816,1786289935.816441,-0.006000000052154064,5.5,-11.3,338.9,1497,1499,1497,1497,1499,1497,180,180,MANUAL (Remote),,0.0
2026-08-09T22:38:56.316,1786289936.316638,-0.009999999776482582,5.3,-11.1,339.1,1497,1499,1497,1497,1499,1497,180,180,MANUAL (Remote),,0.0
2026-08-09T22:38:56.816,1786289936.816533,-0.00800000037997961,13.5,-14.0,338.6,1497,1499,1497,1497,1499,1497,180,180,MANUAL (Remote),,0.0
2026-08-09T22:38:57.316,1786289937.31667,-0.010999999940395355,9.9,-12.6,339.1,1497,1499,1497,1497,1499,1497,180,180,MANUAL (Remote),,0.0
2026-08-09T22:38:57.816,1786289937.816428,-0.009999999776482582,7.7,-12.0,338.9,1497,1499,1497,1497,1499,1497,180,180,MANUAL (Remote),,0.0
2026-08-09T22:38:58.316,1786289938.316554,-0.006000000052154064,6.7,-11.4,339.2,1497,1499,1497,1497,1499,1497,180,180,MANUAL (Remote),,0.0
2026-08-09T22:38:58.816,1786289938.816558,-0.00800000037997961,6.1,-11.6,338.8,1497,1499,1497,1497,1499,1497,180,180,MANUAL (Remote),,0.0
2026-08-09T22:38:59.316,1786289939.316647,-0.009999999776482582,5.6,-11.5,338.5,1497,1499,1497,1497,1499,1497,180,180,MANUAL (Remote),,0.0
2026-08-09T22:38:59.816,1786289939.816483,-0.008999999612569809,4.9,-11.0,338.4,1497,1499,1497,1497,1499,1497,180,180,MANUAL (Remote),,0.0
2026-08-09T22:39:00.316,1786289940.316602,-0.008999999612569809,5.1,-14.6,338.8,1497,1499,1497,1497,1499,1497,180,180,MANUAL (Remote),,0.0
2026-08-09T22:39:00.816,1786289940.816523,-0.007000000216066837,5.6,-12.5,337.9,1497,1499,1497,1497,1499,1497,180,180,MANUAL (Remote),,0.0
2026-08-09T22:39:01.316,1786289941.316571,-0.010999999940395355,5.8,-11.8,338.0,1497,1499,1497,1497,1499,1497,180,180,MANUAL (Remote),,0.0
2026-08-09T22:39:01.816,1786289941.816545,-0.007000000216066837,5.5,-11.5,338.1,1497,1499,1497,1497,1499,1497,180,180,MANUAL (Remote),,0.0
2026-08-09T22:39:02.316,1786289942.316539,-0.007000000216066837,5.6,-11.3,337.9,1497,1499,1497,1497,1499,1497,180,180,MANUAL (Remote),,0.0
2026-08-09T22:39:02.816,1786289942.816468,-0.013000000268220901,5.2,-7.1,339.3,1497,1499,1497,1497,1499,1497,180,180,MANUAL (Remote),,0.0
2026-08-09T22:39:03.316,1786289943.316671,-0.010999999940395355,9.1,-4.1,339.6,1497,1499,1497,1497,1499,1497,180,180,MANUAL (Remote),,0.0
2026-08-09T22:39:03.816,1786289943.816535,-0.013000000268220901,8.7,-7.5,338.4,1497,1499,1497,1497,1499,1497,180,180,MANUAL (Remote),,0.0
2026-08-09T22:39:04.316,1786289944.316574,-0.004000000189989805,8.9,-5.6,341.1,1497,1499,1497,1497,1499,1497,180,180,MANUAL (Remote),,0.0
2026-08-09T22:39:04.816,1786289944.816564,-0.010999999940395355,7.0,-7.4,340.4,1497,1499,1497,1497,1499,1497,180,180,MANUAL (Remote),,0.0
2026-08-09T22:39:05.316,1786289945.316782,-0.006000000052154064,7.0,-8.0,337.8,1497,1499,1497,1497,1499,1497,180,180,MANUAL (Remote),,0.0
2026-08-09T22:39:05.816,1786289945.816527,-0.014999999664723873,6.4,-8.4,333.0,1497,1499,1497,1497,1499,1497,180,180,MANUAL (Remote),,0.0
2026-08-09T22:39:06.316,1786289946.316628,-0.00800000037997961,6.2,-8.8,329.2,1497,1499,1497,1497,1499,1497,180,180,MANUAL (Remote),,0.0
2026-08-09T22:39:06.816,1786289946.816619,-0.010999999940395355,6.1,-9.4,326.4,1497,1499,1497,1497,1499,1497,180,180,MANUAL (Remote),,0.0
2026-08-09T22:39:07.316,1786289947.316546,-0.008999999612569809,5.9,-9.9,324.8,1497,1499,1497,1497,1499,1497,180,180,MANUAL (Remote),,0.0
2026-08-09T22:39:07.816,1786289947.816611,-0.010999999940395355,5.7,-10.2,323.8,1497,1499,1497,1497,1499,1497,180,180,MANUAL (Remote),,0.0
2026-08-09T22:39:08.316,1786289948.316686,-0.009999999776482582,5.5,-10.4,323.1,1497,1499,1497,1497,1499,1497,180,180,MANUAL (Remote),,0.0
2026-08-09T22:39:08.816,1786289948.816546,-0.007000000216066837,5.2,-10.5,322.6,1497,1499,1497,1497,1499,1497,180,180,MANUAL (Remote),,0.0
2026-08-09T22:39:09.316,1786289949.316578,-0.0010000000474974513,5.3,-10.8,322.4,1497,1499,1497,1497,1499,1497,180,180,MANUAL (Remote),,0.0
2026-08-09T22:39:09.816,1786289949.816613,-0.006000000052154064,5.4,-11.0,321.1,1497,1499,1497,1497,1499,1497,180,180,MANUAL (Remote),,0.0
2026-08-09T22:39:10.316,1786289950.316721,-0.00800000037997961,5.5,-11.5,319.7,1497,1499,1497,1497,1499,1497,180,180,MANUAL (Remote),,0.0
2026-08-09T22:39:10.816,1786289950.816562,-0.00800000037997961,5.6,-11.6,318.8,1497,1499,1497,1497,1499,1497,180,180,MANUAL (Remote),,0.0
2026-08-09T22:39:11.316,1786289951.316654,-0.004000000189989805,5.6,-11.5,318.3,1497,1499,1497,1497,1499,1497,180,180,MANUAL (Remote),,0.0
2026-08-09T22:39:11.816,1786289951.816524,-0.009999999776482582,5.6,-11.5,317.9,1497,1499,1497,1497,1499,1497,180,180,MANUAL (Remote),,0.0
2026-08-09T22:39:12.316,1786289952.316636,-0.003000000026077032,5.6,-11.5,317.7,1497,1499,1497,1497,1499,1497,180,180,MANUAL (Remote),,0.0
2026-08-09T22:39:12.816,1786289952.816632,-0.009999999776482582,5.6,-11.6,317.6,1497,1499,1497,1497,1499,1497,180,180,MANUAL (Remote),,0.0
2026-08-09T22:39:13.316,1786289953.316683,-0.00800000037997961,5.5,-11.5,317.5,1497,1499,1497,1497,1499,1497,180,180,MANUAL (Remote),,0.0
2026-08-09T22:39:13.816,1786289953.816587,-0.008999999612569809,5.3,-11.5,317.0,1497,1499,1497,1497,1499,1497,180,180,MANUAL (Remote),,0.0
2026-08-09T22:39:14.316,1786289954.316619,-0.009999999776482582,5.3,-11.7,316.9,1497,1499,1497,1497,1499,1497,180,180,MANUAL (Remote),,0.0
2026-08-09T22:39:14.816,1786289954.816561,-0.012000000104308128,5.2,-11.4,317.1,1497,1499,1497,1497,1499,1497,180,180,MANUAL (Remote),,0.0
2026-08-09T22:39:15.316,1786289955.31664,-0.009999999776482582,5.0,-10.4,317.2,1497,1499,1497,1497,1499,1497,180,180,MANUAL (Remote),,0.0
2026-08-09T22:39:15.816,1786289955.816625,-0.006000000052154064,5.0,-9.5,317.4,1497,1499,1497,1497,1499,1497,180,180,MANUAL (Remote),,0.0
2026-08-09T22:39:16.316,1786289956.316537,-0.00800000037997961,4.8,-6.1,318.0,1497,1499,1497,1497,1499,1497,180,180,MANUAL (Remote),,0.0
2026-08-09T22:39:16.816,1786289956.816594,-0.010999999940395355,5.1,-3.4,317.8,1497,1499,1497,1497,1499,1497,180,180,MANUAL (Remote),,0.0
2026-08-09T22:39:17.316,1786289957.31667,-0.008999999612569809,5.1,0.8,318.5,1497,1499,1497,1497,1499,1497,180,180,MANUAL (Remote),,0.0
2026-08-09T22:39:17.816,1786289957.816501,-0.008999999612569809,5.3,1.2,318.7,1497,1499,1497,1497,1499,1497,180,180,MANUAL (Remote),,0.0
2026-08-09T22:39:18.318,1786289958.318567,-0.004000000189989805,5.4,0.4,318.8,1497,1499,1497,1497,1499,1497,180,180,MANUAL (Remote),,0.0
2026-08-09T22:39:18.816,1786289958.816538,-0.010999999940395355,5.3,0.8,318.6,1497,1499,1497,1497,1499,1497,180,180,MANUAL (Remote),,0.0
2026-08-09T22:39:19.316,1786289959.316564,-0.003000000026077032,5.3,2.1,319.1,1497,1499,1497,1497,1499,1497,180,180,MANUAL (Remote),,0.0
2026-08-09T22:39:19.816,1786289959.816527,-0.010999999940395355,5.2,2.4,319.3,1497,1499,1497,1497,1499,1497,180,180,MANUAL (Remote),,0.0
2026-08-09T22:39:20.316,1786289960.316655,-0.009999999776482582,5.1,0.2,319.1,1497,1499,1497,1497,1499,1497,180,180,MANUAL (Remote),,0.0
2026-08-09T22:39:20.816,1786289960.816495,-0.012000000104308128,5.0,-5.6,318.0,1497,1499,1497,1497,1499,1497,180,180,MANUAL (Remote),,0.0
2026-08-09T22:39:21.316,1786289961.316865,-0.009999999776482582,5.0,-9.1,317.9,1497,1499,1497,1497,1499,1497,180,180,MANUAL (Remote),,0.0
2026-08-09T22:39:21.816,1786289961.816512,-0.013000000268220901,5.5,-11.3,317.6,1497,1499,1497,1497,1499,1497,180,180,MANUAL (Remote),,0.0
2026-08-09T22:39:22.316,1786289962.316805,-0.006000000052154064,5.9,-10.8,318.6,1497,1499,1497,1497,1499,1497,180,180,MANUAL (Remote),,0.0
2026-08-09T22:39:22.816,1786289962.816568,-0.009999999776482582,5.7,-11.0,319.6,1497,1499,1497,1497,1499,1497,180,180,MANUAL (Remote),,0.0
2026-08-09T22:39:23.316,1786289963.316643,-0.013000000268220901,5.4,-11.0,320.1,1497,1499,1497,1497,1499,1497,180,180,MANUAL (Remote),,0.0
2026-08-09T22:39:23.816,1786289963.816559,-0.006000000052154064,5.1,-11.0,320.7,1497,1499,1497,1497,1499,1497,180,180,MANUAL (Remote),,0.0
2026-08-09T22:39:24.316,1786289964.316665,-0.009999999776482582,5.3,-11.5,320.9,1497,1499,1497,1497,1499,1497,180,180,MANUAL (Remote),,0.0
2026-08-09T22:39:24.816,1786289964.816474,-0.00800000037997961,5.2,-11.4,321.1,1497,1499,1497,1497,1499,1497,180,180,MANUAL (Remote),,0.0
2026-08-09T22:39:25.316,1786289965.316696,-0.009999999776482582,5.2,-11.3,321.3,1497,1499,1497,1497,1499,1497,180,180,MANUAL (Remote),,0.0
2026-08-09T22:39:25.816,1786289965.816521,-0.007000000216066837,5.3,-11.3,321.4,1497,1499,1497,1497,1499,1497,180,180,MANUAL (Remote),,0.0
2026-08-09T22:39:26.316,1786289966.31662,-0.006000000052154064,5.3,-11.4,321.6,1497,1499,1497,1497,1499,1497,180,180,MANUAL (Remote),,0.0
2026-08-09T22:39:26.816,1786289966.816449,-0.00800000037997961,5.2,-11.3,321.7,1497,1499,1497,1497,1499,1497,180,180,MANUAL (Remote),,0.0
2026-08-09T22:39:27.316,1786289967.316729,-0.009999999776482582,5.2,-11.3,321.7,1497,1499,1497,1497,1499,1497,180,180,MANUAL (Remote),,0.0
2026-08-09T22:39:27.816,1786289967.816611,-0.009999999776482582,5.2,-11.2,321.7,1497,1499,1497,1497,1499,1497,180,180,MANUAL (Remote),,0.0
2026-08-09T22:39:28.316,1786289968.31652,-0.008999999612569809,5.3,-11.2,321.8,1497,1499,1497,1497,1499,1497,180,180,MANUAL (Remote),,0.0
2026-08-09T22:39:28.816,1786289968.816717,-0.00800000037997961,5.2,-11.2,321.8,1497,1505,1497,1497,1493,1497,180,180,MANUAL (Remote),,0.0
2026-08-09T22:39:29.316,1786289969.316552,-0.009999999776482582,5.2,-11.2,321.9,1497,1625,1497,1497,1373,1497,180,180,MANUAL (Remote),,-1.0
2026-08-09T22:39:29.816,1786289969.816475,-0.004000000189989805,5.3,-11.2,321.9,1497,1499,1497,1497,1499,1497,180,180,MANUAL (Remote),,0.0
2026-08-09T22:39:30.316,1786289970.316714,-0.012000000104308128,5.3,-11.3,321.8,1497,1585,1497,1497,1583,1497,180,180,MANUAL (Remote),,84.0
2026-08-09T22:39:30.816,1786289970.816482,-0.010999999940395355,5.4,-12.3,321.9,1497,1900,1497,1497,1834,1497,180,180,MANUAL (Remote),,367.0
2026-08-09T22:39:31.316,1786289971.316529,-0.010999999940395355,4.4,-12.5,321.3,1497,1652,1497,1497,1444,1497,180,180,MANUAL (Remote),,48.0
2026-08-09T22:39:31.816,1786289971.816643,-0.014999999664723873,3.9,-11.3,321.6,1497,1867,1497,1497,1683,1497,180,180,MANUAL (Remote),,275.0
2026-08-09T22:39:32.316,1786289972.31665,-0.010999999940395355,3.4,-10.4,321.6,1497,1831,1497,1497,1785,1497,180,180,MANUAL (Remote),,308.0
2026-08-09T22:39:32.816,1786289972.816543,-0.010999999940395355,3.4,-10.9,321.6,1497,1900,1497,1497,1883,1497,180,180,MANUAL (Remote),,391.5
2026-08-09T22:39:33.316,1786289973.316594,-0.013000000268220901,3.8,-10.4,321.7,1497,1568,1497,1497,1560,1497,180,180,MANUAL (Remote),,64.0
2026-08-09T22:39:33.816,1786289973.816745,-0.012000000104308128,4.0,-11.0,321.5,1497,1536,1497,1497,1532,1497,180,180,MANUAL (Remote),,34.0
2026-08-09T22:39:34.316,1786289974.316528,-0.014000000432133675,4.5,-11.5,321.5,1497,1700,1497,1497,1694,1497,180,180,MANUAL (Remote),,197.0
2026-08-09T22:39:34.816,1786289974.816532,-0.012000000104308128,4.7,-11.1,321.7,1497,1648,1497,1497,1642,1497,180,180,MANUAL (Remote),,145.0
2026-08-09T22:39:35.316,1786289975.316469,-0.007000000216066837,4.9,-11.4,321.6,1497,1539,1497,1497,1479,1497,180,180,MANUAL (Remote),,9.0
2026-08-09T22:39:35.816,1786289975.816583,-0.00800000037997961,5.2,-10.7,321.8,1497,1607,1497,1497,1407,1497,180,180,MANUAL (Remote),,7.0
2026-08-09T22:39:36.316,1786289976.316666,-0.010999999940395355,4.9,-10.8,322.0,1497,1596,1497,1497,1418,1497,180,180,MANUAL (Remote),,7.0
2026-08-09T22:39:36.816,1786289976.816586,-0.00800000037997961,5.0,-11.4,321.7,1497,1579,1497,1497,1437,1497,180,180,MANUAL (Remote),,8.0
2026-08-09T22:39:37.316,1786289977.316551,-0.004999999888241291,4.9,-11.6,321.6,1497,1900,1497,1497,1107,1497,180,180,MANUAL (Remote),,3.5
2026-08-09T22:39:37.816,1786289977.8166,-0.009999999776482582,4.7,-11.8,321.4,1497,1499,1497,1497,1499,1497,180,180,MANUAL (Remote),,0.0
2026-08-09T22:39:38.316,1786289978.316651,-0.006000000052154064,4.7,-11.6,321.2,1497,1503,1497,1497,1501,1497,180,180,MANUAL (Remote),,0.0
2026-08-09T22:39:38.816,1786289978.816514,-0.012000000104308128,4.9,-11.6,321.3,1497,1900,1497,1497,1900,1497,180,180,MANUAL (Remote),,400.0
2026-08-09T22:39:39.316,1786289979.316644,-0.00800000037997961,4.2,-10.4,321.9,1497,1766,1497,1497,1800,1497,180,180,MANUAL (Remote),,283.0
2026-08-09T22:39:39.816,1786289979.816815,-0.007000000216066837,4.8,-10.7,321.7,1497,1535,1497,1497,1777,1497,180,180,MANUAL (Remote),,156.0
2026-08-09T22:39:40.316,1786289980.316642,-0.009999999776482582,5.1,-10.9,321.8,1497,1769,1497,1497,1881,1497,180,180,MANUAL (Remote),,325.0
2026-08-09T22:39:40.816,1786289980.816586,-0.009999999776482582,4.5,-11.5,321.6,1497,1769,1497,1497,1881,1497,180,180,MANUAL (Remote),,325.0
2026-08-09T22:39:41.316,1786289981.316645,-0.007000000216066837,5.2,-11.7,321.5,1497,1769,1497,1497,1881,1497,180,180,MANUAL (Remote),,325.0
2026-08-09T22:39:41.816,1786289981.816463,-0.012000000104308128,4.5,-11.5,321.6,1497,1769,1497,1497,1881,1497,180,180,MANUAL (Remote),,325.0
2026-08-09T22:39:42.316,1786289982.316651,-0.00800000037997961,5.2,-11.1,321.7,1497,1769,1497,1497,1881,1497,180,180,MANUAL (Remote),,325.0
2026-08-09T22:39:42.816,1786289982.816639,-0.007000000216066837,4.8,-11.5,321.6,1497,1767,1497,1497,1883,1497,180,180,MANUAL (Remote),,325.0
2026-08-09T22:39:43.316,1786289983.316678,-0.013000000268220901,5.2,-11.2,321.6,1497,1767,1497,1497,1883,1497,180,180,MANUAL (Remote),,325.0
2026-08-09T22:39:43.816,1786289983.816577,-0.012000000104308128,5.0,-11.0,322.2,1497,1767,1497,1497,1883,1497,180,180,MANUAL (Remote),,325.0
2026-08-09T22:39:44.317,1786289984.317386,-0.012000000104308128,5.5,-11.1,321.7,1497,1744,1497,1497,1872,1497,180,180,MANUAL (Remote),,308.0
2026-08-09T22:39:44.816,1786289984.816628,-0.008999999612569809,5.7,-11.1,321.8,1497,1744,1497,1497,1872,1497,180,180,MANUAL (Remote),,308.0
2026-08-09T22:39:45.316,1786289985.316614,-0.013000000268220901,5.4,-11.2,321.9,1497,1867,1497,1497,1900,1497,180,180,MANUAL (Remote),,383.5
2026-08-09T22:39:45.816,1786289985.81644,-0.008999999612569809,3.6,-10.7,321.9,1497,1878,1497,1497,1900,1497,180,180,MANUAL (Remote),,389.0
2026-08-09T22:39:46.316,1786289986.316631,-0.013000000268220901,3.9,-10.4,321.9,1497,1879,1497,1497,1900,1497,180,180,MANUAL (Remote),,389.5
2026-08-09T22:39:46.816,1786289986.816538,-0.013000000268220901,3.2,-11.8,321.3,1497,1259,1497,1497,1875,1497,180,180,MANUAL (Remote),,67.0
2026-08-09T22:39:47.316,1786289987.316558,-0.00800000037997961,3.8,-12.2,321.0,1497,1530,1497,1497,1646,1497,180,180,MANUAL (Remote),,88.0
2026-08-09T22:39:47.816,1786289987.816461,-0.013000000268220901,5.0,-11.7,321.2,1497,1899,1497,1497,1100,1497,180,180,MANUAL (Remote),,-0.5
2026-08-09T22:39:48.316,1786289988.316676,-0.010999999940395355,5.0,-11.5,321.3,1488,1499,1488,1488,1499,1488,180,180,MANUAL (Remote),,0.0
2026-08-09T22:39:48.816,1786289988.816493,-0.013000000268220901,5.1,-11.5,321.6,1471,1499,1471,1471,1499,1471,180,180,MANUAL (Remote),,0.0
2026-08-09T22:39:49.316,1786289989.316619,-0.012000000104308128,5.1,-11.5,322.2,1471,1509,1471,1471,1509,1471,180,180,MANUAL (Remote),,0.0
2026-08-09T22:39:49.816,1786289989.816588,-0.00800000037997961,5.2,-11.3,322.7,1471,1499,1471,1471,1499,1471,180,180,MANUAL (Remote),,0.0
2026-08-09T22:39:50.316,1786289990.316649,-0.008999999612569809,5.6,-11.6,322.5,1471,1499,1471,1471,1499,1471,180,180,MANUAL (Remote),,0.0
2026-08-09T22:39:50.816,1786289990.816641,-0.007000000216066837,5.3,-11.5,322.8,1485,1499,1485,1485,1499,1485,180,180,MANUAL (Remote),,0.0
2026-08-09T22:39:51.316,1786289991.316607,-0.009999999776482582,5.2,-11.0,322.7,1494,1499,1494,1494,1499,1494,180,180,MANUAL (Remote),,0.0
2026-08-09T22:39:51.816,1786289991.816599,-0.009999999776482582,5.3,-10.9,322.9,1496,1499,1496,1496,1499,1496,180,180,MANUAL (Remote),,0.0
2026-08-09T22:39:52.316,1786289992.316585,-0.013000000268220901,5.2,-10.8,323.0,1496,1459,1496,1496,1541,1496,180,180,MANUAL (Remote),,0.0
2026-08-09T22:39:52.816,1786289992.816561,-0.010999999940395355,5.2,-11.2,323.1,1496,1500,1496,1496,1500,1496,180,180,MANUAL (Remote),,0.0
2026-08-09T22:39:53.316,1786289993.316626,-0.013000000268220901,5.4,-11.4,323.0,1496,1524,1496,1496,1524,1496,180,180,MANUAL (Remote),,24.0
2026-08-09T22:39:53.816,1786289993.816441,-0.01600000075995922,5.5,-11.2,323.2,1496,1591,1496,1496,1591,1496,180,180,MANUAL (Remote),,91.0
2026-08-09T22:39:54.316,1786289994.316673,-0.009999999776482582,5.7,-11.5,323.1,1496,1591,1496,1496,1591,1496,180,180,MANUAL (Remote),,91.0
2026-08-09T22:39:54.816,1786289994.81666,-0.009999999776482582,5.5,-11.0,323.2,1496,1591,1496,1496,1591,1496,180,180,MANUAL (Remote),,91.0
2026-08-09T22:39:55.316,1786289995.316667,-0.010999999940395355,5.3,-11.3,323.0,1496,1595,1496,1496,1595,1496,180,180,MANUAL (Remote),,95.0
2026-08-09T22:39:55.816,1786289995.816513,-0.010999999940395355,5.4,-11.2,323.1,1496,1595,1496,1496,1595,1496,180,180,MANUAL (Remote),,95.0
2026-08-09T22:39:56.316,1786289996.316629,-0.00800000037997961,5.7,-11.5,323.0,1496,1595,1496,1496,1595,1496,180,180,MANUAL (Remote),,95.0
2026-08-09T22:39:56.816,1786289996.816574,-0.009999999776482582,5.5,-11.2,323.1,1496,1595,1496,1496,1595,1496,180,180,MANUAL (Remote),,95.0
2026-08-09T22:39:57.316,1786289997.3168,-0.009999999776482582,5.4,-11.5,323.2,1496,1595,1496,1496,1595,1496,180,180,MANUAL (Remote),,95.0
2026-08-09T22:39:57.816,1786289997.81646,-0.00800000037997961,5.6,-11.0,323.2,1496,1595,1496,1496,1595,1496,180,180,MANUAL (Remote),,95.0
2026-08-09T22:39:58.316,1786289998.316623,-0.00800000037997961,5.5,-11.3,323.1,1496,1672,1496,1496,1672,1496,180,180,MANUAL (Remote),,172.0
2026-08-09T22:39:58.816,1786289998.816665,-0.012000000104308128,4.8,-10.0,323.2,1496,1900,1496,1496,1900,1496,180,180,MANUAL (Remote),,400.0
2026-08-09T22:39:59.316,1786289999.316636,-0.006000000052154064,4.2,-11.2,323.2,1496,1584,1496,1496,1584,1496,180,180,MANUAL (Remote),,84.0
2026-08-09T22:39:59.816,1786289999.816532,-0.00800000037997961,4.6,-11.0,323.3,1496,1527,1496,1496,1527,1496,180,180,MANUAL (Remote),,27.0
2026-08-09T22:40:00.316,1786290000.3166,-0.008999999612569809,4.7,-11.2,323.2,1496,1462,1496,1496,1616,1496,180,180,MANUAL (Remote),,39.0
2026-08-09T22:40:00.816,1786290000.816521,-0.010999999940395355,4.9,-11.0,323.2,1496,1411,1496,1496,1671,1496,180,180,MANUAL (Remote),,41.0
2026-08-09T22:40:01.316,1786290001.316585,-0.00800000037997961,5.3,-10.9,323.4,1496,1446,1496,1496,1636,1496,180,180,MANUAL (Remote),,41.0
2026-08-09T22:40:01.816,1786290001.816565,-0.008999999612569809,5.2,-10.9,323.2,1496,1549,1496,1496,1547,1496,180,180,MANUAL (Remote),,48.0
2026-08-09T22:40:02.316,1786290002.316643,-0.013000000268220901,5.1,-11.7,323.2,1496,1589,1496,1496,1587,1496,180,180,MANUAL (Remote),,88.0
2026-08-09T22:40:02.817,1786290002.817326,-0.014999999664723873,4.5,-12.2,323.1,1496,1511,1496,1496,1509,1496,180,180,MANUAL (Remote),,0.0
2026-08-09T22:40:03.316,1786290003.316663,-0.00800000037997961,5.3,-11.2,323.1,1496,1504,1496,1496,1502,1496,180,180,MANUAL (Remote),,0.0
2026-08-09T22:40:03.816,1786290003.816518,-0.007000000216066837,5.2,-11.1,323.1,1496,1501,1496,1496,1499,1496,180,180,MANUAL (Remote),,0.0
2026-08-09T22:40:04.316,1786290004.316754,-0.013000000268220901,5.0,-11.5,323.0,1496,1502,1496,1496,1498,1496,180,180,MANUAL (Remote),,0.0
2026-08-09T22:40:04.816,1786290004.816515,-0.012000000104308128,5.0,-11.4,323.1,1496,1507,1496,1496,1493,1496,180,180,MANUAL (Remote),,0.0
2026-08-09T22:40:05.316,1786290005.316566,-0.014000000432133675,5.1,-11.6,322.9,1496,1499,1496,1496,1499,1496,180,180,MANUAL (Remote),,0.0
2026-08-09T22:40:05.816,1786290005.816532,-0.012000000104308128,5.1,-11.4,322.9,1496,1500,1496,1496,1500,1496,180,180,MANUAL (Remote),,0.0
2026-08-09T22:40:06.316,1786290006.316673,-0.012000000104308128,5.1,-11.4,323.0,1496,1495,1496,1496,1503,1496,180,180,MANUAL (Remote),,0.0
2026-08-09T22:40:06.816,1786290006.816611,-0.008999999612569809,5.0,-11.5,323.0,1496,1499,1496,1496,1499,1496,180,180,MANUAL (Remote),,0.0
2026-08-09T22:40:07.316,1786290007.316625,-0.00800000037997961,5.2,-11.3,322.2,1496,1499,1496,1496,1499,1496,180,180,MANUAL (Remote),,0.0
2026-08-09T22:40:07.816,1786290007.816578,-0.010999999940395355,5.2,-11.4,320.9,1496,1532,1496,1496,1532,1496,180,180,MANUAL (Remote),,32.0
2026-08-09T22:40:08.317,1786290008.317029,-0.00800000037997961,5.1,-11.3,320.0,1496,1595,1496,1496,1595,1496,180,180,MANUAL (Remote),,95.0
2026-08-09T22:40:08.816,1786290008.816597,-0.014999999664723873,5.1,-11.3,319.3,1496,1900,1496,1496,1101,1496,180,180,MANUAL (Remote),,0.5
2026-08-09T22:40:09.316,1786290009.316578,-0.014999999664723873,4.7,-10.7,318.8,1496,1499,1496,1496,1499,1496,180,180,MANUAL (Remote),,0.0
2026-08-09T22:40:09.816,1786290009.816609,-0.012000000104308128,5.0,-10.4,318.6,1496,1499,1496,1496,1499,1496,180,180,MANUAL (Remote),,0.0
2026-08-09T22:40:10.316,1786290010.316649,-0.004999999888241291,5.1,-11.3,318.3,1496,1546,1496,1496,1544,1496,180,180,MANUAL (Remote),,45.0
2026-08-09T22:40:10.816,1786290010.816699,-0.007000000216066837,5.1,-11.5,318.0,1496,1499,1496,1496,1499,1496,180,180,MANUAL (Remote),,0.0
2026-08-09T22:40:11.316,1786290011.316825,-0.014000000432133675,5.1,-11.3,318.1,1496,1545,1496,1496,1545,1496,180,180,MANUAL (Remote),,45.0
2026-08-09T22:40:11.816,1786290011.816571,-0.009999999776482582,4.9,-11.4,318.0,1496,1599,1496,1496,1599,1496,180,180,MANUAL (Remote),,99.0
2026-08-09T22:40:12.316,1786290012.316557,-0.009999999776482582,4.9,-11.5,318.1,1496,1584,1496,1496,1584,1496,180,180,MANUAL (Remote),,84.0
2026-08-09T22:40:12.816,1786290012.816447,-0.009999999776482582,4.9,-11.7,318.0,1496,1584,1496,1496,1584,1496,180,180,MANUAL (Remote),,84.0
2026-08-09T22:40:13.316,1786290013.316743,-0.013000000268220901,5.0,-11.9,318.0,1496,1499,1496,1496,1499,1496,180,180,MANUAL (Remote),,0.0
2026-08-09T22:40:13.816,1786290013.816649,-0.008999999612569809,5.1,-11.6,317.7,1496,1650,1496,1496,1650,1496,180,180,MANUAL (Remote),,150.0
2026-08-09T22:40:14.316,1786290014.316614,-0.013000000268220901,5.4,-11.5,317.9,1496,1650,1496,1496,1650,1496,180,180,MANUAL (Remote),,150.0
2026-08-09T22:40:14.816,1786290014.816498,-0.007000000216066837,5.2,-11.7,317.9,1496,1650,1496,1496,1650,1496,180,180,MANUAL (Remote),,150.0
2026-08-09T22:40:15.316,1786290015.316767,-0.007000000216066837,4.9,-11.4,318.3,1496,1650,1496,1496,1650,1496,180,180,MANUAL (Remote),,150.0
2026-08-09T22:40:15.816,1786290015.816653,-0.008999999612569809,4.8,-11.7,318.3,1496,1650,1496,1496,1650,1496,180,180,MANUAL (Remote),,150.0
2026-08-09T22:40:16.316,1786290016.316579,-0.013000000268220901,4.7,-11.5,318.2,1496,1650,1496,1496,1650,1496,180,180,MANUAL (Remote),,150.0
2026-08-09T22:40:16.816,1786290016.816573,-0.012000000104308128,5.0,-11.5,318.8,1496,1650,1496,1496,1650,1496,180,180,MANUAL (Remote),,150.0
2026-08-09T22:40:17.316,1786290017.316689,-0.010999999940395355,4.9,-11.7,320.6,1496,1650,1496,1496,1650,1496,180,180,MANUAL (Remote),,150.0
2026-08-09T22:40:17.816,1786290017.816518,-0.008999999612569809,5.2,-11.6,321.4,1496,1650,1496,1496,1650,1496,180,180,MANUAL (Remote),,150.0
2026-08-09T22:40:18.316,1786290018.316668,-0.012000000104308128,5.2,-11.6,322.2,1496,1650,1496,1496,1650,1496,180,180,MANUAL (Remote),,150.0
2026-08-09T22:40:18.816,1786290018.816524,-0.009999999776482582,5.2,-11.9,322.6,1496,1650,1496,1496,1650,1496,180,180,MANUAL (Remote),,150.0
2026-08-09T22:40:19.316,1786290019.316522,-0.008999999612569809,5.2,-11.5,322.9,1496,1650,1496,1496,1650,1496,180,180,MANUAL (Remote),,150.0
2026-08-09T22:40:19.816,1786290019.816489,-0.012000000104308128,6.0,-11.3,323.2,1496,1650,1496,1496,1650,1496,180,180,MANUAL (Remote),,150.0
2026-08-09T22:40:20.316,1786290020.316696,-0.007000000216066837,5.2,-10.9,323.5,1496,1650,1496,1496,1650,1496,180,180,MANUAL (Remote),,150.0
2026-08-09T22:40:20.816,1786290020.816503,-0.008999999612569809,5.2,-11.0,323.3,1496,1650,1496,1496,1650,1496,180,180,MANUAL (Remote),,150.0
2026-08-09T22:40:21.316,1786290021.316605,-0.012000000104308128,5.2,-11.1,323.2,1496,1650,1496,1496,1650,1496,180,180,MANUAL (Remote),,150.0
2026-08-09T22:40:21.816,1786290021.816668,-0.013000000268220901,5.1,-11.0,323.2,1496,1473,1496,1496,1613,1496,180,180,MANUAL (Remote),,43.0
2026-08-09T22:40:22.316,1786290022.316626,-0.013000000268220901,5.3,-11.2,323.0,1496,1438,1496,1496,1644,1496,180,180,MANUAL (Remote),,41.0
2026-08-09T22:40:22.816,1786290022.816612,-0.010999999940395355,5.2,-11.0,323.0,1496,1447,1496,1496,1653,1496,180,180,MANUAL (Remote),,50.0
2026-08-09T22:40:23.316,1786290023.316668,-0.007000000216066837,5.1,-11.4,323.0,1496,1879,1496,1496,1900,1496,180,180,MANUAL (Remote),,389.5
2026-08-09T22:40:23.816,1786290023.816732,-0.013000000268220901,4.9,-11.8,323.0,1496,1878,1496,1496,1900,1496,180,180,MANUAL (Remote),,389.0
2026-08-09T22:40:24.316,1786290024.316646,-0.008999999612569809,3.7,-11.3,322.9,1496,1881,1496,1496,1900,1496,180,180,MANUAL (Remote),,390.5
2026-08-09T22:40:24.816,1786290024.816662,-0.014000000432133675,3.7,-10.9,322.9,1496,1889,1496,1496,1900,1496,180,180,MANUAL (Remote),,394.5
2026-08-09T22:40:25.316,1786290025.316522,-0.010999999940395355,2.2,-9.9,322.6,1496,1894,1496,1496,1900,1496,180,180,MANUAL (Remote),,397.0
2026-08-09T22:40:25.816,1786290025.816559,-0.009999999776482582,1.3,-10.7,322.8,1496,1499,1496,1496,1499,1496,180,180,MANUAL (Remote),,0.0
2026-08-09T22:40:26.316,1786290026.316755,-0.013000000268220901,3.0,-11.2,322.4,1496,1499,1496,1496,1499,1496,180,180,MANUAL (Remote),,0.0
2026-08-09T22:40:26.816,1786290026.816475,-0.004999999888241291,3.8,-11.4,322.4,1496,1499,1496,1496,1499,1496,180,180,MANUAL (Remote),,0.0
2026-08-09T22:40:27.316,1786290027.316674,-0.007000000216066837,4.4,-11.3,322.4,1496,1499,1496,1496,1499,1496,180,180,MANUAL (Remote),,0.0
2026-08-09T22:40:27.816,1786290027.816571,-0.014000000432133675,4.6,-11.2,322.5,1496,1499,1496,1496,1499,1496,180,180,MANUAL (Remote),,0.0
2026-08-09T22:40:28.316,1786290028.316597,-0.009999999776482582,4.9,-11.3,322.5,1496,1499,1496,1496,1499,1496,180,180,MANUAL (Remote),,0.0
2026-08-09T22:40:28.816,1786290028.816563,-0.010999999940395355,5.0,-11.3,322.6,1496,1499,1496,1496,1499,1496,180,180,MANUAL (Remote),,0.0
2026-08-09T22:40:29.316,1786290029.316592,-0.013000000268220901,5.1,-11.3,322.6,1496,1499,1496,1496,1499,1496,180,180,MANUAL (Remote),,0.0
2026-08-09T22:40:29.816,1786290029.816536,-0.00800000037997961,5.2,-11.3,322.7,1496,1499,1496,1496,1499,1496,180,180,MANUAL (Remote),,0.0
2026-08-09T22:40:30.316,1786290030.316548,-0.008999999612569809,5.2,-11.3,322.7,1496,1499,1496,1496,1499,1496,180,180,MANUAL (Remote),,0.0
2026-08-09T22:40:30.816,1786290030.816413,-0.012000000104308128,5.1,-11.3,322.7,1496,1499,1496,1496,1499,1496,180,180,MANUAL (Remote),,0.0
2026-08-09T22:40:31.316,1786290031.31664,-0.00800000037997961,5.2,-11.2,322.7,1496,1499,1496,1496,1499,1496,180,180,MANUAL (Remote),,0.0
2026-08-09T22:40:31.816,1786290031.816493,-0.014000000432133675,5.2,-11.1,322.7,1496,1499,1496,1496,1499,1496,180,180,MANUAL (Remote),,0.0
2026-08-09T22:40:32.316,1786290032.316634,-0.00800000037997961,5.2,-11.1,322.7,1496,1499,1496,1496,1499,1496,180,180,MANUAL (Remote),,0.0
2026-08-09T22:40:32.816,1786290032.81651,-0.014000000432133675,5.2,-11.1,322.7,1496,1499,1496,1496,1499,1496,180,180,MANUAL (Remote),,0.0
2026-08-09T22:40:33.316,1786290033.31663,-0.008999999612569809,5.2,-11.1,322.8,1496,1499,1496,1496,1499,1496,180,180,MANUAL (Remote),,0.0
2026-08-09T22:40:33.816,1786290033.816584,-0.014999999664723873,5.3,-11.1,322.8,1496,1499,1496,1496,1499,1496,180,180,MANUAL (Remote),,0.0
2026-08-09T22:40:34.316,1786290034.316556,-0.013000000268220901,5.2,-10.9,322.8,1496,1499,1496,1496,1499,1496,180,180,MANUAL (Remote),,0.0
2026-08-09T22:40:34.816,1786290034.816571,-0.010999999940395355,5.2,-11.1,322.8,1496,1499,1496,1496,1499,1496,180,180,MANUAL (Remote),,0.0
2026-08-09T22:40:35.316,1786290035.316595,-0.009999999776482582,5.3,-11.1,322.8,1496,1499,1496,1496,1499,1496,180,180,MANUAL (Remote),,0.0
2026-08-09T22:40:35.816,1786290035.816495,-0.014999999664723873,5.2,-11.1,322.8,1496,1499,1496,1496,1499,1496,180,180,MANUAL (Remote),,0.0
2026-08-09T22:40:36.316,1786290036.316691,-0.009999999776482582,5.3,-11.3,322.8,1496,1499,1496,1496,1499,1496,180,180,MANUAL (Remote),,0.0
2026-08-09T22:40:36.816,1786290036.816555,-0.007000000216066837,4.9,-11.3,322.9,1496,1499,1496,1496,1499,1496,180,180,MANUAL (Remote),,0.0
2026-08-09T22:40:37.316,1786290037.316529,-0.014000000432133675,5.1,-11.2,322.8,1496,1499,1496,1496,1499,1496,180,180,MANUAL (Remote),,0.0
2026-08-09T22:40:37.816,1786290037.816601,-0.01600000075995922,5.1,-10.8,322.9,1496,1499,1496,1496,1499,1496,180,180,MANUAL (Remote),,0.0
2026-08-09T22:40:38.316,1786290038.31667,-0.006000000052154064,5.2,-11.2,322.8,1496,1499,1496,1496,1499,1496,180,180,MANUAL (Remote),,0.0
2026-08-09T22:40:38.816,1786290038.816552,-0.008999999612569809,5.1,-11.1,322.8,1496,1499,1496,1496,1499,1496,180,180,MANUAL (Remote),,0.0
2026-08-09T22:40:39.316,1786290039.316619,-0.009999999776482582,5.2,-11.0,322.8,1496,1499,1496,1496,1499,1496,180,180,MANUAL (Remote),,0.0
2026-08-09T22:40:39.816,1786290039.816487,-0.014000000432133675,5.5,-11.0,322.8,1496,1499,1496,1496,1499,1496,180,180,MANUAL (Remote),,0.0
2026-08-09T22:40:40.316,1786290040.316666,-0.010999999940395355,5.3,-11.0,322.8,1496,1499,1496,1496,1499,1496,180,180,MANUAL (Remote),,0.0
2026-08-09T22:40:40.816,1786290040.81645,-0.010999999940395355,5.5,-11.4,322.8,1496,1499,1496,1496,1499,1496,180,180,MANUAL (Remote),,0.0
2026-08-09T22:40:41.316,1786290041.316526,-0.010999999940395355,5.5,-10.8,322.9,1496,1499,1496,1496,1499,1496,180,180,MANUAL (Remote),,0.0
2026-08-09T22:40:41.816,1786290041.816656,-0.010999999940395355,5.5,-10.8,323.0,1496,1499,1496,1496,1499,1496,180,180,MANUAL (Remote),,0.0
2026-08-09T22:40:42.316,1786290042.316596,-0.009999999776482582,5.3,-10.8,322.9,1496,1499,1496,1496,1499,1496,180,180,MANUAL (Remote),,0.0
2026-08-09T22:40:42.816,1786290042.816592,-0.012000000104308128,5.3,-10.9,322.9,1496,1499,1496,1496,1499,1496,180,180,MANUAL (Remote),,0.0
2026-08-09T22:40:43.316,1786290043.316502,-0.010999999940395355,5.3,-11.0,322.9,1496,1499,1496,1496,1499,1496,180,180,MANUAL (Remote),,0.0
2026-08-09T22:40:43.816,1786290043.816652,-0.012000000104308128,5.5,-10.9,322.9,1496,1499,1496,1496,1499,1496,180,180,MANUAL (Remote),,0.0
2026-08-09T22:40:44.316,1786290044.316547,-0.010999999940395355,5.6,-10.5,323.0,1496,1499,1496,1496,1499,1496,180,180,MANUAL (Remote),,0.0
2026-08-09T22:40:44.816,1786290044.816565,-0.014000000432133675,5.5,-11.1,322.9,1496,1499,1496,1496,1499,1496,180,180,MANUAL (Remote),,0.0
2026-08-09T22:40:45.316,1786290045.316689,-0.010999999940395355,5.4,-10.9,322.9,1496,1499,1496,1496,1499,1496,180,180,MANUAL (Remote),,0.0
2026-08-09T22:40:45.817,1786290045.817469,-0.009999999776482582,5.4,-11.1,322.9,1496,1499,1496,1496,1499,1496,180,180,MANUAL (Remote),,0.0
2026-08-09T22:40:46.316,1786290046.316613,-0.013000000268220901,5.2,-11.0,322.9,1496,1499,1496,1496,1499,1496,180,180,MANUAL (Remote),,0.0
2026-08-09T22:40:46.816,1786290046.816492,-0.008999999612569809,5.2,-11.1,322.9,1496,1499,1496,1496,1499,1496,180,180,MANUAL (Remote),,0.0
2026-08-09T22:40:47.316,1786290047.316603,-0.010999999940395355,5.1,-11.1,322.9,1496,1499,1496,1496,1499,1496,180,180,MANUAL (Remote),,0.0
2026-08-09T22:40:47.816,1786290047.816546,-0.008999999612569809,5.4,-10.3,323.0,1496,1499,1496,1496,1499,1496,180,180,MANUAL (Remote),,0.0
2026-08-09T22:40:48.316,1786290048.316729,-0.012000000104308128,5.4,-11.0,322.9,1496,1499,1496,1496,1499,1496,180,180,MANUAL (Remote),,0.0
2026-08-09T22:40:48.816,1786290048.816702,-0.010999999940395355,5.2,-11.4,322.8,1496,1499,1496,1496,1499,1496,180,180,MANUAL (Remote),,0.0
2026-08-09T22:40:49.316,1786290049.316516,-0.014000000432133675,5.4,-10.8,322.9,1496,1499,1496,1496,1499,1496,180,180,MANUAL (Remote),,0.0
2026-08-09T22:40:49.816,1786290049.816564,-0.010999999940395355,5.4,-10.8,322.9,1496,1499,1496,1496,1499,1496,180,180,MANUAL (Remote),,0.0
2026-08-09T22:40:50.316,1786290050.316616,-0.008999999612569809,5.5,-10.8,322.8,1496,1499,1496,1496,1499,1496,180,180,MANUAL (Remote),,0.0
2026-08-09T22:40:50.816,1786290050.816549,-0.012000000104308128,5.6,-10.9,322.9,1496,1499,1496,1496,1499,1496,180,180,MANUAL (Remote),,0.0
2026-08-09T22:40:51.316,1786290051.316608,-0.012000000104308128,5.4,-11.0,322.9,1496,1499,1496,1496,1499,1496,180,180,MANUAL (Remote),,0.0
2026-08-09T22:40:51.816,1786290051.816594,-0.010999999940395355,5.4,-11.1,322.8,1496,1499,1496,1496,1499,1496,180,180,MANUAL (Remote),,0.0
2026-08-09T22:40:52.316,1786290052.31658,-0.010999999940395355,5.5,-11.0,322.8,1496,1499,1496,1496,1499,1496,180,180,MANUAL (Remote),,0.0
2026-08-09T22:40:52.816,1786290052.816566,-0.012000000104308128,5.6,-10.9,322.9,1496,1499,1496,1496,1499,1496,180,180,MANUAL (Remote),,0.0
2026-08-09T22:40:53.316,1786290053.316509,-0.012000000104308128,5.6,-10.9,322.9,1496,1499,1496,1496,1499,1496,180,180,MANUAL (Remote),,0.0
2026-08-09T22:40:53.816,1786290053.816639,-0.009999999776482582,5.5,-10.9,322.9,1496,1499,1496,1496,1499,1496,180,180,MANUAL (Remote),,0.0
2026-08-09T22:40:54.316,1786290054.31654,-0.010999999940395355,5.4,-10.9,323.0,1496,1499,1496,1496,1499,1496,180,180,MANUAL (Remote),,0.0
2026-08-09T22:40:54.816,1786290054.816813,-0.014000000432133675,5.2,-11.0,322.9,1496,1499,1496,1496,1499,1496,180,180,MANUAL (Remote),,0.0
2026-08-09T22:40:55.316,1786290055.316673,-0.013000000268220901,5.3,-11.0,322.9,1496,1499,1496,1496,1499,1496,180,180,MANUAL (Remote),,0.0
2026-08-09T22:40:55.816,1786290055.816554,-0.014000000432133675,5.4,-10.7,323.0,1496,1499,1496,1496,1499,1496,180,180,MANUAL (Remote),,0.0
2026-08-09T22:40:56.316,1786290056.316985,-0.017000000923871994,5.4,-10.7,323.0,1496,1499,1496,1496,1499,1496,180,180,MANUAL (Remote),,0.0
2026-08-09T22:40:56.816,1786290056.816558,-0.014000000432133675,5.4,-10.9,322.9,1496,1499,1496,1496,1499,1496,180,180,MANUAL (Remote),,0.0
2026-08-09T22:40:57.316,1786290057.316688,-0.00800000037997961,5.4,-10.9,322.9,1496,1499,1496,1496,1499,1496,180,180,MANUAL (Remote),,0.0
2026-08-09T22:40:57.816,1786290057.816468,-0.009999999776482582,5.4,-11.1,323.0,1496,1499,1496,1496,1499,1496,180,180,MANUAL (Remote),,0.0
2026-08-09T22:40:58.316,1786290058.316596,-0.014000000432133675,5.4,-10.8,323.0,1496,1499,1496,1496,1499,1496,180,180,MANUAL (Remote),,0.0
2026-08-09T22:40:58.816,1786290058.816536,-0.012000000104308128,5.4,-10.9,323.0,1496,1499,1496,1496,1499,1496,180,180,MANUAL (Remote),,0.0
2026-08-09T22:40:59.316,1786290059.316632,-0.012000000104308128,5.4,-10.8,323.0,1496,1499,1496,1496,1499,1496,180,180,MANUAL (Remote),,0.0
2026-08-09T22:40:59.816,1786290059.816507,-0.008999999612569809,5.4,-10.9,322.9,1496,1499,1496,1496,1499,1496,180,180,MANUAL (Remote),,0.0
2026-08-09T22:41:00.316,1786290060.31652,-0.014999999664723873,5.3,-10.9,322.9,1496,1499,1496,1496,1499,1496,180,180,MANUAL (Remote),,0.0
2026-08-09T22:41:00.816,1786290060.816616,-0.012000000104308128,5.4,-11.1,322.9,1496,1499,1496,1496,1499,1496,180,180,MANUAL (Remote),,0.0
2026-08-09T22:41:01.316,1786290061.316516,-0.010999999940395355,5.1,-11.1,322.9,1496,1499,1496,1496,1499,1496,180,180,MANUAL (Remote),,0.0
2026-08-09T22:41:01.816,1786290061.816585,-0.007000000216066837,5.3,-11.0,322.9,1496,1499,1496,1496,1499,1496,180,180,MANUAL (Remote),,0.0
2026-08-09T22:41:02.316,1786290062.316584,-0.010999999940395355,5.3,-10.8,323.0,1496,1499,1496,1496,1499,1496,180,180,MANUAL (Remote),,0.0
2026-08-09T22:41:02.816,1786290062.8166,-0.008999999612569809,5.3,-10.7,322.9,1496,1499,1496,1496,1499,1496,180,180,MANUAL (Remote),,0.0
2026-08-09T22:41:03.316,1786290063.316673,-0.00800000037997961,5.4,-10.9,323.0,1496,1499,1496,1496,1499,1496,180,180,MANUAL (Remote),,0.0
2026-08-09T22:41:03.816,1786290063.816548,-0.012000000104308128,5.3,-11.0,323.1,1496,1499,1496,1496,1499,1496,180,180,MANUAL (Remote),,0.0
2026-08-09T22:41:04.316,1786290064.31656,-0.010999999940395355,5.5,-10.9,323.0,1496,1499,1496,1496,1499,1496,180,180,MANUAL (Remote),,0.0
2026-08-09T22:41:04.816,1786290064.816529,-0.009999999776482582,5.5,-11.4,323.0,1496,1499,1496,1496,1499,1496,180,180,MANUAL (Remote),,0.0
2026-08-09T22:41:05.317,1786290065.317579,-0.013000000268220901,5.6,-11.1,323.0,1496,1499,1496,1496,1499,1496,180,180,MANUAL (Remote),,0.0
2026-08-09T22:41:05.816,1786290065.816529,-0.010999999940395355,5.6,-11.4,322.9,1496,1499,1496,1496,1499,1496,180,180,MANUAL (Remote),,0.0
2026-08-09T22:41:06.316,1786290066.316617,-0.01600000075995922,5.4,-11.4,323.0,1496,1499,1496,1496,1499,1496,180,180,MANUAL (Remote),,0.0
2026-08-09T22:41:06.816,1786290066.816742,-0.008999999612569809,5.4,-11.3,322.9,1496,1499,1496,1496,1499,1496,180,180,MANUAL (Remote),,0.0
2026-08-09T22:41:07.316,1786290067.316558,-0.010999999940395355,5.3,-11.2,322.9,1496,1499,1496,1496,1499,1496,180,180,MANUAL (Remote),,0.0
2026-08-09T22:41:07.816,1786290067.816662,-0.012000000104308128,5.4,-11.2,322.9,1496,1499,1496,1496,1499,1496,180,180,MANUAL (Remote),,0.0
2026-08-09T22:41:08.320,1786290068.320344,-0.009999999776482582,5.6,-11.0,323.0,1496,1499,1496,1496,1499,1496,180,180,MANUAL (Remote),,0.0
2026-08-09T22:41:08.816,1786290068.816447,-0.014000000432133675,5.6,-11.0,323.0,1496,1499,1496,1496,1499,1496,180,180,MANUAL (Remote),,0.0
2026-08-09T22:41:09.316,1786290069.316625,-0.010999999940395355,5.8,-10.9,323.0,1496,1499,1496,1496,1499,1496,180,180,MANUAL (Remote),,0.0
2026-08-09T22:41:09.816,1786290069.816601,-0.010999999940395355,5.5,-10.6,323.1,1496,1499,1496,1496,1499,1496,180,180,MANUAL (Remote),,0.0
2026-08-09T22:41:10.316,1786290070.316678,-0.012000000104308128,5.5,-10.9,323.0,1496,1499,1496,1496,1499,1496,180,180,MANUAL (Remote),,0.0
2026-08-09T22:41:10.816,1786290070.816527,-0.017000000923871994,5.5,-10.8,323.0,1496,1499,1496,1496,1499,1496,180,180,MANUAL (Remote),,0.0
2026-08-09T22:41:11.316,1786290071.316626,-0.01600000075995922,5.4,-11.3,323.1,1496,1499,1496,1496,1499,1496,180,180,MANUAL (Remote),,0.0
2026-08-09T22:41:11.816,1786290071.816524,-0.010999999940395355,5.4,-10.9,323.0,1496,1499,1496,1496,1499,1496,180,180,MANUAL (Remote),,0.0
2026-08-09T22:41:12.316,1786290072.316661,-0.010999999940395355,5.3,-10.9,323.0,1496,1499,1496,1496,1499,1496,180,180,MANUAL (Remote),,0.0
2026-08-09T22:41:12.816,1786290072.816509,-0.010999999940395355,5.3,-10.9,322.9,1496,1499,1496,1496,1499,1496,180,180,MANUAL (Remote),,0.0
2026-08-09T22:41:13.316,1786290073.31664,-0.014999999664723873,5.4,-10.8,323.0,1496,1499,1496,1496,1499,1496,180,180,MANUAL (Remote),,0.0
2026-08-09T22:41:13.816,1786290073.81651,-0.00800000037997961,5.4,-10.5,323.0,1496,1499,1496,1496,1499,1496,180,180,MANUAL (Remote),,0.0
2026-08-09T22:41:14.316,1786290074.316518,-0.012000000104308128,5.3,-10.6,323.0,1496,1499,1496,1496,1499,1496,180,180,MANUAL (Remote),,0.0
2026-08-09T22:41:14.816,1786290074.816598,-0.00800000037997961,5.3,-10.5,323.0,1496,1499,1496,1496,1499,1496,180,180,MANUAL (Remote),,0.0
2026-08-09T22:41:15.316,1786290075.316476,-0.010999999940395355,5.3,-10.7,323.0,1496,1499,1496,1496,1499,1496,180,180,MANUAL (Remote),,0.0
2026-08-09T22:41:15.816,1786290075.816546,-0.012000000104308128,5.2,-10.7,323.0,1496,1499,1496,1496,1499,1496,180,180,MANUAL (Remote),,0.0
2026-08-09T22:41:16.316,1786290076.316862,-0.008999999612569809,5.0,-10.6,323.0,1496,1499,1496,1496,1499,1496,180,180,MANUAL (Remote),,0.0
2026-08-09T22:41:16.816,1786290076.816528,-0.006000000052154064,4.9,-10.7,322.9,1496,1499,1496,1496,1499,1496,180,180,MANUAL (Remote),,0.0
2026-08-09T22:41:17.316,1786290077.316532,-0.010999999940395355,5.1,-10.7,322.9,1496,1499,1496,1496,1499,1496,180,180,MANUAL (Remote),,0.0
2026-08-09T22:41:17.816,1786290077.816571,-0.012000000104308128,5.3,-10.8,322.9,1496,1499,1496,1496,1499,1496,180,180,MANUAL (Remote),,0.0
2026-08-09T22:41:18.316,1786290078.316628,-0.014999999664723873,5.3,-10.8,322.8,1496,1499,1496,1496,1499,1496,180,180,MANUAL (Remote),,0.0
2026-08-09T22:41:18.816,1786290078.816495,-0.013000000268220901,5.2,-10.7,322.9,1496,1499,1496,1496,1499,1496,180,180,MANUAL (Remote),,0.0
2026-08-09T22:41:19.316,1786290079.316593,-0.012000000104308128,5.4,-10.6,322.9,1496,1499,1496,1496,1499,1496,180,180,MANUAL (Remote),,0.0
2026-08-09T22:41:19.816,1786290079.816594,-0.008999999612569809,5.2,-10.7,322.9,1496,1499,1496,1496,1499,1496,180,180,MANUAL (Remote),,0.0
2026-08-09T22:41:20.316,1786290080.316613,-0.007000000216066837,5.2,-10.7,322.9,1496,1499,1496,1496,1499,1496,180,180,MANUAL (Remote),,0.0
2026-08-09T22:41:20.816,1786290080.816675,-0.012000000104308128,5.4,-10.8,322.9,1496,1499,1496,1496,1499,1496,180,180,MANUAL (Remote),,0.0
2026-08-09T22:41:21.316,1786290081.316634,-0.009999999776482582,3.3,-11.2,322.4,1496,1499,1496,1496,1499,1496,180,180,MANUAL (Remote),,0.0
2026-08-09T22:41:21.816,1786290081.816756,-0.014000000432133675,1.8,-10.7,321.8,1496,1499,1496,1496,1499,1496,180,180,MANUAL (Remote),,0.0
2026-08-09T22:41:22.316,1786290082.316636,-0.013000000268220901,-5.3,-10.8,322.1,1496,1499,1496,1496,1499,1496,180,180,MANUAL (Remote),,0.0
2026-08-09T22:41:22.816,1786290082.816569,-0.014999999664723873,-12.1,-11.1,321.7,1496,1499,1496,1496,1499,1496,180,180,MANUAL (Remote),,0.0
2026-08-09T22:41:23.316,1786290083.316518,-0.008999999612569809,-12.5,-11.5,321.0,1496,1499,1496,1496,1499,1496,180,180,MANUAL (Remote),,0.0
2026-08-09T22:41:23.816,1786290083.816453,-0.007000000216066837,-17.7,-11.7,321.2,1496,1499,1496,1496,1499,1496,180,180,MANUAL (Remote),,0.0
2026-08-09T22:41:24.316,1786290084.316537,-0.013000000268220901,-19.0,-12.1,320.7,1496,1499,1496,1496,1499,1496,180,180,MANUAL (Remote),,0.0
2026-08-09T22:41:24.816,1786290084.816596,-0.012000000104308128,-20.5,-12.2,320.3,1496,1499,1496,1496,1499,1496,180,180,MANUAL (Remote),,0.0
2026-08-09T22:41:25.316,1786290085.31664,-0.009999999776482582,-21.1,-12.4,319.8,1496,1499,1496,1496,1499,1496,180,180,MANUAL (Remote),,0.0
2026-08-09T22:41:25.816,1786290085.816665,-0.010999999940395355,-21.3,-12.5,319.5,1496,1499,1496,1496,1499,1496,180,180,MANUAL (Remote),,0.0
2026-08-09T22:41:26.316,1786290086.316623,-0.014999999664723873,-21.8,-12.5,319.3,1496,1499,1496,1496,1499,1496,180,180,MANUAL (Remote),,0.0
2026-08-09T22:41:26.816,1786290086.816621,-0.012000000104308128,-20.8,-12.4,319.0,1496,1499,1496,1496,1499,1496,180,180,MANUAL (Remote),,0.0
2026-08-09T22:41:27.316,1786290087.316481,-0.013000000268220901,-21.1,-12.5,319.0,1496,1499,1496,1496,1499,1496,180,180,MANUAL (Remote),,0.0
2026-08-09T22:41:27.816,1786290087.816594,-0.014000000432133675,-21.1,-12.3,318.8,1496,1499,1496,1496,1499,1496,180,180,MANUAL (Remote),,0.0
2026-08-09T22:41:28.316,1786290088.316697,-0.017999999225139618,-14.7,-12.0,318.3,1496,1499,1496,1496,1499,1496,180,180,MANUAL (Remote),,0.0
2026-08-09T22:41:28.816,1786290088.816488,-0.010999999940395355,-2.6,-11.6,318.2,1496,1499,1496,1496,1499,1496,180,180,MANUAL (Remote),,0.0
2026-08-09T22:41:29.316,1786290089.316682,-0.007000000216066837,1.2,-11.4,319.3,1496,1499,1496,1496,1499,1496,180,180,MANUAL (Remote),,0.0
2026-08-09T22:41:29.816,1786290089.816539,-0.012000000104308128,1.8,-11.2,318.4,1496,1499,1496,1496,1499,1496,180,180,MANUAL (Remote),,0.0
2026-08-09T22:41:30.316,1786290090.316523,-0.010999999940395355,2.9,-11.2,317.7,1496,1499,1496,1496,1499,1496,180,180,MANUAL (Remote),,0.0
2026-08-09T22:41:30.816,1786290090.816512,-0.008999999612569809,4.0,-11.3,318.7,1496,1499,1496,1496,1499,1496,180,180,MANUAL (Remote),,0.0
2026-08-09T22:41:31.316,1786290091.316609,-0.012000000104308128,3.8,-11.4,320.1,1496,1499,1496,1496,1499,1496,180,180,MANUAL (Remote),,0.0
2026-08-09T22:41:31.816,1786290091.816911,-0.01600000075995922,4.7,-11.5,320.2,1496,1499,1496,1496,1499,1496,180,180,MANUAL (Remote),,0.0
2026-08-09T22:41:32.316,1786290092.316648,-0.014999999664723873,5.6,-18.1,318.7,1496,1499,1496,1496,1499,1496,180,180,MANUAL (Remote),,0.0
2026-08-09T22:41:32.816,1786290092.816442,-0.008999999612569809,4.0,-36.1,315.1,1496,1499,1496,1496,1499,1496,180,180,MANUAL (Remote),,0.0
2026-08-09T22:41:33.316,1786290093.316702,-0.013000000268220901,5.6,-45.2,315.2,1496,1499,1496,1496,1499,1496,180,180,MANUAL (Remote),,0.0
2026-08-09T22:41:33.816,1786290093.81675,-0.008999999612569809,3.1,-50.4,318.0,1496,1499,1496,1496,1499,1496,180,180,MANUAL (Remote),,0.0
2026-08-09T22:41:34.316,1786290094.316674,-0.012000000104308128,4.5,-44.1,319.0,1496,1499,1496,1496,1499,1496,180,180,MANUAL (Remote),,0.0
2026-08-09T22:41:34.816,1786290094.81645,-0.010999999940395355,2.8,-48.6,320.2,1496,1499,1496,1496,1499,1496,180,180,MANUAL (Remote),,0.0
2026-08-09T22:41:35.316,1786290095.316571,-0.014999999664723873,5.6,-30.3,321.2,1496,1499,1496,1496,1499,1496,180,180,MANUAL (Remote),,0.0
2026-08-09T22:41:35.816,1786290095.816517,-0.012000000104308128,6.9,-16.4,321.4,1496,1499,1496,1496,1499,1496,180,180,MANUAL (Remote),,0.0
2026-08-09T22:41:36.316,1786290096.316633,-0.013000000268220901,1.9,-45.5,319.8,1496,1499,1496,1496,1499,1496,180,180,MANUAL (Remote),,0.0
2026-08-09T22:41:36.816,1786290096.816785,-0.009999999776482582,2.0,-53.1,319.8,1496,1499,1496,1496,1499,1496,180,180,MANUAL (Remote),,0.0
2026-08-09T22:41:37.316,1786290097.316689,-0.014999999664723873,1.6,-55.2,320.3,1496,1499,1496,1496,1499,1496,180,180,MANUAL (Remote),,0.0
2026-08-09T22:41:37.816,1786290097.816662,-0.010999999940395355,0.8,-55.7,319.8,1496,1499,1496,1496,1499,1496,180,180,MANUAL (Remote),,0.0
2026-08-09T22:41:38.316,1786290098.316625,-0.013000000268220901,0.6,-56.2,320.6,1496,1499,1496,1496,1499,1496,180,180,MANUAL (Remote),,0.0
2026-08-09T22:41:38.816,1786290098.816561,-0.010999999940395355,0.8,-56.0,321.4,1496,1499,1496,1496,1499,1496,180,180,MANUAL (Remote),,0.0
2026-08-09T22:41:39.316,1786290099.316599,-0.00800000037997961,0.9,-54.5,321.6,1496,1499,1496,1496,1499,1496,180,180,MANUAL (Remote),,0.0
2026-08-09T22:41:39.816,1786290099.816719,-0.012000000104308128,0.9,-53.4,322.1,1496,1499,1496,1496,1499,1496,180,180,MANUAL (Remote),,0.0
2026-08-09T22:41:40.316,1786290100.316791,-0.017000000923871994,0.7,-54.2,322.3,1496,1499,1496,1496,1499,1496,180,180,MANUAL (Remote),,0.0
2026-08-09T22:41:40.816,1786290100.816527,-0.009999999776482582,0.3,-55.2,322.4,1496,1499,1496,1496,1499,1496,180,180,MANUAL (Remote),,0.0
2026-08-09T22:41:41.316,1786290101.316599,-0.009999999776482582,0.2,-53.1,323.1,1496,1499,1496,1496,1499,1496,180,180,MANUAL (Remote),,0.0
2026-08-09T22:41:41.816,1786290101.816536,-0.017000000923871994,6.1,-23.9,322.6,1496,1499,1496,1496,1499,1496,180,180,MANUAL (Remote),,0.0
2026-08-09T22:41:42.316,1786290102.316642,-0.007000000216066837,9.4,4.1,326.2,1496,1499,1496,1496,1499,1496,180,180,MANUAL (Remote),,0.0
2026-08-09T22:41:42.816,1786290102.816509,-0.014000000432133675,4.9,22.2,328.1,1496,1499,1496,1496,1499,1496,180,180,MANUAL (Remote),,0.0
2026-08-09T22:41:43.316,1786290103.316564,-0.01600000075995922,1.5,29.3,329.5,1496,1499,1496,1496,1499,1496,180,180,MANUAL (Remote),,0.0
2026-08-09T22:41:43.816,1786290103.816495,-0.013000000268220901,-0.1,36.7,331.4,1496,1499,1496,1496,1499,1496,180,180,MANUAL (Remote),,0.0
2026-08-09T22:41:44.317,1786290104.317407,-0.012000000104308128,-0.2,35.9,332.3,1496,1499,1496,1496,1499,1496,180,180,MANUAL (Remote),,0.0
2026-08-09T22:41:44.816,1786290104.816592,-0.010999999940395355,-0.5,34.1,333.5,1496,1499,1496,1496,1499,1496,180,180,MANUAL (Remote),,0.0
2026-08-09T22:41:45.316,1786290105.316525,-0.008999999612569809,-2.1,34.4,334.3,1496,1499,1496,1496,1499,1496,180,180,MANUAL (Remote),,0.0
2026-08-09T22:41:45.816,1786290105.816501,-0.013000000268220901,-2.5,34.7,335.3,1496,1499,1496,1496,1499,1496,180,180,MANUAL (Remote),,0.0
2026-08-09T22:41:46.316,1786290106.316567,-0.012000000104308128,1.9,33.7,334.8,1496,1499,1496,1496,1499,1496,180,180,MANUAL (Remote),,0.0
2026-08-09T22:41:46.816,1786290106.816479,-0.012000000104308128,2.3,33.5,335.1,1496,1499,1496,1496,1499,1496,180,180,MANUAL (Remote),,0.0
2026-08-09T22:41:47.316,1786290107.316549,-0.014999999664723873,2.2,32.0,335.4,1496,1499,1496,1496,1499,1496,180,180,MANUAL (Remote),,0.0
2026-08-09T22:41:47.816,1786290107.816619,-0.010999999940395355,3.5,15.1,332.8,1496,1499,1496,1496,1499,1496,180,180,MANUAL (Remote),,0.0
2026-08-09T22:41:48.316,1786290108.316587,-0.010999999940395355,3.9,0.8,327.5,1496,1499,1496,1496,1499,1496,180,180,MANUAL (Remote),,0.0
2026-08-09T22:41:48.816,1786290108.816531,-0.013000000268220901,4.2,-5.6,324.1,1496,1499,1496,1496,1499,1496,180,180,MANUAL (Remote),,0.0
2026-08-09T22:41:49.316,1786290109.316715,-0.00800000037997961,5.3,-9.7,322.8,1496,1499,1496,1496,1499,1496,180,180,MANUAL (Remote),,0.0
2026-08-09T22:41:49.816,1786290109.816606,-0.019999999552965164,5.0,-9.6,320.3,1496,1499,1496,1496,1499,1496,180,180,MANUAL (Remote),,0.0
2026-08-09T22:41:50.316,1786290110.316664,-0.012000000104308128,7.0,-12.4,321.0,1496,1499,1496,1496,1499,1496,180,180,MANUAL (Remote),,0.0
2026-08-09T22:41:50.816,1786290110.816499,-0.014999999664723873,6.5,-11.8,320.8,1496,1499,1496,1496,1499,1496,180,180,MANUAL (Remote),,0.0
2026-08-09T22:41:51.316,1786290111.316623,-0.010999999940395355,4.3,-9.4,320.5,1496,1499,1496,1496,1499,1496,180,180,MANUAL (Remote),,0.0
2026-08-09T22:41:51.816,1786290111.816613,-0.012000000104308128,4.4,-9.8,320.5,1496,1499,1496,1496,1499,1496,180,180,MANUAL (Remote),,0.0
2026-08-09T22:41:52.316,1786290112.316749,-0.013000000268220901,4.2,-11.8,320.7,1496,1499,1496,1496,1499,1496,180,180,MANUAL (Remote),,0.0
2026-08-09T22:41:52.816,1786290112.816557,-0.010999999940395355,4.5,-11.3,320.4,1496,1499,1496,1496,1499,1496,180,180,MANUAL (Remote),,0.0
2026-08-09T22:41:53.316,1786290113.316635,-0.009999999776482582,4.6,-11.2,320.3,1496,1499,1496,1496,1499,1496,180,180,MANUAL (Remote),,0.0
2026-08-09T22:41:53.816,1786290113.816639,-0.00800000037997961,4.6,-11.3,320.3,1496,1499,1496,1496,1499,1496,180,180,MANUAL (Remote),,0.0
2026-08-09T22:41:54.316,1786290114.316603,-0.009999999776482582,4.7,-11.1,320.3,1496,1499,1496,1496,1499,1496,180,180,MANUAL (Remote),,0.0
2026-08-09T22:41:54.816,1786290114.816602,-0.012000000104308128,4.7,-11.2,320.2,1496,1499,1496,1496,1499,1496,180,180,MANUAL (Remote),,0.0
2026-08-09T22:41:55.316,1786290115.316627,-0.00800000037997961,4.8,-11.3,320.4,1496,1499,1496,1496,1499,1496,180,180,MANUAL (Remote),,0.0
2026-08-09T22:41:55.816,1786290115.816635,-0.013000000268220901,4.8,-11.2,320.4,1496,1499,1496,1496,1499,1496,180,180,MANUAL (Remote),,0.0
2026-08-09T22:41:56.316,1786290116.31665,-0.014999999664723873,4.7,-11.2,320.4,1496,1499,1496,1496,1499,1496,180,180,MANUAL (Remote),,0.0
2026-08-09T22:41:56.816,1786290116.816646,-0.012000000104308128,4.8,-11.3,320.3,1496,1499,1496,1496,1499,1496,180,180,MANUAL (Remote),,0.0
2026-08-09T22:41:57.316,1786290117.316629,-0.008999999612569809,4.8,-11.1,320.3,1496,1499,1496,1496,1499,1496,180,180,MANUAL (Remote),,0.0
2026-08-09T22:41:57.816,1786290117.816843,-0.013000000268220901,4.7,-11.1,320.3,1496,1499,1496,1496,1499,1496,180,180,MANUAL (Remote),,0.0
2026-08-09T22:41:58.316,1786290118.316656,-0.013000000268220901,4.7,-11.3,320.4,1496,1499,1496,1496,1499,1496,180,180,MANUAL (Remote),,0.0
2026-08-09T22:41:58.816,1786290118.816533,-0.007000000216066837,4.8,-11.3,320.3,1496,1499,1496,1496,1499,1496,180,180,MANUAL (Remote),,0.0
2026-08-09T22:41:59.316,1786290119.316609,-0.014999999664723873,4.9,-11.3,320.3,1496,1499,1496,1496,1499,1496,180,180,MANUAL (Remote),,0.0
2026-08-09T22:41:59.816,1786290119.816611,-0.009999999776482582,4.8,-11.3,320.3,1496,1499,1496,1496,1499,1496,180,180,MANUAL (Remote),,0.0
2026-08-09T22:42:00.317,1786290120.317421,-0.014000000432133675,4.8,-11.2,320.4,1496,1499,1496,1496,1499,1496,180,180,MANUAL (Remote),,0.0
2026-08-09T22:42:00.816,1786290120.816588,-0.008999999612569809,4.8,-11.1,320.4,1496,1499,1496,1496,1499,1496,180,180,MANUAL (Remote),,0.0
2026-08-09T22:42:01.316,1786290121.316643,-0.009999999776482582,4.8,-11.1,320.4,1496,1499,1496,1496,1499,1496,180,180,MANUAL (Remote),,0.0
2026-08-09T22:42:01.816,1786290121.816597,-0.012000000104308128,4.8,-11.2,320.3,1496,1499,1496,1496,1499,1496,180,180,MANUAL (Remote),,0.0
2026-08-09T22:42:02.316,1786290122.316537,-0.013000000268220901,4.6,-11.2,320.4,1496,1499,1496,1496,1499,1496,180,180,MANUAL (Remote),,0.0
2026-08-09T22:42:02.816,1786290122.816653,-0.012000000104308128,4.7,-11.1,320.3,1496,1499,1496,1496,1499,1496,180,180,MANUAL (Remote),,0.0
2026-08-09T22:42:03.316,1786290123.31659,-0.009999999776482582,4.7,-11.2,320.4,1496,1499,1496,1496,1499,1496,180,180,MANUAL (Remote),,0.0
2026-08-09T22:42:03.816,1786290123.816466,-0.009999999776482582,4.7,-11.3,320.4,1496,1499,1496,1496,1499,1496,180,180,MANUAL (Remote),,0.0
2026-08-09T22:42:04.316,1786290124.316566,-0.014999999664723873,4.7,-11.3,320.3,1496,1499,1496,1496,1499,1496,180,180,MANUAL (Remote),,0.0
2026-08-09T22:42:04.816,1786290124.816567,-0.010999999940395355,4.9,-11.3,320.3,1496,1499,1496,1496,1499,1496,180,180,MANUAL (Remote),,0.0
2026-08-09T22:42:05.316,1786290125.316597,-0.00800000037997961,4.8,-11.2,320.3,1496,1499,1496,1496,1499,1496,180,180,MANUAL (Remote),,0.0
2026-08-09T22:42:05.816,1786290125.816525,-0.008999999612569809,4.7,-11.1,320.3,1496,1499,1496,1496,1499,1496,180,180,MANUAL (Remote),,0.0
2026-08-09T22:42:06.316,1786290126.316801,-0.013000000268220901,4.6,-11.5,320.3,1496,1499,1496,1496,1499,1496,180,180,MANUAL (Remote),,0.0
2026-08-09T22:42:06.816,1786290126.816719,-0.009999999776482582,4.8,-11.2,320.3,1496,1499,1496,1496,1499,1496,180,180,MANUAL (Remote),,0.0
2026-08-09T22:42:07.316,1786290127.316724,-0.013000000268220901,4.8,-11.2,320.3,1496,1499,1496,1496,1499,1496,180,180,MANUAL (Remote),,0.0
2026-08-09T22:42:07.816,1786290127.816486,-0.01600000075995922,4.8,-11.2,320.3,1496,1499,1496,1496,1499,1496,180,180,MANUAL (Remote),,0.0
2026-08-09T22:42:08.316,1786290128.316596,-0.014000000432133675,4.9,-11.4,320.2,1496,1499,1496,1496,1499,1496,180,180,MANUAL (Remote),,0.0
2026-08-09T22:42:08.816,1786290128.816529,-0.014999999664723873,4.9,-11.3,320.3,1496,1499,1496,1496,1499,1496,180,180,MANUAL (Remote),,0.0
2026-08-09T22:42:09.316,1786290129.316659,-0.010999999940395355,4.9,-11.2,320.2,1496,1499,1496,1496,1499,1496,180,180,MANUAL (Remote),,0.0
2026-08-09T22:42:09.816,1786290129.816543,-0.013000000268220901,4.8,-11.3,320.4,1496,1499,1496,1496,1499,1496,180,180,MANUAL (Remote),,0.0
2026-08-09T22:42:10.316,1786290130.316618,-0.013000000268220901,4.8,-11.3,320.4,1496,1499,1496,1496,1499,1496,180,180,MANUAL (Remote),,0.0
2026-08-09T22:42:10.816,1786290130.816566,-0.010999999940395355,4.7,-11.1,320.3,1496,1499,1496,1496,1499,1496,180,180,MANUAL (Remote),,0.0
2026-08-09T22:42:11.316,1786290131.316631,-0.008999999612569809,4.9,-11.1,320.3,1496,1499,1496,1496,1499,1496,180,180,MANUAL (Remote),,0.0
2026-08-09T22:42:11.816,1786290131.816486,-0.010999999940395355,4.8,-11.1,320.3,1496,1499,1496,1496,1499,1496,180,180,MANUAL (Remote),,0.0
2026-08-09T22:42:12.316,1786290132.316586,-0.008999999612569809,4.8,-11.1,320.3,1496,1499,1496,1496,1499,1496,180,180,MANUAL (Remote),,0.0
2026-08-09T22:42:12.816,1786290132.816576,-0.00800000037997961,4.7,-11.1,320.4,1496,1499,1496,1496,1499,1496,180,180,MANUAL (Remote),,0.0
2026-08-09T22:42:13.316,1786290133.316599,-0.013000000268220901,4.7,-11.3,320.3,1496,1499,1496,1496,1499,1496,180,180,MANUAL (Remote),,0.0
2026-08-09T22:42:13.816,1786290133.816604,-0.012000000104308128,4.8,-11.3,320.3,1496,1499,1496,1496,1499,1496,180,180,MANUAL (Remote),,0.0
2026-08-09T22:42:14.316,1786290134.316589,-0.014999999664723873,4.8,-11.2,320.4,1496,1499,1496,1496,1499,1496,180,180,MANUAL (Remote),,0.0
2026-08-09T22:42:14.816,1786290134.816521,-0.013000000268220901,4.7,-11.2,320.3,1496,1499,1496,1496,1499,1496,180,180,MANUAL (Remote),,0.0
2026-08-09T22:42:15.316,1786290135.316595,-0.012000000104308128,4.5,-11.2,320.3,1496,1499,1496,1496,1499,1496,180,180,MANUAL (Remote),,0.0
2026-08-09T22:42:15.816,1786290135.816561,-0.008999999612569809,4.5,-11.2,320.2,1496,1499,1496,1496,1499,1496,180,180,MANUAL (Remote),,0.0
2026-08-09T22:42:16.316,1786290136.316555,-0.013000000268220901,4.6,-11.2,320.3,1496,1499,1496,1496,1499,1496,180,180,MANUAL (Remote),,0.0
2026-08-09T22:42:16.816,1786290136.81656,-0.013000000268220901,4.6,-11.3,320.2,1496,1499,1496,1496,1499,1496,180,180,MANUAL (Remote),,0.0
2026-08-09T22:42:17.316,1786290137.316528,-0.009999999776482582,4.6,-11.2,320.2,1496,1499,1496,1496,1499,1496,180,180,MANUAL (Remote),,0.0
2026-08-09T22:42:17.816,1786290137.81662,-0.012000000104308128,4.7,-11.2,320.2,1496,1499,1496,1496,1499,1496,180,180,MANUAL (Remote),,0.0
2026-08-09T22:42:18.316,1786290138.316632,-0.014999999664723873,4.7,-11.1,320.2,1496,1499,1496,1496,1499,1496,180,180,MANUAL (Remote),,0.0
2026-08-09T22:42:18.816,1786290138.816521,-0.009999999776482582,4.9,-11.1,320.2,1496,1499,1496,1496,1499,1496,180,180,MANUAL (Remote),,0.0
2026-08-09T22:42:19.316,1786290139.316679,-0.010999999940395355,4.8,-11.1,320.2,1496,1499,1496,1496,1499,1496,180,180,MANUAL (Remote),,0.0
2026-08-09T22:42:19.816,1786290139.816489,-0.008999999612569809,4.7,-11.1,320.3,1496,1499,1496,1496,1499,1496,180,180,MANUAL (Remote),,0.0
2026-08-09T22:42:20.316,1786290140.316586,-0.014000000432133675,4.8,-11.1,320.3,1496,1499,1496,1496,1499,1496,180,180,MANUAL (Remote),,0.0
2026-08-09T22:42:20.816,1786290140.816627,-0.013000000268220901,4.8,-11.1,320.3,1496,1499,1496,1496,1499,1496,180,180,MANUAL (Remote),,0.0
2026-08-09T22:42:21.316,1786290141.316674,-0.010999999940395355,4.7,-11.2,320.4,1496,1499,1496,1496,1499,1496,180,180,MANUAL (Remote),,0.0
2026-08-09T22:42:21.816,1786290141.816555,-0.010999999940395355,4.7,-11.1,320.3,1496,1499,1496,1496,1499,1496,180,180,MANUAL (Remote),,0.0
2026-08-09T22:42:22.316,1786290142.316977,-0.012000000104308128,4.7,-11.1,320.3,1496,1499,1496,1496,1499,1496,180,180,MANUAL (Remote),,0.0
2026-08-09T22:42:22.816,1786290142.816545,-0.010999999940395355,4.8,-11.2,320.3,1496,1499,1496,1496,1499,1496,180,180,MANUAL (Remote),,0.0
2026-08-09T22:42:23.316,1786290143.316493,-0.012000000104308128,4.9,-11.0,320.4,1496,1499,1496,1496,1499,1496,180,180,MANUAL (Remote),,0.0
2026-08-09T22:42:23.816,1786290143.8167,-0.014999999664723873,4.8,-11.2,320.4,1496,1499,1496,1496,1499,1496,180,180,MANUAL (Remote),,0.0
2026-08-09T22:42:24.316,1786290144.316501,-0.008999999612569809,4.7,-11.1,320.3,1496,1499,1496,1496,1499,1496,180,180,MANUAL (Remote),,0.0
2026-08-09T22:42:24.816,1786290144.816538,-0.009999999776482582,4.8,-10.9,320.2,1496,1499,1496,1496,1499,1496,180,180,MANUAL (Remote),,0.0
2026-08-09T22:42:25.316,1786290145.316566,-0.01600000075995922,4.8,-10.8,320.3,1496,1499,1496,1496,1499,1496,180,180,MANUAL (Remote),,0.0
2026-08-09T22:42:25.816,1786290145.81658,-0.012000000104308128,4.8,-11.0,320.2,1496,1499,1496,1496,1499,1496,180,180,MANUAL (Remote),,0.0
2026-08-09T22:42:26.316,1786290146.316542,-0.009999999776482582,4.8,-11.0,320.2,1496,1499,1496,1496,1499,1496,180,180,MANUAL (Remote),,0.0
2026-08-09T22:42:26.816,1786290146.81656,-0.017999999225139618,4.8,-11.1,320.2,1496,1499,1496,1496,1499,1496,180,180,MANUAL (Remote),,0.0
2026-08-09T22:42:27.316,1786290147.316758,-0.007000000216066837,4.8,-11.1,320.3,1496,1499,1496,1496,1499,1496,180,180,MANUAL (Remote),,0.0
2026-08-09T22:42:27.816,1786290147.816642,-0.010999999940395355,4.8,-11.1,320.3,1496,1499,1496,1496,1499,1496,180,180,MANUAL (Remote),,0.0
2026-08-09T22:42:28.316,1786290148.316598,-0.012000000104308128,4.7,-11.2,320.4,1496,1499,1496,1496,1499,1496,180,180,MANUAL (Remote),,0.0
2026-08-09T22:42:28.816,1786290148.816441,-0.008999999612569809,4.7,-11.1,320.3,1496,1499,1496,1496,1499,1496,180,180,MANUAL (Remote),,0.0
2026-08-09T22:42:29.316,1786290149.316558,-0.009999999776482582,4.8,-11.2,320.3,1496,1499,1496,1496,1499,1496,180,180,MANUAL (Remote),,0.0
2026-08-09T22:42:29.816,1786290149.816799,-0.010999999940395355,4.7,-11.1,320.3,1496,1499,1496,1496,1499,1496,180,180,MANUAL (Remote),,0.0
2026-08-09T22:42:30.316,1786290150.316672,-0.014999999664723873,4.7,-11.2,320.3,1496,1499,1496,1496,1499,1496,180,180,MANUAL (Remote),,0.0
2026-08-09T22:42:30.816,1786290150.8166,-0.009999999776482582,4.7,-11.0,320.3,1496,1499,1496,1496,1499,1496,180,180,MANUAL (Remote),,0.0
2026-08-09T22:42:31.316,1786290151.316709,-0.014999999664723873,4.8,-11.2,320.3,1496,1499,1496,1496,1499,1496,180,180,MANUAL (Remote),,0.0
2026-08-09T22:42:31.816,1786290151.816572,-0.014000000432133675,4.7,-11.1,320.3,1496,1499,1496,1496,1499,1496,180,180,MANUAL (Remote),,0.0
2026-08-09T22:42:32.316,1786290152.316618,-0.010999999940395355,4.7,-11.1,320.4,1496,1499,1496,1496,1499,1496,180,180,MANUAL (Remote),,0.0
2026-08-09T22:42:32.816,1786290152.816631,-0.012000000104308128,4.8,-11.0,320.4,1496,1499,1496,1496,1499,1496,180,180,MANUAL (Remote),,0.0
2026-08-09T22:42:33.316,1786290153.31693,-0.010999999940395355,4.8,-11.1,320.3,1496,1499,1496,1496,1499,1496,180,180,MANUAL (Remote),,0.0
2026-08-09T22:42:33.816,1786290153.816581,-0.014999999664723873,4.8,-11.1,320.4,1496,1499,1496,1496,1499,1496,180,180,MANUAL (Remote),,0.0
2026-08-09T22:42:34.316,1786290154.316524,-0.017000000923871994,4.8,-11.1,320.4,1496,1499,1496,1496,1499,1496,180,180,MANUAL (Remote),,0.0
2026-08-09T22:42:34.816,1786290154.816585,-0.014999999664723873,4.8,-11.1,320.4,1496,1499,1496,1496,1499,1496,180,180,MANUAL (Remote),,0.0
2026-08-09T22:42:35.316,1786290155.316645,-0.013000000268220901,4.8,-11.1,320.4,1496,1499,1496,1496,1499,1496,180,180,MANUAL (Remote),,0.0
2026-08-09T22:42:35.816,1786290155.816549,-0.009999999776482582,4.8,-11.1,320.3,1496,1499,1496,1496,1499,1496,180,180,MANUAL (Remote),,0.0
2026-08-09T22:42:36.316,1786290156.316561,-0.012000000104308128,4.7,-11.1,320.3,1496,1499,1496,1496,1499,1496,180,180,MANUAL (Remote),,0.0
2026-08-09T22:42:36.816,1786290156.816477,-0.008999999612569809,4.8,-11.1,320.3,1496,1499,1496,1496,1499,1496,180,180,MANUAL (Remote),,0.0
2026-08-09T22:42:37.316,1786290157.316603,-0.010999999940395355,4.8,-11.2,320.3,1496,1499,1496,1496,1499,1496,180,180,MANUAL (Remote),,0.0
2026-08-09T22:42:37.816,1786290157.816582,-0.012000000104308128,4.8,-11.4,320.3,1496,1499,1496,1496,1499,1496,180,180,MANUAL (Remote),,0.0
2026-08-09T22:42:38.316,1786290158.316512,-0.009999999776482582,4.8,-11.2,320.4,1496,1499,1496,1496,1499,1496,180,180,MANUAL (Remote),,0.0
2026-08-09T22:42:38.816,1786290158.816585,-0.013000000268220901,4.7,-11.2,320.4,1496,1499,1496,1496,1499,1496,180,180,MANUAL (Remote),,0.0
2026-08-09T22:42:39.316,1786290159.316627,-0.012000000104308128,4.7,-10.8,320.4,1496,1499,1496,1496,1499,1496,180,180,MANUAL (Remote),,0.0
2026-08-09T22:42:39.816,1786290159.816649,-0.009999999776482582,4.7,-11.2,320.3,1496,1499,1496,1496,1499,1496,180,180,MANUAL (Remote),,0.0
2026-08-09T22:42:40.316,1786290160.316618,-0.010999999940395355,4.8,-11.1,320.3,1496,1499,1496,1496,1499,1496,180,180,MANUAL (Remote),,0.0
2026-08-09T22:42:40.816,1786290160.816594,-0.012000000104308128,4.8,-11.2,320.3,1496,1499,1496,1496,1499,1496,180,180,MANUAL (Remote),,0.0
2026-08-09T22:42:41.316,1786290161.316611,-0.007000000216066837,4.7,-11.2,320.3,1496,1499,1496,1496,1499,1496,180,180,MANUAL (Remote),,0.0
2026-08-09T22:42:41.816,1786290161.816649,-0.013000000268220901,4.7,-11.2,320.3,1496,1499,1496,1496,1499,1496,180,180,MANUAL (Remote),,0.0
2026-08-09T22:42:42.316,1786290162.31666,-0.010999999940395355,4.7,-11.1,320.3,1496,1499,1496,1496,1499,1496,180,180,MANUAL (Remote),,0.0
2026-08-09T22:42:42.816,1786290162.816778,-0.014999999664723873,4.8,-11.0,320.3,1496,1499,1496,1496,1499,1496,180,180,MANUAL (Remote),,0.0
2026-08-09T22:42:43.316,1786290163.316737,-0.012000000104308128,4.7,-11.1,320.3,1496,1499,1496,1496,1499,1496,180,180,MANUAL (Remote),,0.0
2026-08-09T22:42:43.816,1786290163.816644,-0.012000000104308128,4.8,-11.0,320.3,1496,1499,1496,1496,1499,1496,180,180,MANUAL (Remote),,0.0
2026-08-09T22:42:44.316,1786290164.316554,-0.014000000432133675,4.7,-11.2,320.3,1496,1499,1496,1496,1499,1496,180,180,MANUAL (Remote),,0.0
2026-08-09T22:42:44.816,1786290164.816513,-0.01899999938905239,4.7,-11.2,320.3,1496,1499,1496,1496,1499,1496,180,180,MANUAL (Remote),,0.0
2026-08-09T22:42:45.316,1786290165.31659,-0.014000000432133675,4.8,-11.0,320.3,1496,1499,1496,1496,1499,1496,180,180,MANUAL (Remote),,0.0
2026-08-09T22:42:45.816,1786290165.816563,-0.017999999225139618,4.9,-11.0,320.3,1496,1499,1496,1496,1499,1496,180,180,MANUAL (Remote),,0.0
2026-08-09T22:42:46.316,1786290166.316608,-0.008999999612569809,4.8,-11.0,320.4,1496,1499,1496,1496,1499,1496,180,180,MANUAL (Remote),,0.0
2026-08-09T22:42:46.816,1786290166.816571,-0.008999999612569809,4.8,-10.9,320.4,1496,1499,1496,1496,1499,1496,180,180,MANUAL (Remote),,0.0
2026-08-09T22:42:47.316,1786290167.316554,-0.013000000268220901,4.8,-11.2,320.4,1496,1499,1496,1496,1499,1496,180,180,MANUAL (Remote),,0.0
2026-08-09T22:42:47.816,1786290167.816564,-0.009999999776482582,4.8,-10.9,320.4,1496,1499,1496,1496,1499,1496,180,180,MANUAL (Remote),,0.0
2026-08-09T22:42:48.317,1786290168.317211,-0.009999999776482582,4.7,-11.0,320.4,1496,1499,1496,1496,1499,1496,180,180,MANUAL (Remote),,0.0
2026-08-09T22:42:48.816,1786290168.816474,-0.009999999776482582,4.9,-10.9,320.4,1496,1499,1496,1496,1499,1496,180,180,MANUAL (Remote),,0.0
2026-08-09T22:42:49.316,1786290169.316501,-0.013000000268220901,4.8,-10.9,320.4,1496,1499,1496,1496,1499,1496,180,180,MANUAL (Remote),,0.0
2026-08-09T22:42:49.816,1786290169.816788,-0.012000000104308128,4.7,-11.1,320.3,1496,1499,1496,1496,1499,1496,180,180,MANUAL (Remote),,0.0
2026-08-09T22:42:50.316,1786290170.316601,-0.012000000104308128,4.7,-11.1,320.3,1496,1499,1496,1496,1499,1496,180,180,MANUAL (Remote),,0.0
2026-08-09T22:42:50.816,1786290170.816673,-0.012000000104308128,4.7,-11.0,320.3,1496,1499,1496,1496,1499,1496,180,180,MANUAL (Remote),,0.0
2026-08-09T22:42:51.316,1786290171.316532,-0.012000000104308128,4.7,-10.9,320.4,1496,1499,1496,1496,1499,1496,180,180,MANUAL (Remote),,0.0
2026-08-09T22:42:51.816,1786290171.816547,-0.012000000104308128,4.8,-11.0,320.3,1496,1499,1496,1496,1499,1496,180,180,MANUAL (Remote),,0.0
2026-08-09T22:42:52.316,1786290172.316595,-0.014999999664723873,4.8,-11.0,320.3,1496,1499,1496,1496,1499,1496,180,180,MANUAL (Remote),,0.0
2026-08-09T22:42:52.816,1786290172.816562,-0.009999999776482582,4.8,-11.1,320.3,1496,1499,1496,1496,1499,1496,180,180,MANUAL (Remote),,0.0
2026-08-09T22:42:53.316,1786290173.316626,-0.010999999940395355,4.8,-11.2,320.3,1496,1499,1496,1496,1499,1496,180,180,MANUAL (Remote),,0.0
2026-08-09T22:42:53.816,1786290173.816568,-0.01600000075995922,4.7,-11.0,320.4,1496,1499,1496,1496,1499,1496,180,180,MANUAL (Remote),,0.0
2026-08-09T22:42:54.316,1786290174.316575,-0.010999999940395355,4.7,-10.9,320.3,1496,1499,1496,1496,1499,1496,180,180,MANUAL (Remote),,0.0
2026-08-09T22:42:54.816,1786290174.816569,-0.008999999612569809,4.7,-10.9,320.4,1496,1499,1496,1496,1499,1496,180,180,MANUAL (Remote),,0.0
2026-08-09T22:42:55.316,1786290175.316637,-0.012000000104308128,4.8,-10.9,320.4,1496,1499,1496,1496,1499,1496,180,180,MANUAL (Remote),,0.0
2026-08-09T22:42:55.816,1786290175.816519,-0.01600000075995922,4.8,-11.0,320.3,1496,1499,1496,1496,1499,1496,180,180,MANUAL (Remote),,0.0
2026-08-09T22:42:56.316,1786290176.316662,-0.014999999664723873,4.9,-11.0,320.3,1496,1499,1496,1496,1499,1496,180,180,MANUAL (Remote),,0.0
2026-08-09T22:42:56.816,1786290176.816632,-0.014999999664723873,5.0,-11.0,320.4,1496,1499,1496,1496,1499,1496,180,180,MANUAL (Remote),,0.0
2026-08-09T22:42:57.316,1786290177.316672,-0.013000000268220901,4.9,-11.0,320.5,1496,1499,1496,1496,1499,1496,180,180,MANUAL (Remote),,0.0
2026-08-09T22:42:57.816,1786290177.816731,-0.013000000268220901,4.8,-10.9,320.9,1496,1499,1496,1496,1499,1496,180,180,MANUAL (Remote),,0.0
2026-08-09T22:42:58.316,1786290178.316595,-0.009999999776482582,4.7,-10.8,320.8,1496,1499,1496,1496,1499,1496,180,180,MANUAL (Remote),,0.0
2026-08-09T22:42:58.816,1786290178.816555,-0.013000000268220901,4.7,-11.2,320.7,1496,1499,1496,1496,1499,1496,180,180,MANUAL (Remote),,0.0
2026-08-09T22:42:59.316,1786290179.316655,-0.014000000432133675,4.6,-11.2,320.7,1496,1499,1496,1496,1499,1496,180,180,MANUAL (Remote),,0.0
2026-08-09T22:42:59.816,1786290179.816662,-0.014000000432133675,4.6,-11.0,320.7,1496,1499,1496,1496,1499,1496,180,180,MANUAL (Remote),,0.0
2026-08-09T22:43:00.316,1786290180.316553,-0.01600000075995922,4.7,-11.0,320.6,1496,1499,1496,1496,1499,1496,180,180,MANUAL (Remote),,0.0
2026-08-09T22:43:00.816,1786290180.816619,-0.013000000268220901,4.7,-10.9,320.5,1496,1499,1496,1496,1499,1496,180,180,MANUAL (Remote),,0.0
2026-08-09T22:43:01.316,1786290181.316609,-0.014000000432133675,4.7,-11.1,320.4,1496,1499,1496,1496,1499,1496,180,180,MANUAL (Remote),,0.0
2026-08-09T22:43:01.816,1786290181.81671,-0.017000000923871994,4.7,-11.2,320.5,1496,1499,1496,1496,1499,1496,180,180,MANUAL (Remote),,0.0
2026-08-09T22:43:02.316,1786290182.316521,-0.013000000268220901,4.6,-10.9,320.6,1496,1499,1496,1496,1499,1496,180,180,MANUAL (Remote),,0.0
2026-08-09T22:43:02.816,1786290182.816649,-0.012000000104308128,4.8,-11.2,320.5,1496,1499,1496,1496,1499,1496,180,180,MANUAL (Remote),,0.0
2026-08-09T22:43:03.316,1786290183.31659,-0.014000000432133675,4.8,-11.3,321.4,1496,1499,1496,1496,1499,1496,180,180,MANUAL (Remote),,0.0
2026-08-09T22:43:03.816,1786290183.816548,-0.009999999776482582,4.7,-11.1,321.2,1496,1499,1496,1496,1499,1496,180,180,MANUAL (Remote),,0.0
2026-08-09T22:43:04.316,1786290184.316601,-0.014999999664723873,4.8,-11.3,321.0,1496,1499,1496,1496,1499,1496,180,180,MANUAL (Remote),,0.0
2026-08-09T22:43:04.816,1786290184.816484,-0.01899999938905239,4.9,-11.2,322.5,1496,1499,1496,1496,1499,1496,180,180,MANUAL (Remote),,0.0
2026-08-09T22:43:05.316,1786290185.31651,-0.01600000075995922,5.0,-11.0,321.6,1496,1499,1496,1496,1499,1496,180,180,MANUAL (Remote),,0.0
2026-08-09T22:43:05.816,1786290185.816599,-0.010999999940395355,5.3,-11.3,321.5,1496,1499,1496,1496,1499,1496,180,180,MANUAL (Remote),,0.0
2026-08-09T22:43:06.316,1786290186.31646,-0.013000000268220901,4.8,-10.9,320.9,1496,1499,1496,1496,1499,1496,180,180,MANUAL (Remote),,0.0
2026-08-09T22:43:06.816,1786290186.816608,-0.009999999776482582,4.6,-10.7,320.7,1496,1499,1496,1496,1499,1496,180,180,MANUAL (Remote),,0.0
2026-08-09T22:43:07.316,1786290187.316504,-0.010999999940395355,4.7,-11.1,320.8,1496,1499,1496,1496,1499,1496,180,180,MANUAL (Remote),,0.0
2026-08-09T22:43:07.816,1786290187.816621,-0.014999999664723873,4.8,-11.1,320.7,1496,1499,1496,1496,1499,1496,180,180,MANUAL (Remote),,0.0
2026-08-09T22:43:08.316,1786290188.316552,-0.017000000923871994,4.9,-11.0,320.8,1496,1499,1496,1496,1499,1496,180,180,MANUAL (Remote),,0.0
2026-08-09T22:43:08.816,1786290188.816522,-0.014999999664723873,4.8,-11.1,320.4,1496,1499,1496,1496,1499,1496,180,180,MANUAL (Remote),,0.0
2026-08-09T22:43:09.316,1786290189.31656,-0.012000000104308128,4.8,-11.0,319.7,1496,1499,1496,1496,1499,1496,180,180,MANUAL (Remote),,0.0
2026-08-09T22:43:09.816,1786290189.816519,-0.017000000923871994,4.7,-11.1,320.0,1496,1499,1496,1496,1499,1496,180,180,MANUAL (Remote),,0.0
2026-08-09T22:43:10.316,1786290190.316555,-0.01899999938905239,4.7,-11.4,320.0,1496,1499,1496,1496,1499,1496,180,180,MANUAL (Remote),,0.0
2026-08-09T22:43:10.816,1786290190.816537,-0.012000000104308128,4.8,-11.5,320.0,1496,1499,1496,1496,1499,1496,180,180,MANUAL (Remote),,0.0
2026-08-09T22:43:11.316,1786290191.316477,-0.010999999940395355,5.0,-10.5,320.0,1496,1499,1496,1496,1499,1496,180,180,MANUAL (Remote),,0.0
2026-08-09T22:43:11.816,1786290191.816578,-0.013000000268220901,4.8,-11.2,320.0,1496,1499,1496,1496,1499,1496,180,180,MANUAL (Remote),,0.0
2026-08-09T22:43:12.316,1786290192.31653,-0.012000000104308128,4.8,-11.1,320.1,1496,1499,1496,1496,1499,1496,180,180,MANUAL (Remote),,0.0
2026-08-09T22:43:12.816,1786290192.81658,-0.012000000104308128,4.7,-11.0,320.1,1496,1499,1496,1496,1499,1496,180,180,MANUAL (Remote),,0.0
2026-08-09T22:43:13.316,1786290193.316553,-0.012000000104308128,4.8,-11.1,320.1,1496,1499,1496,1496,1499,1496,180,180,MANUAL (Remote),,0.0
2026-08-09T22:43:13.816,1786290193.81653,-0.00800000037997961,4.6,-11.2,320.2,1496,1499,1496,1496,1499,1496,180,180,MANUAL (Remote),,0.0
2026-08-09T22:43:14.316,1786290194.316605,-0.013000000268220901,4.8,-11.2,320.1,1496,1499,1496,1496,1499,1496,180,180,MANUAL (Remote),,0.0
2026-08-09T22:43:14.816,1786290194.816553,-0.00800000037997961,4.7,-11.1,320.2,1496,1499,1496,1496,1499,1496,180,180,MANUAL (Remote),,0.0
2026-08-09T22:43:15.316,1786290195.316664,-0.014999999664723873,4.8,-11.2,320.3,1496,1499,1496,1496,1499,1496,180,180,MANUAL (Remote),,0.0
2026-08-09T22:43:15.816,1786290195.816563,-0.014999999664723873,4.8,-11.2,320.2,1496,1499,1496,1496,1499,1496,180,180,MANUAL (Remote),,0.0
2026-08-09T22:43:16.316,1786290196.316761,-0.014000000432133675,4.9,-11.3,320.1,1496,1499,1496,1496,1499,1496,180,180,MANUAL (Remote),,0.0
2026-08-09T22:43:16.816,1786290196.816587,-0.013000000268220901,4.8,-11.1,320.0,1496,1499,1496,1496,1499,1496,180,180,MANUAL (Remote),,0.0
2026-08-09T22:43:17.316,1786290197.316606,-0.008999999612569809,4.8,-11.1,320.1,1496,1499,1496,1496,1499,1496,180,180,MANUAL (Remote),,0.0
2026-08-09T22:43:17.816,1786290197.816562,-0.014999999664723873,4.8,-11.1,320.2,1496,1499,1496,1496,1499,1496,180,180,MANUAL (Remote),,0.0
2026-08-09T22:43:18.316,1786290198.316725,-0.014000000432133675,4.7,-11.2,320.2,1496,1499,1496,1496,1499,1496,180,180,MANUAL (Remote),,0.0
2026-08-09T22:43:18.816,1786290198.81668,-0.01600000075995922,4.7,-11.0,320.2,1496,1499,1496,1496,1499,1496,180,180,MANUAL (Remote),,0.0
2026-08-09T22:43:19.316,1786290199.316555,-0.012000000104308128,4.8,-11.0,320.2,1496,1499,1496,1496,1499,1496,180,180,MANUAL (Remote),,0.0
2026-08-09T22:43:19.816,1786290199.816595,-0.013000000268220901,4.7,-10.9,320.2,1496,1499,1496,1496,1499,1496,180,180,MANUAL (Remote),,0.0
2026-08-09T22:43:20.316,1786290200.316522,-0.013000000268220901,4.7,-11.2,320.2,1496,1499,1496,1496,1499,1496,180,180,MANUAL (Remote),,0.0
2026-08-09T22:43:20.816,1786290200.816928,-0.010999999940395355,4.7,-11.1,320.2,1496,1499,1496,1496,1499,1496,180,180,MANUAL (Remote),,0.0
2026-08-09T22:43:21.316,1786290201.316645,-0.014000000432133675,4.8,-11.3,320.2,1496,1499,1496,1496,1499,1496,180,180,MANUAL (Remote),,0.0
2026-08-09T22:43:21.816,1786290201.81646,-0.01899999938905239,4.8,-11.2,320.2,1496,1499,1496,1496,1499,1496,180,180,MANUAL (Remote),,0.0
2026-08-09T22:43:22.316,1786290202.316619,-0.014000000432133675,4.8,-11.2,320.2,1496,1499,1496,1496,1499,1496,180,180,MANUAL (Remote),,0.0
2026-08-09T22:43:22.816,1786290202.816638,-0.01600000075995922,4.7,-11.1,320.2,1496,1499,1496,1496,1499,1496,180,180,MANUAL (Remote),,0.0
2026-08-09T22:43:23.316,1786290203.316744,-0.014999999664723873,4.7,-11.2,320.3,1496,1499,1496,1496,1499,1496,180,180,MANUAL (Remote),,0.0
2026-08-09T22:43:23.816,1786290203.816642,-0.012000000104308128,4.7,-11.0,320.3,1496,1499,1496,1496,1499,1496,180,180,MANUAL (Remote),,0.0
2026-08-09T22:43:24.316,1786290204.316559,-0.013000000268220901,4.7,-11.0,320.4,1496,1499,1496,1496,1499,1496,180,180,MANUAL (Remote),,0.0
2026-08-09T22:43:24.816,1786290204.816578,-0.013000000268220901,4.8,-10.9,320.3,1496,1499,1496,1496,1499,1496,180,180,MANUAL (Remote),,0.0
2026-08-09T22:43:25.316,1786290205.316611,-0.017999999225139618,4.8,-11.1,320.3,1496,1499,1496,1496,1499,1496,180,180,MANUAL (Remote),,0.0
2026-08-09T22:43:25.816,1786290205.816663,-0.013000000268220901,4.8,-11.0,320.3,1496,1499,1496,1496,1499,1496,180,180,MANUAL (Remote),,0.0
2026-08-09T22:43:26.316,1786290206.316576,-0.01600000075995922,4.7,-11.0,320.3,1496,1499,1496,1496,1499,1496,180,180,MANUAL (Remote),,0.0
2026-08-09T22:43:26.816,1786290206.81655,-0.017000000923871994,4.8,-10.9,320.3,1496,1499,1496,1496,1499,1496,180,180,MANUAL (Remote),,0.0
2026-08-09T22:43:27.316,1786290207.31676,-0.013000000268220901,4.9,-10.9,320.2,1496,1499,1496,1496,1499,1496,180,180,MANUAL (Remote),,0.0
2026-08-09T22:43:27.816,1786290207.816522,-0.014999999664723873,4.9,-11.0,320.1,1496,1499,1496,1496,1499,1496,180,180,MANUAL (Remote),,0.0
2026-08-09T22:43:28.316,1786290208.316624,-0.01600000075995922,4.9,-11.0,320.1,1496,1499,1496,1496,1499,1496,180,180,MANUAL (Remote),,0.0
2026-08-09T22:43:28.816,1786290208.816578,-0.014999999664723873,4.9,-11.1,320.2,1496,1499,1496,1496,1499,1496,180,180,MANUAL (Remote),,0.0
2026-08-09T22:43:29.316,1786290209.316914,-0.01600000075995922,4.8,-10.9,320.2,1496,1499,1496,1496,1499,1496,180,180,MANUAL (Remote),,0.0
2026-08-09T22:43:29.816,1786290209.816584,-0.01600000075995922,4.9,-11.1,320.2,1496,1499,1496,1496,1499,1496,180,180,MANUAL (Remote),,0.0
2026-08-09T22:43:30.316,1786290210.316604,-0.009999999776482582,4.9,-11.1,320.2,1496,1499,1496,1496,1499,1496,180,180,MANUAL (Remote),,0.0
2026-08-09T22:43:30.816,1786290210.816606,-0.01600000075995922,4.8,-11.1,320.2,1496,1499,1496,1496,1499,1496,180,180,MANUAL (Remote),,0.0
2026-08-09T22:43:31.316,1786290211.316594,-0.014999999664723873,4.8,-11.1,320.3,1496,1499,1496,1496,1499,1496,180,180,MANUAL (Remote),,0.0
2026-08-09T22:43:31.816,1786290211.816569,-0.013000000268220901,4.6,-11.2,320.3,1496,1499,1496,1496,1499,1496,180,180,MANUAL (Remote),,0.0
2026-08-09T22:43:32.316,1786290212.316515,-0.017999999225139618,4.7,-11.2,320.3,1496,1499,1496,1496,1499,1496,180,180,MANUAL (Remote),,0.0
2026-08-09T22:43:32.816,1786290212.816773,-0.009999999776482582,4.7,-11.2,320.3,1496,1499,1496,1496,1499,1496,180,180,MANUAL (Remote),,0.0
2026-08-09T22:43:33.316,1786290213.316512,-0.013000000268220901,4.7,-11.1,320.4,1496,1499,1496,1496,1499,1496,180,180,MANUAL (Remote),,0.0
2026-08-09T22:43:33.816,1786290213.816619,-0.012000000104308128,4.7,-11.1,320.3,1496,1499,1496,1496,1499,1496,180,180,MANUAL (Remote),,0.0
2026-08-09T22:43:34.316,1786290214.316586,-0.010999999940395355,4.7,-11.1,320.3,1496,1499,1496,1496,1499,1496,180,180,MANUAL (Remote),,0.0
2026-08-09T22:43:34.816,1786290214.816597,-0.014999999664723873,4.8,-11.2,320.3,1496,1499,1496,1496,1499,1496,180,180,MANUAL (Remote),,0.0
2026-08-09T22:43:35.316,1786290215.316626,-0.01600000075995922,4.7,-11.1,320.3,1496,1499,1496,1496,1499,1496,180,180,MANUAL (Remote),,0.0
2026-08-09T22:43:35.816,1786290215.816584,-0.014999999664723873,4.7,-11.0,320.3,1496,1499,1496,1496,1499,1496,180,180,MANUAL (Remote),,0.0
2026-08-09T22:43:36.316,1786290216.316491,-0.017000000923871994,4.7,-11.0,320.3,1496,1499,1496,1496,1499,1496,180,180,MANUAL (Remote),,0.0
2026-08-09T22:43:36.816,1786290216.816497,-0.009999999776482582,4.7,-10.9,320.2,1496,1499,1496,1496,1499,1496,180,180,MANUAL (Remote),,0.0
2026-08-09T22:43:37.316,1786290217.316561,-0.014999999664723873,4.8,-11.0,320.2,1496,1499,1496,1496,1499,1496,180,180,MANUAL (Remote),,0.0
2026-08-09T22:43:37.816,1786290217.816671,-0.014999999664723873,4.8,-11.1,320.2,1496,1499,1496,1496,1499,1496,180,180,MANUAL (Remote),,0.0
2026-08-09T22:43:38.316,1786290218.316668,-0.014000000432133675,4.7,-11.3,320.3,1496,1499,1496,1496,1499,1496,180,180,MANUAL (Remote),,0.0
2026-08-09T22:43:38.816,1786290218.816663,-0.019999999552965164,4.8,-11.1,320.3,1496,1499,1496,1496,1499,1496,180,180,MANUAL (Remote),,0.0
2026-08-09T22:43:39.316,1786290219.316589,-0.014999999664723873,4.7,-11.1,320.3,1496,1499,1496,1496,1499,1496,180,180,MANUAL (Remote),,0.0
2026-08-09T22:43:39.816,1786290219.816682,-0.014000000432133675,4.8,-11.1,320.3,1496,1499,1496,1496,1499,1496,180,180,MANUAL (Remote),,0.0
2026-08-09T22:43:40.316,1786290220.31649,-0.01600000075995922,4.9,-11.1,320.3,1496,1499,1496,1496,1499,1496,180,180,MANUAL (Remote),,0.0
2026-08-09T22:43:40.816,1786290220.816632,-0.014000000432133675,4.8,-11.1,320.3,1496,1499,1496,1496,1499,1496,180,180,MANUAL (Remote),,0.0
2026-08-09T22:43:41.316,1786290221.316585,-0.017999999225139618,4.7,-11.1,320.3,1496,1499,1496,1496,1499,1496,180,180,MANUAL (Remote),,0.0
2026-08-09T22:43:41.816,1786290221.816627,-0.01600000075995922,4.8,-11.2,320.2,1496,1499,1496,1496,1499,1496,180,180,MANUAL (Remote),,0.0
2026-08-09T22:43:42.316,1786290222.316555,-0.017000000923871994,4.8,-11.0,320.2,1496,1499,1496,1496,1499,1496,180,180,MANUAL (Remote),,0.0
2026-08-09T22:43:42.816,1786290222.81656,-0.014999999664723873,4.7,-11.1,320.2,1496,1499,1496,1496,1499,1496,180,180,MANUAL (Remote),,0.0
2026-08-09T22:43:43.316,1786290223.316626,-0.014999999664723873,4.7,-11.2,320.1,1496,1499,1496,1496,1499,1496,180,180,MANUAL (Remote),,0.0
2026-08-09T22:43:43.816,1786290223.816437,-0.01600000075995922,4.7,-11.1,320.2,1496,1499,1496,1496,1499,1496,180,180,MANUAL (Remote),,0.0
2026-08-09T22:43:44.316,1786290224.316606,-0.01600000075995922,4.7,-11.2,320.2,1496,1499,1496,1496,1499,1496,180,180,MANUAL (Remote),,0.0
2026-08-09T22:43:44.816,1786290224.816567,-0.014000000432133675,4.7,-11.1,320.1,1496,1499,1496,1496,1499,1496,180,180,MANUAL (Remote),,0.0
2026-08-09T22:43:45.316,1786290225.3166,-0.014000000432133675,4.8,-11.1,320.2,1496,1499,1496,1496,1499,1496,180,180,MANUAL (Remote),,0.0
2026-08-09T22:43:45.816,1786290225.816686,-0.017999999225139618,4.8,-11.2,320.1,1496,1499,1496,1496,1499,1496,180,180,MANUAL (Remote),,0.0
2026-08-09T22:43:46.317,1786290226.317053,-0.012000000104308128,4.8,-11.1,320.2,1496,1499,1496,1496,1499,1496,180,180,MANUAL (Remote),,0.0
2026-08-09T22:43:46.816,1786290226.816519,-0.014000000432133675,4.8,-11.0,320.2,1496,1499,1496,1496,1499,1496,180,180,MANUAL (Remote),,0.0
2026-08-09T22:43:47.316,1786290227.316463,-0.017999999225139618,4.9,-11.0,320.2,1496,1499,1496,1496,1499,1496,180,180,MANUAL (Remote),,0.0
2026-08-09T22:43:47.816,1786290227.816492,-0.013000000268220901,4.9,-11.0,320.3,1496,1499,1496,1496,1499,1496,180,180,MANUAL (Remote),,0.0
2026-08-09T22:43:48.316,1786290228.316651,-0.012000000104308128,4.8,-11.1,320.2,1496,1499,1496,1496,1499,1496,180,180,MANUAL (Remote),,0.0
2026-08-09T22:43:48.816,1786290228.81658,-0.013000000268220901,4.7,-11.1,320.3,1496,1499,1496,1496,1499,1496,180,180,MANUAL (Remote),,0.0
2026-08-09T22:43:49.316,1786290229.316532,-0.017000000923871994,4.8,-10.9,320.3,1496,1499,1496,1496,1499,1496,180,180,MANUAL (Remote),,0.0
2026-08-09T22:43:49.816,1786290229.816671,-0.01899999938905239,4.9,-11.0,320.3,1496,1499,1496,1496,1499,1496,180,180,MANUAL (Remote),,0.0
2026-08-09T22:43:50.316,1786290230.316543,-0.014000000432133675,4.9,-11.1,320.3,1496,1499,1496,1496,1499,1496,180,180,MANUAL (Remote),,0.0
2026-08-09T22:43:50.816,1786290230.816575,-0.014999999664723873,4.8,-11.0,320.3,1496,1499,1496,1496,1499,1496,180,180,MANUAL (Remote),,0.0
2026-08-09T22:43:51.316,1786290231.316584,-0.014000000432133675,4.8,-11.1,320.3,1496,1499,1496,1496,1499,1496,180,180,MANUAL (Remote),,0.0
2026-08-09T22:43:51.816,1786290231.816614,-0.01600000075995922,4.8,-11.0,320.3,1496,1499,1496,1496,1499,1496,180,180,MANUAL (Remote),,0.0
2026-08-09T22:43:52.316,1786290232.316683,-0.017000000923871994,4.8,-10.9,320.3,1496,1499,1496,1496,1499,1496,180,180,MANUAL (Remote),,0.0
2026-08-09T22:43:52.816,1786290232.81662,-0.00800000037997961,4.8,-11.1,320.2,1496,1499,1496,1496,1499,1496,180,180,MANUAL (Remote),,0.0
2026-08-09T22:43:53.316,1786290233.316559,-0.014999999664723873,4.7,-11.2,320.3,1496,1499,1496,1496,1499,1496,180,180,MANUAL (Remote),,0.0
2026-08-09T22:43:53.816,1786290233.816597,-0.014999999664723873,4.8,-11.1,320.2,1496,1499,1496,1496,1499,1496,180,180,MANUAL (Remote),,0.0
2026-08-09T22:43:54.316,1786290234.316709,-0.017000000923871994,4.7,-11.1,320.3,1496,1499,1496,1496,1499,1496,180,180,MANUAL (Remote),,0.0
2026-08-09T22:43:54.816,1786290234.816612,-0.01600000075995922,4.7,-11.1,320.3,1496,1499,1496,1496,1499,1496,180,180,MANUAL (Remote),,0.0
2026-08-09T22:43:55.316,1786290235.316597,-0.014999999664723873,4.7,-11.1,320.3,1496,1499,1496,1496,1499,1496,180,180,MANUAL (Remote),,0.0
2026-08-09T22:43:55.816,1786290235.816568,-0.012000000104308128,4.7,-11.2,320.3,1496,1499,1496,1496,1499,1496,180,180,MANUAL (Remote),,0.0
2026-08-09T22:43:56.316,1786290236.316625,-0.019999999552965164,4.9,-11.2,320.3,1496,1499,1496,1496,1499,1496,180,180,MANUAL (Remote),,0.0
2026-08-09T22:43:56.816,1786290236.816514,-0.01600000075995922,4.8,-11.0,320.3,1496,1499,1496,1496,1499,1496,180,180,MANUAL (Remote),,0.0
2026-08-09T22:43:57.316,1786290237.31657,-0.017999999225139618,4.8,-10.8,320.2,1496,1499,1496,1496,1499,1496,180,180,MANUAL (Remote),,0.0
2026-08-09T22:43:57.816,1786290237.816583,-0.014999999664723873,4.8,-10.9,320.2,1496,1499,1496,1496,1499,1496,180,180,MANUAL (Remote),,0.0
2026-08-09T22:43:58.316,1786290238.316808,-0.013000000268220901,4.6,-11.0,320.2,1496,1499,1496,1496,1499,1496,180,180,MANUAL (Remote),,0.0
2026-08-09T22:43:58.816,1786290238.816653,-0.010999999940395355,4.7,-11.1,320.2,1496,1499,1496,1496,1499,1496,180,180,MANUAL (Remote),,0.0
2026-08-09T22:43:59.316,1786290239.316651,-0.014000000432133675,4.7,-11.0,320.2,1496,1499,1496,1496,1499,1496,180,180,MANUAL (Remote),,0.0
2026-08-09T22:43:59.816,1786290239.816579,-0.014000000432133675,4.7,-11.1,320.1,1496,1499,1496,1496,1499,1496,180,180,MANUAL (Remote),,0.0
2026-08-09T22:44:00.316,1786290240.316536,-0.013000000268220901,4.8,-11.0,320.0,1496,1499,1496,1496,1499,1496,180,180,MANUAL (Remote),,0.0
2026-08-09T22:44:00.816,1786290240.816442,-0.013000000268220901,4.7,-11.1,320.0,1496,1499,1496,1496,1499,1496,180,180,MANUAL (Remote),,0.0
2026-08-09T22:44:01.316,1786290241.316516,-0.017000000923871994,4.8,-11.0,320.1,1496,1499,1496,1496,1499,1496,180,180,MANUAL (Remote),,0.0
2026-08-09T22:44:01.816,1786290241.816535,-0.014999999664723873,4.7,-11.0,320.1,1496,1499,1496,1496,1499,1496,180,180,MANUAL (Remote),,0.0
2026-08-09T22:44:02.316,1786290242.316552,-0.014999999664723873,4.6,-11.0,320.2,1496,1499,1496,1496,1499,1496,180,180,MANUAL (Remote),,0.0
2026-08-09T22:44:02.816,1786290242.816623,-0.014999999664723873,4.7,-11.0,320.1,1496,1499,1496,1496,1499,1496,180,180,MANUAL (Remote),,0.0
2026-08-09T22:44:03.316,1786290243.316693,-0.014000000432133675,4.9,-11.0,320.1,1496,1499,1496,1496,1499,1496,180,180,MANUAL (Remote),,0.0
2026-08-09T22:44:03.816,1786290243.816642,-0.017999999225139618,4.9,-11.0,320.1,1496,1499,1496,1496,1499,1496,180,180,MANUAL (Remote),,0.0
2026-08-09T22:44:04.316,1786290244.31661,-0.01899999938905239,4.8,-11.0,320.1,1496,1499,1496,1496,1499,1496,180,180,MANUAL (Remote),,0.0
2026-08-09T22:44:04.816,1786290244.816736,-0.014999999664723873,4.8,-11.0,320.0,1496,1499,1496,1496,1499,1496,180,180,MANUAL (Remote),,0.0
2026-08-09T22:44:05.316,1786290245.316829,-0.01600000075995922,4.8,-11.1,320.1,1496,1499,1496,1496,1499,1496,180,180,MANUAL (Remote),,0.0
2026-08-09T22:44:05.816,1786290245.816512,-0.01600000075995922,4.9,-11.1,320.0,1496,1499,1496,1496,1499,1496,180,180,MANUAL (Remote),,0.0
2026-08-09T22:44:06.316,1786290246.316509,-0.01899999938905239,4.2,-11.6,319.5,1496,1499,1496,1496,1499,1496,180,180,MANUAL (Remote),,0.0
2026-08-09T22:44:06.816,1786290246.816581,-0.017000000923871994,4.4,-11.3,319.8,1496,1499,1496,1496,1499,1496,180,180,MANUAL (Remote),,0.0
2026-08-09T22:44:07.316,1786290247.316634,-0.01899999938905239,4.6,-11.3,320.0,1496,1499,1496,1496,1499,1496,180,180,MANUAL (Remote),,0.0
2026-08-09T22:44:07.816,1786290247.816672,-0.012000000104308128,4.4,-11.2,320.1,1496,1499,1496,1496,1499,1496,180,180,MANUAL (Remote),,0.0
2026-08-09T22:44:08.316,1786290248.316501,-0.012000000104308128,4.6,-10.9,320.2,1496,1499,1496,1496,1499,1496,180,180,MANUAL (Remote),,0.0
2026-08-09T22:44:08.816,1786290248.816537,-0.013000000268220901,4.5,-11.0,320.3,1496,1499,1496,1496,1499,1496,180,180,MANUAL (Remote),,0.0
2026-08-09T22:44:09.316,1786290249.316573,-0.012000000104308128,4.6,-10.9,320.4,1496,1499,1496,1496,1499,1496,180,180,MANUAL (Remote),,0.0
2026-08-09T22:44:09.816,1786290249.816633,-0.014999999664723873,4.7,-11.1,320.3,1496,1499,1496,1496,1499,1496,180,180,MANUAL (Remote),,0.0
2026-08-09T22:44:10.316,1786290250.316628,-0.014999999664723873,4.6,-11.0,320.4,1496,1499,1496,1496,1499,1496,180,180,MANUAL (Remote),,0.0
2026-08-09T22:44:10.816,1786290250.816478,-0.01600000075995922,4.8,-11.1,320.3,1496,1499,1496,1496,1499,1496,180,180,MANUAL (Remote),,0.0
2026-08-09T22:44:11.316,1786290251.316584,-0.013000000268220901,4.7,-10.9,320.3,1496,1499,1496,1496,1499,1496,180,180,MANUAL (Remote),,0.0
2026-08-09T22:44:11.816,1786290251.816567,-0.012000000104308128,4.7,-10.9,320.3,1496,1499,1496,1496,1499,1496,180,180,MANUAL (Remote),,0.0
2026-08-09T22:44:12.316,1786290252.316554,-0.009999999776482582,4.8,-10.9,320.2,1496,1499,1496,1496,1499,1496,180,180,MANUAL (Remote),,0.0
2026-08-09T22:44:12.816,1786290252.816575,-0.013000000268220901,4.8,-11.3,319.9,1496,1499,1496,1496,1499,1496,180,180,MANUAL (Remote),,0.0
2026-08-09T22:44:13.316,1786290253.316631,-0.014000000432133675,4.8,-11.1,319.9,1496,1499,1496,1496,1499,1496,180,180,MANUAL (Remote),,0.0
2026-08-09T22:44:13.816,1786290253.816687,-0.014000000432133675,4.7,-11.0,320.0,1496,1499,1496,1496,1499,1496,180,180,MANUAL (Remote),,0.0
2026-08-09T22:44:14.316,1786290254.316552,-0.010999999940395355,4.8,-10.9,320.0,1496,1499,1496,1496,1499,1496,180,180,MANUAL (Remote),,0.0
2026-08-09T22:44:14.816,1786290254.816488,-0.010999999940395355,4.8,-10.9,320.0,1496,1499,1496,1496,1499,1496,180,180,MANUAL (Remote),,0.0
2026-08-09T22:44:15.316,1786290255.316623,-0.013000000268220901,5.0,-10.9,319.9,1496,1499,1496,1496,1499,1496,180,180,MANUAL (Remote),,0.0
2026-08-09T22:44:15.816,1786290255.816491,-0.014000000432133675,4.7,-11.0,320.0,1496,1499,1496,1496,1499,1496,180,180,MANUAL (Remote),,0.0
2026-08-09T22:44:16.316,1786290256.316475,-0.014999999664723873,4.8,-10.9,319.9,1496,1499,1496,1496,1499,1496,180,180,MANUAL (Remote),,0.0
2026-08-09T22:44:16.816,1786290256.816391,-0.014000000432133675,4.8,-11.0,319.9,1496,1499,1496,1496,1499,1496,180,180,MANUAL (Remote),,0.0
2026-08-09T22:44:17.316,1786290257.316706,-0.017999999225139618,4.7,-11.0,320.0,1496,1499,1496,1496,1499,1496,180,180,MANUAL (Remote),,0.0
2026-08-09T22:44:17.816,1786290257.816648,-0.014999999664723873,4.9,-11.2,320.0,1496,1499,1496,1496,1499,1496,180,180,MANUAL (Remote),,0.0
2026-08-09T22:44:18.316,1786290258.3166,-0.009999999776482582,4.7,-11.2,320.1,1496,1499,1496,1496,1499,1496,180,180,MANUAL (Remote),,0.0
2026-08-09T22:44:18.816,1786290258.816612,-0.012000000104308128,4.8,-11.1,320.1,1496,1499,1496,1496,1499,1496,180,180,MANUAL (Remote),,0.0
2026-08-09T22:44:19.316,1786290259.316562,-0.017999999225139618,4.8,-11.3,319.8,1496,1499,1496,1496,1499,1496,180,180,MANUAL (Remote),,0.0
2026-08-09T22:44:19.816,1786290259.816494,-0.012000000104308128,4.7,-11.0,319.9,1496,1499,1496,1496,1499,1496,180,180,MANUAL (Remote),,0.0
2026-08-09T22:44:20.316,1786290260.316593,-0.01600000075995922,4.8,-10.9,319.7,1496,1499,1496,1496,1499,1496,180,180,MANUAL (Remote),,0.0
2026-08-09T22:44:20.816,1786290260.816614,-0.013000000268220901,4.8,-10.9,319.6,1496,1499,1496,1496,1499,1496,180,180,MANUAL (Remote),,0.0
2026-08-09T22:44:21.316,1786290261.316522,-0.019999999552965164,4.9,-11.0,319.6,1496,1499,1496,1496,1499,1496,180,180,MANUAL (Remote),,0.0
2026-08-09T22:44:21.816,1786290261.816592,-0.014000000432133675,4.9,-11.1,319.5,1496,1499,1496,1496,1499,1496,180,180,MANUAL (Remote),,0.0
2026-08-09T22:44:22.316,1786290262.316591,-0.01600000075995922,4.9,-11.0,319.5,1496,1499,1496,1496,1499,1496,180,180,MANUAL (Remote),,0.0
2026-08-09T22:44:22.816,1786290262.816611,-0.014999999664723873,4.8,-11.0,319.5,1496,1499,1496,1496,1499,1496,180,180,MANUAL (Remote),,0.0
2026-08-09T22:44:23.316,1786290263.316616,-0.009999999776482582,4.8,-11.0,319.5,1496,1499,1496,1496,1499,1496,180,180,MANUAL (Remote),,0.0
2026-08-09T22:44:23.816,1786290263.81655,-0.012000000104308128,4.8,-11.1,319.5,1496,1499,1496,1496,1499,1496,180,180,MANUAL (Remote),,0.0
2026-08-09T22:44:24.316,1786290264.316603,-0.014999999664723873,4.7,-11.1,319.6,1496,1499,1496,1496,1499,1496,180,180,MANUAL (Remote),,0.0
2026-08-09T22:44:24.816,1786290264.816511,-0.014999999664723873,4.7,-11.0,319.6,1496,1499,1496,1496,1499,1496,180,180,MANUAL (Remote),,0.0
2026-08-09T22:44:25.316,1786290265.316641,-0.010999999940395355,4.8,-11.0,319.6,1496,1499,1496,1496,1499,1496,180,180,MANUAL (Remote),,0.0
2026-08-09T22:44:25.816,1786290265.816606,-0.012000000104308128,4.8,-11.0,319.6,1496,1499,1496,1496,1499,1496,180,180,MANUAL (Remote),,0.0
2026-08-09T22:44:26.316,1786290266.316583,-0.010999999940395355,4.9,-11.2,320.5,1496,1499,1496,1496,1499,1496,180,180,MANUAL (Remote),,0.0
2026-08-09T22:44:26.816,1786290266.816555,-0.01600000075995922,4.7,-10.8,320.9,1496,1499,1496,1496,1499,1496,180,180,MANUAL (Remote),,0.0
2026-08-09T22:44:27.316,1786290267.316536,-0.014999999664723873,5.0,-10.8,320.8,1496,1499,1496,1496,1499,1496,180,180,MANUAL (Remote),,0.0
2026-08-09T22:44:27.816,1786290267.816558,-0.017000000923871994,4.8,-11.0,320.8,1496,1499,1496,1496,1499,1496,180,180,MANUAL (Remote),,0.0
2026-08-09T22:44:28.316,1786290268.316616,-0.014000000432133675,4.8,-11.0,320.6,1496,1499,1496,1496,1499,1496,180,180,MANUAL (Remote),,0.0
2026-08-09T22:44:28.816,1786290268.816524,-0.010999999940395355,4.8,-11.1,320.4,1496,1499,1496,1496,1499,1496,180,180,MANUAL (Remote),,0.0
2026-08-09T22:44:29.316,1786290269.316577,-0.013000000268220901,4.9,-10.9,321.2,1496,1499,1496,1496,1499,1496,180,180,MANUAL (Remote),,0.0
2026-08-09T22:44:29.816,1786290269.81657,-0.017999999225139618,4.8,-11.0,321.0,1496,1499,1496,1496,1499,1496,180,180,MANUAL (Remote),,0.0
2026-08-09T22:44:30.316,1786290270.316587,-0.014000000432133675,4.8,-11.1,320.9,1496,1499,1496,1496,1499,1496,180,180,MANUAL (Remote),,0.0
2026-08-09T22:44:30.816,1786290270.816599,-0.014000000432133675,4.8,-11.1,321.6,1496,1499,1496,1496,1499,1496,180,180,MANUAL (Remote),,0.0
2026-08-09T22:44:31.316,1786290271.316521,-0.01600000075995922,4.8,-11.0,321.3,1496,1499,1496,1496,1499,1496,180,180,MANUAL (Remote),,0.0
2026-08-09T22:44:31.816,1786290271.816484,-0.017000000923871994,4.8,-11.0,321.2,1496,1499,1496,1496,1499,1496,180,180,MANUAL (Remote),,0.0
2026-08-09T22:44:32.316,1786290272.316591,-0.01600000075995922,4.9,-10.9,321.1,1496,1499,1496,1496,1499,1496,180,180,MANUAL (Remote),,0.0
2026-08-09T22:44:32.816,1786290272.816564,-0.01899999938905239,4.7,-10.9,321.1,1496,1499,1496,1496,1499,1496,180,180,MANUAL (Remote),,0.0
2026-08-09T22:44:33.316,1786290273.316488,-0.017000000923871994,4.9,-10.9,321.5,1496,1499,1496,1496,1499,1496,180,180,MANUAL (Remote),,0.0
2026-08-09T22:44:33.816,1786290273.816558,-0.012000000104308128,4.8,-11.1,321.3,1496,1499,1496,1496,1499,1496,180,180,MANUAL (Remote),,0.0
2026-08-09T22:44:34.316,1786290274.316546,-0.01899999938905239,4.7,-10.9,321.3,1496,1499,1496,1496,1499,1496,180,180,MANUAL (Remote),,0.0
2026-08-09T22:44:34.816,1786290274.816613,-0.014000000432133675,4.7,-11.0,321.3,1496,1499,1496,1496,1499,1496,180,180,MANUAL (Remote),,0.0
2026-08-09T22:44:35.316,1786290275.316537,-0.014000000432133675,4.8,-11.0,321.2,1496,1499,1496,1496,1499,1496,180,180,MANUAL (Remote),,0.0
2026-08-09T22:44:35.816,1786290275.81653,-0.013000000268220901,4.7,-11.0,321.2,1496,1499,1496,1496,1499,1496,180,180,MANUAL (Remote),,0.0
2026-08-09T22:44:36.316,1786290276.316562,-0.013000000268220901,4.8,-11.1,321.2,1496,1499,1496,1496,1499,1496,180,180,MANUAL (Remote),,0.0
2026-08-09T22:44:36.816,1786290276.816537,-0.017999999225139618,4.8,-10.8,321.3,1496,1499,1496,1496,1499,1496,180,180,MANUAL (Remote),,0.0
2026-08-09T22:44:37.316,1786290277.316559,-0.014999999664723873,5.2,-10.7,321.2,1496,1499,1496,1496,1499,1496,180,180,MANUAL (Remote),,0.0
2026-08-09T22:44:37.816,1786290277.816574,-0.009999999776482582,4.8,-10.9,321.5,1496,1499,1496,1496,1499,1496,180,180,MANUAL (Remote),,0.0
2026-08-09T22:44:38.316,1786290278.316643,-0.014000000432133675,4.7,-11.0,321.5,1496,1499,1496,1496,1499,1496,180,180,MANUAL (Remote),,0.0
2026-08-09T22:44:38.816,1786290278.81656,-0.01600000075995922,4.7,-10.5,321.5,1496,1499,1496,1496,1499,1496,180,180,MANUAL (Remote),,0.0
2026-08-09T22:44:39.316,1786290279.316615,-0.010999999940395355,4.8,-10.8,321.5,1496,1499,1496,1496,1499,1496,180,180,MANUAL (Remote),,0.0
2026-08-09T22:44:39.816,1786290279.816602,-0.014000000432133675,5.0,-10.8,321.5,1496,1499,1496,1496,1499,1496,180,180,MANUAL (Remote),,0.0
2026-08-09T22:44:40.316,1786290280.316562,-0.017000000923871994,5.1,-10.9,321.4,1496,1499,1496,1496,1499,1496,180,180,MANUAL (Remote),,0.0
2026-08-09T22:44:40.816,1786290280.816552,-0.014999999664723873,5.0,-10.9,321.3,1496,1499,1496,1496,1499,1496,180,180,MANUAL (Remote),,0.0
2026-08-09T22:44:41.316,1786290281.316672,-0.009999999776482582,4.8,-11.0,321.3,1496,1499,1496,1496,1499,1496,180,180,MANUAL (Remote),,0.0
2026-08-09T22:44:41.816,1786290281.816581,-0.01600000075995922,4.7,-11.1,321.5,1496,1499,1496,1496,1499,1496,180,180,MANUAL (Remote),,0.0
2026-08-09T22:44:42.316,1786290282.316559,-0.014999999664723873,4.7,-11.0,321.5,1496,1499,1496,1496,1499,1496,180,180,MANUAL (Remote),,0.0
2026-08-09T22:44:42.816,1786290282.816564,-0.01899999938905239,4.9,-10.9,321.7,1496,1499,1496,1496,1499,1496,180,180,MANUAL (Remote),,0.0
2026-08-09T22:44:43.316,1786290283.316598,-0.017000000923871994,4.9,-10.9,321.7,1496,1499,1496,1496,1499,1496,180,180,MANUAL (Remote),,0.0
2026-08-09T22:44:43.816,1786290283.81665,-0.012000000104308128,4.7,-11.1,321.7,1496,1499,1496,1496,1499,1496,180,180,MANUAL (Remote),,0.0
2026-08-09T22:44:44.316,1786290284.316616,-0.014000000432133675,4.5,-11.1,321.9,1496,1499,1496,1496,1499,1496,180,180,MANUAL (Remote),,0.0
2026-08-09T22:44:44.817,1786290284.817107,-0.012000000104308128,4.5,-10.8,322.0,1496,1499,1496,1496,1499,1496,180,180,MANUAL (Remote),,0.0
2026-08-09T22:44:45.316,1786290285.316573,-0.014000000432133675,4.8,-11.0,321.9,1496,1499,1496,1496,1499,1496,180,180,MANUAL (Remote),,0.0
2026-08-09T22:44:45.816,1786290285.816643,-0.014999999664723873,4.9,-11.1,321.9,1496,1499,1496,1496,1499,1496,180,180,MANUAL (Remote),,0.0
2026-08-09T22:44:46.316,1786290286.316722,-0.010999999940395355,4.8,-11.2,321.8,1496,1499,1496,1496,1499,1496,180,180,MANUAL (Remote),,0.0
2026-08-09T22:44:46.816,1786290286.81647,-0.01600000075995922,4.5,-11.1,322.0,1496,1499,1496,1496,1499,1496,180,180,MANUAL (Remote),,0.0
2026-08-09T22:44:47.316,1786290287.316558,-0.014999999664723873,4.6,-11.0,322.0,1496,1499,1496,1496,1499,1496,180,180,MANUAL (Remote),,0.0
2026-08-09T22:44:47.816,1786290287.816644,-0.014999999664723873,4.8,-11.0,321.9,1496,1499,1496,1496,1499,1496,180,180,MANUAL (Remote),,0.0
2026-08-09T22:44:48.316,1786290288.316611,-0.014000000432133675,4.8,-11.2,321.9,1496,1499,1496,1496,1499,1496,180,180,MANUAL (Remote),,0.0
2026-08-09T22:44:48.816,1786290288.81655,-0.014000000432133675,4.8,-10.9,321.9,1496,1499,1496,1496,1499,1496,180,180,MANUAL (Remote),,0.0
2026-08-09T22:44:49.316,1786290289.316665,-0.008999999612569809,4.8,-11.0,321.9,1496,1499,1496,1496,1499,1496,180,180,MANUAL (Remote),,0.0
2026-08-09T22:44:49.816,1786290289.816622,-0.014000000432133675,4.8,-11.0,321.9,1496,1499,1496,1496,1499,1496,180,180,MANUAL (Remote),,0.0
2026-08-09T22:44:50.316,1786290290.31663,-0.01600000075995922,4.7,-11.1,322.2,1496,1499,1496,1496,1499,1496,180,180,MANUAL (Remote),,0.0
2026-08-09T22:44:50.816,1786290290.816491,-0.01600000075995922,4.7,-10.9,322.4,1496,1499,1496,1496,1499,1496,180,180,MANUAL (Remote),,0.0
2026-08-09T22:44:51.316,1786290291.316646,-0.017000000923871994,4.7,-11.0,322.1,1496,1499,1496,1496,1499,1496,180,180,MANUAL (Remote),,0.0
2026-08-09T22:44:51.816,1786290291.816661,-0.014000000432133675,5.0,-10.9,321.8,1496,1499,1496,1496,1499,1496,180,180,MANUAL (Remote),,0.0
2026-08-09T22:44:52.316,1786290292.316587,-0.014999999664723873,4.9,-11.0,321.6,1496,1499,1496,1496,1499,1496,180,180,MANUAL (Remote),,0.0
2026-08-09T22:44:52.816,1786290292.816569,-0.017999999225139618,4.8,-10.8,321.8,1496,1499,1496,1496,1499,1496,180,180,MANUAL (Remote),,0.0
2026-08-09T22:44:53.316,1786290293.316484,-0.01600000075995922,4.6,-11.0,322.1,1496,1499,1496,1496,1499,1496,180,180,MANUAL (Remote),,0.0
2026-08-09T22:44:53.816,1786290293.816744,-0.017000000923871994,5.0,-11.7,322.4,1496,1499,1496,1496,1499,1496,180,180,MANUAL (Remote),,0.0
2026-08-09T22:44:54.316,1786290294.316637,-0.01600000075995922,4.7,-11.5,322.3,1496,1499,1496,1496,1499,1496,180,180,MANUAL (Remote),,0.0
2026-08-09T22:44:54.816,1786290294.816538,-0.023000000044703484,5.0,-11.3,322.4,1496,1499,1496,1496,1499,1496,180,180,MANUAL (Remote),,0.0
2026-08-09T22:44:55.316,1786290295.316555,-0.014000000432133675,4.8,-10.7,318.5,1496,1499,1496,1496,1499,1496,180,180,MANUAL (Remote),,0.0
2026-08-09T22:44:55.816,1786290295.816634,-0.014000000432133675,4.8,-11.0,319.4,1496,1499,1496,1496,1499,1496,180,180,MANUAL (Remote),,0.0
2026-08-09T22:44:56.316,1786290296.316588,-0.012000000104308128,5.0,-11.2,320.1,1496,1499,1496,1496,1499,1496,180,180,MANUAL (Remote),,0.0
2026-08-09T22:44:56.816,1786290296.816611,-0.012000000104308128,4.6,-11.4,319.3,1496,1499,1496,1496,1499,1496,180,180,MANUAL (Remote),,0.0
2026-08-09T22:44:57.316,1786290297.316614,-0.013000000268220901,4.7,-11.1,320.0,1496,1499,1496,1496,1499,1496,180,180,MANUAL (Remote),,0.0
2026-08-09T22:44:57.816,1786290297.81664,-0.017999999225139618,4.8,-11.2,320.1,1496,1499,1496,1496,1499,1496,180,180,MANUAL (Remote),,0.0
2026-08-09T22:44:58.316,1786290298.316555,-0.014000000432133675,4.9,-11.0,320.2,1496,1499,1496,1496,1499,1496,180,180,MANUAL (Remote),,0.0
2026-08-09T22:44:58.816,1786290298.816583,-0.014000000432133675,4.8,-11.1,320.2,1496,1499,1496,1496,1499,1496,180,180,MANUAL (Remote),,0.0
2026-08-09T22:44:59.316,1786290299.316649,-0.013000000268220901,4.9,-10.8,320.2,1496,1499,1496,1496,1499,1496,180,180,MANUAL (Remote),,0.0
2026-08-09T22:44:59.816,1786290299.816715,-0.013000000268220901,5.0,-11.0,320.2,1496,1499,1496,1496,1499,1496,180,180,MANUAL (Remote),,0.0
2026-08-09T22:45:00.316,1786290300.316488,-0.014000000432133675,4.9,-11.0,320.1,1496,1499,1496,1496,1499,1496,180,180,MANUAL (Remote),,0.0
2026-08-09T22:45:00.816,1786290300.816616,-0.017000000923871994,4.7,-11.2,320.2,1496,1499,1496,1496,1499,1496,180,180,MANUAL (Remote),,0.0
2026-08-09T22:45:01.316,1786290301.316513,-0.012000000104308128,4.8,-10.8,320.3,1496,1499,1496,1496,1499,1496,180,180,MANUAL (Remote),,0.0
2026-08-09T22:45:01.816,1786290301.816584,-0.017000000923871994,4.9,-11.0,320.2,1496,1499,1496,1496,1499,1496,180,180,MANUAL (Remote),,0.0
2026-08-09T22:45:02.316,1786290302.316513,-0.017000000923871994,4.9,-11.2,320.2,1496,1499,1496,1496,1499,1496,180,180,MANUAL (Remote),,0.0
2026-08-09T22:45:02.816,1786290302.816599,-0.012000000104308128,4.8,-10.9,320.3,1496,1499,1496,1496,1499,1496,180,180,MANUAL (Remote),,0.0
2026-08-09T22:45:03.316,1786290303.31653,-0.017999999225139618,4.9,-11.1,320.4,1496,1499,1496,1496,1499,1496,180,180,MANUAL (Remote),,0.0
2026-08-09T22:45:03.816,1786290303.816611,-0.014000000432133675,4.9,-11.2,320.4,1496,1499,1496,1496,1499,1496,180,180,MANUAL (Remote),,0.0
2026-08-09T22:45:04.316,1786290304.316695,-0.017000000923871994,4.8,-11.0,320.4,1496,1499,1496,1496,1499,1496,180,180,MANUAL (Remote),,0.0
2026-08-09T22:45:04.816,1786290304.816736,-0.012000000104308128,4.7,-11.1,320.4,1496,1499,1496,1496,1499,1496,180,180,MANUAL (Remote),,0.0
2026-08-09T22:45:05.316,1786290305.316554,-0.013000000268220901,4.8,-11.0,320.3,1496,1499,1496,1496,1499,1496,180,180,MANUAL (Remote),,0.0
2026-08-09T22:45:05.816,1786290305.81661,-0.020999999716877937,4.9,-10.9,320.0,1496,1499,1496,1496,1499,1496,180,180,MANUAL (Remote),,0.0
2026-08-09T22:45:06.316,1786290306.316504,-0.014999999664723873,5.0,-10.9,319.4,1496,1499,1496,1496,1499,1496,180,180,MANUAL (Remote),,0.0
2026-08-09T22:45:06.816,1786290306.816601,-0.013000000268220901,5.0,-10.9,319.2,1496,1499,1496,1496,1499,1496,180,180,MANUAL (Remote),,0.0
2026-08-09T22:45:07.316,1786290307.316656,-0.014999999664723873,5.0,-11.0,318.9,1496,1499,1496,1496,1499,1496,180,180,MANUAL (Remote),,0.0
2026-08-09T22:45:07.816,1786290307.81657,-0.014000000432133675,4.8,-11.0,318.9,1496,1499,1496,1496,1499,1496,180,180,MANUAL (Remote),,0.0
2026-08-09T22:45:08.316,1786290308.316628,-0.01899999938905239,4.7,-11.0,318.9,1496,1499,1496,1496,1499,1496,180,180,MANUAL (Remote),,0.0
2026-08-09T22:45:08.816,1786290308.816522,-0.013000000268220901,4.7,-11.1,319.1,1496,1499,1496,1496,1499,1496,180,180,MANUAL (Remote),,0.0
2026-08-09T22:45:09.316,1786290309.316625,-0.014999999664723873,4.5,-11.1,318.9,1496,1499,1496,1496,1499,1496,180,180,MANUAL (Remote),,0.0
2026-08-09T22:45:09.816,1786290309.816592,-0.01600000075995922,4.6,-11.0,319.2,1496,1499,1496,1496,1499,1496,180,180,MANUAL (Remote),,0.0
2026-08-09T22:45:10.316,1786290310.316621,-0.017000000923871994,4.7,-11.1,319.6,1496,1499,1496,1496,1499,1496,180,180,MANUAL (Remote),,0.0
2026-08-09T22:45:10.816,1786290310.816564,-0.014000000432133675,4.5,-11.3,319.9,1496,1499,1496,1496,1499,1496,180,180,MANUAL (Remote),,0.0
2026-08-09T22:45:11.316,1786290311.316551,-0.01600000075995922,4.6,-11.0,320.1,1496,1499,1496,1496,1499,1496,180,180,MANUAL (Remote),,0.0
2026-08-09T22:45:11.816,1786290311.816421,-0.01600000075995922,4.7,-10.9,320.1,1496,1499,1496,1496,1499,1496,180,180,MANUAL (Remote),,0.0
2026-08-09T22:45:12.316,1786290312.316513,-0.017000000923871994,4.7,-10.9,320.1,1496,1499,1496,1496,1499,1496,180,180,MANUAL (Remote),,0.0
2026-08-09T22:45:12.816,1786290312.81655,-0.014000000432133675,4.7,-10.9,320.1,1496,1499,1496,1496,1499,1496,180,180,MANUAL (Remote),,0.0
2026-08-09T22:45:13.316,1786290313.316647,-0.01600000075995922,4.9,-10.9,320.1,1496,1499,1496,1496,1499,1496,180,180,MANUAL (Remote),,0.0
2026-08-09T22:45:13.816,1786290313.816614,-0.017000000923871994,4.9,-10.9,320.0,1496,1499,1496,1496,1499,1496,180,180,MANUAL (Remote),,0.0
2026-08-09T22:45:14.316,1786290314.316519,-0.014999999664723873,4.8,-10.8,320.0,1496,1499,1496,1496,1499,1496,180,180,MANUAL (Remote),,0.0
2026-08-09T22:45:14.816,1786290314.816432,-0.01600000075995922,4.8,-11.1,320.1,1496,1499,1496,1496,1499,1496,180,180,MANUAL (Remote),,0.0
2026-08-09T22:45:15.316,1786290315.316571,-0.008999999612569809,4.7,-11.0,320.2,1496,1499,1496,1496,1499,1496,180,180,MANUAL (Remote),,0.0
2026-08-09T22:45:15.816,1786290315.816638,-0.014999999664723873,4.7,-11.0,320.1,1496,1499,1496,1496,1499,1496,180,180,MANUAL (Remote),,0.0
2026-08-09T22:45:16.316,1786290316.316579,-0.017000000923871994,4.9,-11.2,320.0,1496,1499,1496,1496,1499,1496,180,180,MANUAL (Remote),,0.0
2026-08-09T22:45:16.816,1786290316.816568,-0.019999999552965164,5.1,-10.9,320.0,1496,1499,1496,1496,1499,1496,180,180,MANUAL (Remote),,0.0
2026-08-09T22:45:17.316,1786290317.316572,-0.013000000268220901,5.1,-11.1,319.9,1496,1499,1496,1496,1499,1496,180,180,MANUAL (Remote),,0.0
2026-08-09T22:45:17.816,1786290317.816588,-0.017999999225139618,4.8,-11.4,320.0,1496,1499,1496,1496,1499,1496,180,180,MANUAL (Remote),,0.0
2026-08-09T22:45:18.317,1786290318.317651,-0.01600000075995922,4.8,-11.3,320.0,1496,1499,1496,1496,1499,1496,180,180,MANUAL (Remote),,0.0
2026-08-09T22:45:18.816,1786290318.816494,-0.019999999552965164,4.7,-11.1,320.1,1496,1499,1496,1496,1499,1496,180,180,MANUAL (Remote),,0.0
2026-08-09T22:45:19.316,1786290319.316606,-0.014999999664723873,4.8,-11.0,320.1,1496,1499,1496,1496,1499,1496,180,180,MANUAL (Remote),,0.0
2026-08-09T22:45:19.816,1786290319.816588,-0.017000000923871994,4.9,-11.0,320.1,1496,1499,1496,1496,1499,1496,180,180,MANUAL (Remote),,0.0
2026-08-09T22:45:20.316,1786290320.316608,-0.014000000432133675,4.8,-11.1,320.1,1496,1499,1496,1496,1499,1496,180,180,MANUAL (Remote),,0.0
2026-08-09T22:45:20.816,1786290320.816535,-0.019999999552965164,4.6,-10.9,320.2,1496,1499,1496,1496,1499,1496,180,180,MANUAL (Remote),,0.0
2026-08-09T22:45:21.316,1786290321.31657,-0.017000000923871994,4.8,-11.0,320.1,1496,1499,1496,1496,1499,1496,180,180,MANUAL (Remote),,0.0
2026-08-09T22:45:21.816,1786290321.8167,-0.017000000923871994,4.9,-10.9,320.2,1496,1499,1496,1496,1499,1496,180,180,MANUAL (Remote),,0.0
2026-08-09T22:45:22.316,1786290322.316532,-0.014000000432133675,4.6,-11.2,320.4,1496,1499,1496,1496,1499,1496,180,180,MANUAL (Remote),,0.0
2026-08-09T22:45:22.816,1786290322.816558,-0.014999999664723873,4.7,-11.4,320.6,1496,1499,1496,1496,1499,1496,180,180,MANUAL (Remote),,0.0
2026-08-09T22:45:23.316,1786290323.316577,-0.014999999664723873,4.9,-10.8,320.7,1496,1499,1496,1496,1499,1496,180,180,MANUAL (Remote),,0.0
2026-08-09T22:45:23.816,1786290323.816558,-0.01600000075995922,4.9,-11.0,320.7,1496,1499,1496,1496,1499,1496,180,180,MANUAL (Remote),,0.0
2026-08-09T22:45:24.316,1786290324.316525,-0.017000000923871994,4.7,-11.1,320.7,1496,1499,1496,1496,1499,1496,180,180,MANUAL (Remote),,0.0
2026-08-09T22:45:24.816,1786290324.81643,-0.01600000075995922,5.0,-11.2,320.6,1496,1499,1496,1496,1499,1496,180,180,MANUAL (Remote),,0.0
2026-08-09T22:45:25.316,1786290325.316679,-0.017000000923871994,5.1,-11.1,320.6,1496,1499,1496,1496,1499,1496,180,180,MANUAL (Remote),,0.0
2026-08-09T22:45:25.816,1786290325.816553,-0.017999999225139618,5.0,-11.1,320.6,1496,1499,1496,1496,1499,1496,180,180,MANUAL (Remote),,0.0
2026-08-09T22:45:26.316,1786290326.316564,-0.012000000104308128,4.8,-11.1,320.6,1496,1499,1496,1496,1499,1496,180,180,MANUAL (Remote),,0.0
2026-08-09T22:45:26.816,1786290326.816695,-0.01899999938905239,4.9,-11.1,320.6,1496,1499,1496,1496,1499,1496,180,180,MANUAL (Remote),,0.0
2026-08-09T22:45:27.316,1786290327.316665,-0.012000000104308128,4.7,-11.1,321.1,1496,1499,1496,1496,1499,1496,180,180,MANUAL (Remote),,0.0
2026-08-09T22:45:27.816,1786290327.816431,-0.014999999664723873,4.8,-11.1,320.9,1496,1499,1496,1496,1499,1496,180,180,MANUAL (Remote),,0.0
2026-08-09T22:45:28.317,1786290328.317024,-0.014000000432133675,5.0,-10.9,320.8,1496,1499,1496,1496,1499,1496,180,180,MANUAL (Remote),,0.0
2026-08-09T22:45:28.816,1786290328.816548,-0.013000000268220901,4.9,-11.0,320.7,1496,1499,1496,1496,1499,1496,180,180,MANUAL (Remote),,0.0
2026-08-09T22:45:29.316,1786290329.316605,-0.017000000923871994,5.0,-10.9,320.6,1496,1499,1496,1496,1499,1496,180,180,MANUAL (Remote),,0.0
2026-08-09T22:45:29.816,1786290329.816604,-0.013000000268220901,4.8,-11.1,320.6,1496,1499,1496,1496,1499,1496,180,180,MANUAL (Remote),,0.0
2026-08-09T22:45:30.316,1786290330.316551,-0.014000000432133675,4.5,-11.2,320.5,1496,1499,1496,1496,1499,1496,180,180,MANUAL (Remote),,0.0
2026-08-09T22:45:30.817,1786290330.817101,-0.014999999664723873,5.0,-10.8,320.4,1496,1499,1496,1496,1499,1496,180,180,MANUAL (Remote),,0.0
2026-08-09T22:45:31.316,1786290331.316635,-0.014000000432133675,4.8,-10.6,320.4,1496,1499,1496,1496,1499,1496,180,180,MANUAL (Remote),,0.0
2026-08-09T22:45:31.816,1786290331.816643,-0.012000000104308128,4.8,-10.7,320.4,1496,1499,1496,1496,1499,1496,180,180,MANUAL (Remote),,0.0
2026-08-09T22:45:32.316,1786290332.31653,-0.01600000075995922,4.9,-10.5,320.3,1496,1499,1496,1496,1499,1496,180,180,MANUAL (Remote),,0.0
2026-08-09T22:45:32.816,1786290332.816547,-0.014999999664723873,4.9,-10.6,320.3,1496,1499,1496,1496,1499,1496,180,180,MANUAL (Remote),,0.0
2026-08-09T22:45:33.316,1786290333.316502,-0.019999999552965164,4.9,-10.6,320.4,1496,1499,1496,1496,1499,1496,180,180,MANUAL (Remote),,0.0
2026-08-09T22:45:33.816,1786290333.81655,-0.020999999716877937,4.6,-10.7,320.5,1496,1499,1496,1496,1499,1496,180,180,MANUAL (Remote),,0.0
2026-08-09T22:45:34.316,1786290334.316979,-0.01600000075995922,4.5,-10.8,320.4,1496,1499,1496,1496,1499,1496,180,180,MANUAL (Remote),,0.0
2026-08-09T22:45:34.816,1786290334.816668,-0.013000000268220901,4.4,-10.8,320.3,1496,1499,1496,1496,1499,1496,180,180,MANUAL (Remote),,0.0
2026-08-09T22:45:35.316,1786290335.316623,-0.014000000432133675,3.6,-10.6,320.4,1496,1499,1496,1496,1499,1496,180,180,MANUAL (Remote),,0.0
2026-08-09T22:45:35.816,1786290335.81657,-0.01600000075995922,4.2,-10.5,320.4,1496,1499,1496,1496,1499,1496,180,180,MANUAL (Remote),,0.0
2026-08-09T22:45:36.316,1786290336.316627,-0.017999999225139618,4.6,-10.5,320.3,1496,1499,1496,1496,1499,1496,180,180,MANUAL (Remote),,0.0
2026-08-09T22:45:36.816,1786290336.816553,-0.014000000432133675,4.6,-10.7,318.7,1496,1499,1496,1496,1499,1496,180,180,MANUAL (Remote),,0.0
2026-08-09T22:45:37.316,1786290337.316709,-0.014000000432133675,4.3,-10.6,318.6,1496,1499,1496,1496,1499,1496,180,180,MANUAL (Remote),,0.0
2026-08-09T22:45:37.816,1786290337.816554,-0.010999999940395355,4.5,-10.5,319.0,1496,1499,1496,1496,1499,1496,180,180,MANUAL (Remote),,0.0
2026-08-09T22:45:38.316,1786290338.316621,-0.017000000923871994,4.7,-11.1,318.9,1496,1499,1496,1496,1499,1496,180,180,MANUAL (Remote),,0.0
2026-08-09T22:45:38.816,1786290338.8166,-0.013000000268220901,4.5,-10.8,319.3,1496,1499,1496,1496,1499,1496,180,180,MANUAL (Remote),,0.0
2026-08-09T22:45:39.316,1786290339.316686,-0.01600000075995922,4.4,-10.8,319.5,1496,1499,1496,1496,1499,1496,180,180,MANUAL (Remote),,0.0
2026-08-09T22:45:39.816,1786290339.816601,-0.017999999225139618,4.6,-10.7,319.6,1496,1499,1496,1496,1499,1496,180,180,MANUAL (Remote),,0.0
2026-08-09T22:45:40.316,1786290340.316652,-0.01600000075995922,4.5,-10.8,319.7,1496,1499,1496,1496,1499,1496,180,180,MANUAL (Remote),,0.0
2026-08-09T22:45:40.816,1786290340.816499,-0.013000000268220901,4.6,-10.9,319.8,1496,1499,1496,1496,1499,1496,180,180,MANUAL (Remote),,0.0
2026-08-09T22:45:41.316,1786290341.31661,-0.020999999716877937,4.7,-10.9,319.9,1496,1499,1496,1496,1499,1496,180,180,MANUAL (Remote),,0.0
2026-08-09T22:45:41.816,1786290341.816544,-0.017999999225139618,4.6,-11.0,319.8,1496,1499,1496,1496,1499,1496,180,180,MANUAL (Remote),,0.0
2026-08-09T22:45:42.316,1786290342.316519,-0.017000000923871994,4.5,-10.9,319.8,1496,1499,1496,1496,1499,1496,180,180,MANUAL (Remote),,0.0
2026-08-09T22:45:42.816,1786290342.816527,-0.014000000432133675,4.8,-11.0,319.8,1496,1499,1496,1496,1499,1496,180,180,MANUAL (Remote),,0.0
2026-08-09T22:45:43.316,1786290343.316612,-0.01600000075995922,4.7,-10.6,319.8,1496,1499,1496,1496,1499,1496,180,180,MANUAL (Remote),,0.0
2026-08-09T22:45:43.816,1786290343.816551,-0.014000000432133675,4.7,-10.7,319.9,1496,1499,1496,1496,1499,1496,180,180,MANUAL (Remote),,0.0
2026-08-09T22:45:44.316,1786290344.316512,-0.014999999664723873,4.9,-10.7,319.8,1496,1499,1496,1496,1499,1496,180,180,MANUAL (Remote),,0.0
2026-08-09T22:45:44.816,1786290344.816574,-0.017999999225139618,4.8,-11.0,319.7,1496,1499,1496,1496,1499,1496,180,180,MANUAL (Remote),,0.0
2026-08-09T22:45:45.316,1786290345.316627,-0.014999999664723873,4.7,-10.9,319.7,1496,1499,1496,1496,1499,1496,180,180,MANUAL (Remote),,0.0
2026-08-09T22:45:45.816,1786290345.816714,-0.01899999938905239,4.7,-10.6,319.6,1496,1499,1496,1496,1499,1496,180,180,MANUAL (Remote),,0.0
2026-08-09T22:45:46.316,1786290346.316676,-0.019999999552965164,4.9,-10.6,319.5,1496,1499,1496,1496,1499,1496,180,180,MANUAL (Remote),,0.0
2026-08-09T22:45:46.816,1786290346.816599,-0.01600000075995922,5.2,-10.5,319.5,1496,1499,1496,1496,1499,1496,180,180,MANUAL (Remote),,0.0
2026-08-09T22:45:47.316,1786290347.316733,-0.014999999664723873,5.1,-10.6,319.5,1496,1499,1496,1496,1499,1496,180,180,MANUAL (Remote),,0.0
2026-08-09T22:45:47.816,1786290347.816642,-0.014000000432133675,5.2,-10.5,319.4,1496,1499,1496,1496,1499,1496,180,180,MANUAL (Remote),,0.0
2026-08-09T22:45:48.316,1786290348.316882,-0.012000000104308128,5.1,-10.7,319.4,1496,1499,1496,1496,1499,1496,180,180,MANUAL (Remote),,0.0
2026-08-09T22:45:48.816,1786290348.816733,-0.017000000923871994,4.9,-10.8,319.4,1496,1499,1496,1496,1499,1496,180,180,MANUAL (Remote),,0.0
2026-08-09T22:45:49.316,1786290349.316869,-0.014000000432133675,4.6,-10.9,319.4,1496,1499,1496,1496,1499,1496,180,180,MANUAL (Remote),,0.0
2026-08-09T22:45:49.816,1786290349.816587,-0.01600000075995922,4.5,-10.5,319.6,1496,1499,1496,1496,1499,1496,180,180,MANUAL (Remote),,0.0
2026-08-09T22:45:50.316,1786290350.316667,-0.023000000044703484,4.8,-10.4,319.5,1496,1499,1496,1496,1499,1496,180,180,MANUAL (Remote),,0.0
2026-08-09T22:45:50.816,1786290350.816556,-0.024000000208616257,4.8,-10.4,319.4,1496,1499,1496,1496,1499,1496,180,180,MANUAL (Remote),,0.0
2026-08-09T22:45:51.316,1786290351.316652,-0.013000000268220901,4.7,-10.7,319.4,1496,1499,1496,1496,1499,1496,180,180,MANUAL (Remote),,0.0
2026-08-09T22:45:51.816,1786290351.816524,-0.017999999225139618,4.6,-10.6,319.5,1496,1499,1496,1496,1499,1496,180,180,MANUAL (Remote),,0.0
2026-08-09T22:45:52.316,1786290352.316599,-0.023000000044703484,4.7,-10.6,319.5,1496,1499,1496,1496,1499,1496,180,180,MANUAL (Remote),,0.0
2026-08-09T22:45:52.816,1786290352.816532,-0.017000000923871994,4.8,-10.6,320.2,1496,1499,1496,1496,1499,1496,180,180,MANUAL (Remote),,0.0
2026-08-09T22:45:53.316,1786290353.316658,-0.01600000075995922,4.9,-10.8,320.2,1496,1499,1496,1496,1499,1496,180,180,MANUAL (Remote),,0.0
2026-08-09T22:45:53.816,1786290353.816567,-0.019999999552965164,4.6,-10.8,320.1,1496,1499,1496,1496,1499,1496,180,180,MANUAL (Remote),,0.0
2026-08-09T22:45:54.316,1786290354.316535,-0.01600000075995922,4.5,-10.6,319.9,1496,1499,1496,1496,1499,1496,180,180,MANUAL (Remote),,0.0
2026-08-09T22:45:54.816,1786290354.816605,-0.017999999225139618,4.7,-11.0,319.8,1496,1499,1496,1496,1499,1496,180,180,MANUAL (Remote),,0.0
2026-08-09T22:45:55.316,1786290355.316549,-0.019999999552965164,4.5,-10.9,319.7,1496,1499,1496,1496,1499,1496,180,180,MANUAL (Remote),,0.0
2026-08-09T22:45:55.816,1786290355.816566,-0.01600000075995922,4.6,-11.0,319.7,1496,1499,1496,1496,1499,1496,180,180,MANUAL (Remote),,0.0
2026-08-09T22:45:56.316,1786290356.316763,-0.017999999225139618,4.5,-10.7,319.7,1496,1499,1496,1496,1499,1496,180,180,MANUAL (Remote),,0.0
2026-08-09T22:45:56.816,1786290356.816603,-0.019999999552965164,4.5,-10.9,319.7,1496,1499,1496,1496,1499,1496,180,180,MANUAL (Remote),,0.0
2026-08-09T22:45:57.317,1786290357.317681,-0.01600000075995922,4.5,-10.7,319.8,1496,1499,1496,1496,1499,1496,180,180,MANUAL (Remote),,0.0
2026-08-09T22:45:57.816,1786290357.816494,-0.01600000075995922,4.4,-10.9,319.8,1496,1499,1496,1496,1499,1496,180,180,MANUAL (Remote),,0.0
2026-08-09T22:45:58.316,1786290358.316552,-0.017000000923871994,4.4,-10.7,319.8,1496,1499,1496,1496,1499,1496,180,180,MANUAL (Remote),,0.0
2026-08-09T22:45:58.816,1786290358.816597,-0.023000000044703484,4.5,-11.1,319.6,1496,1499,1496,1496,1499,1496,180,180,MANUAL (Remote),,0.0
2026-08-09T22:45:59.316,1786290359.31667,-0.014999999664723873,4.5,-10.8,319.7,1496,1499,1496,1496,1499,1496,180,180,MANUAL (Remote),,0.0
2026-08-09T22:45:59.816,1786290359.816613,-0.012000000104308128,4.6,-10.6,319.8,1496,1499,1496,1496,1499,1496,180,180,MANUAL (Remote),,0.0
2026-08-09T22:46:00.316,1786290360.316599,-0.01600000075995922,4.4,-10.7,319.7,1496,1499,1496,1496,1499,1496,180,180,MANUAL (Remote),,0.0
2026-08-09T22:46:00.816,1786290360.816521,-0.01899999938905239,4.5,-10.8,319.6,1496,1499,1496,1496,1499,1496,180,180,MANUAL (Remote),,0.0
2026-08-09T22:46:01.316,1786290361.316534,-0.01600000075995922,4.6,-10.7,319.6,1496,1499,1496,1496,1499,1496,180,180,MANUAL (Remote),,0.0
2026-08-09T22:46:01.816,1786290361.816637,-0.017999999225139618,4.7,-10.7,319.5,1496,1499,1496,1496,1499,1496,180,180,MANUAL (Remote),,0.0
2026-08-09T22:46:02.316,1786290362.316694,-0.017000000923871994,4.7,-10.9,319.6,1496,1499,1496,1496,1499,1496,180,180,MANUAL (Remote),,0.0
2026-08-09T22:46:02.816,1786290362.816491,-0.017000000923871994,4.6,-10.8,319.6,1496,1499,1496,1496,1499,1496,180,180,MANUAL (Remote),,0.0
2026-08-09T22:46:03.316,1786290363.316626,-0.01899999938905239,4.4,-10.8,319.7,1496,1499,1496,1496,1499,1496,180,180,MANUAL (Remote),,0.0
2026-08-09T22:46:03.816,1786290363.816749,-0.017999999225139618,4.4,-10.7,319.7,1496,1499,1496,1496,1499,1496,180,180,MANUAL (Remote),,0.0
2026-08-09T22:46:04.316,1786290364.316577,-0.020999999716877937,4.5,-10.6,319.8,1496,1499,1496,1496,1499,1496,180,180,MANUAL (Remote),,0.0
2026-08-09T22:46:04.816,1786290364.816667,-0.01600000075995922,4.8,-10.6,319.8,1496,1499,1496,1496,1499,1496,180,180,MANUAL (Remote),,0.0
2026-08-09T22:46:05.316,1786290365.316553,-0.014999999664723873,5.0,-10.6,319.9,1496,1499,1496,1496,1499,1496,180,180,MANUAL (Remote),,0.0
2026-08-09T22:46:05.816,1786290365.816584,-0.014000000432133675,4.9,-10.8,320.0,1496,1499,1496,1496,1499,1496,180,180,MANUAL (Remote),,0.0
2026-08-09T22:46:06.316,1786290366.316557,-0.01600000075995922,4.6,-10.7,320.0,1496,1499,1496,1496,1499,1496,180,180,MANUAL (Remote),,0.0
2026-08-09T22:46:06.816,1786290366.816557,-0.014000000432133675,4.7,-10.5,319.9,1496,1499,1496,1496,1499,1496,180,180,MANUAL (Remote),,0.0
2026-08-09T22:46:07.316,1786290367.316499,-0.014999999664723873,5.0,-10.6,319.9,1496,1499,1496,1496,1499,1496,180,180,MANUAL (Remote),,0.0
2026-08-09T22:46:07.816,1786290367.816537,-0.017000000923871994,4.7,-10.7,319.8,1496,1499,1496,1496,1499,1496,180,180,MANUAL (Remote),,0.0
2026-08-09T22:46:08.316,1786290368.316557,-0.01600000075995922,4.5,-10.9,319.8,1496,1499,1496,1496,1499,1496,180,180,MANUAL (Remote),,0.0
2026-08-09T22:46:08.816,1786290368.816436,-0.017000000923871994,4.5,-10.8,319.8,1496,1499,1496,1496,1499,1496,180,180,MANUAL (Remote),,0.0
2026-08-09T22:46:09.316,1786290369.316602,-0.017000000923871994,4.7,-10.8,319.8,1496,1499,1496,1496,1499,1496,180,180,MANUAL (Remote),,0.0
2026-08-09T22:46:09.816,1786290369.816557,-0.014999999664723873,4.8,-10.8,319.7,1496,1499,1496,1496,1499,1496,180,180,MANUAL (Remote),,0.0
2026-08-09T22:46:10.316,1786290370.316538,-0.01899999938905239,4.5,-10.8,319.8,1496,1499,1496,1496,1499,1496,180,180,MANUAL (Remote),,0.0
2026-08-09T22:46:10.816,1786290370.81651,-0.017999999225139618,4.8,-10.9,319.7,1496,1499,1496,1496,1499,1496,180,180,MANUAL (Remote),,0.0
2026-08-09T22:46:11.316,1786290371.316719,-0.017000000923871994,4.3,-10.9,319.8,1496,1499,1496,1496,1499,1496,180,180,MANUAL (Remote),,0.0
2026-08-09T22:46:11.816,1786290371.816525,-0.01600000075995922,4.4,-10.8,319.8,1496,1499,1496,1496,1499,1496,180,180,MANUAL (Remote),,0.0
2026-08-09T22:46:12.316,1786290372.316687,-0.017000000923871994,4.4,-10.8,319.9,1496,1499,1496,1496,1499,1496,180,180,MANUAL (Remote),,0.0
2026-08-09T22:46:12.816,1786290372.81655,-0.01600000075995922,4.5,-10.7,319.9,1496,1499,1496,1496,1499,1496,180,180,MANUAL (Remote),,0.0
2026-08-09T22:46:13.316,1786290373.316526,-0.017000000923871994,4.5,-10.6,320.0,1496,1499,1496,1496,1499,1496,180,180,MANUAL (Remote),,0.0
2026-08-09T22:46:13.816,1786290373.816536,-0.017000000923871994,4.3,-11.1,320.0,1496,1499,1496,1496,1499,1496,180,180,MANUAL (Remote),,0.0
2026-08-09T22:46:14.316,1786290374.316523,-0.017000000923871994,4.3,-11.1,320.0,1496,1499,1496,1496,1499,1496,180,180,MANUAL (Remote),,0.0
2026-08-09T22:46:14.816,1786290374.816681,-0.017000000923871994,4.3,-11.1,320.0,1496,1499,1496,1496,1499,1496,180,180,MANUAL (Remote),,0.0
2026-08-09T22:46:15.316,1786290375.316709,-0.017000000923871994,4.3,-11.1,320.0,1496,1499,1496,1496,1499,1496,180,180,MANUAL (Remote),,0.0
2026-08-09T22:46:15.816,1786290375.816595,-0.017000000923871994,4.3,-11.1,320.0,1496,1499,1496,1496,1499,1496,180,180,MANUAL (Remote),,0.0
2026-08-09T22:46:16.316,1786290376.316552,-0.017000000923871994,4.3,-11.1,320.0,1496,1499,1496,1496,1499,1496,180,180,MANUAL (Remote),,0.0
2026-08-09T22:46:16.816,1786290376.81657,-0.017000000923871994,4.3,-11.1,320.0,1496,1499,1496,1496,1499,1496,180,180,MANUAL (Remote),,0.0
2026-08-09T22:46:17.316,1786290377.316617,-0.017000000923871994,4.3,-11.1,320.0,1496,1499,1496,1496,1499,1496,180,180,MANUAL (Remote),,0.0
2026-08-09T22:46:17.816,1786290377.816639,-0.017000000923871994,4.3,-11.1,320.0,1496,1499,1496,1496,1499,1496,180,180,MANUAL (Remote),,0.0
2026-08-09T22:46:18.316,1786290378.316531,-0.017000000923871994,4.3,-11.1,320.0,1496,1499,1496,1496,1499,1496,180,180,MANUAL (Remote),,0.0
2026-08-09T22:46:18.816,1786290378.816699,-0.017000000923871994,4.3,-11.1,320.0,1496,1499,1496,1496,1499,1496,180,180,MANUAL (Remote),,0.0
2026-08-09T22:46:19.316,1786290379.316537,-0.017000000923871994,4.3,-11.1,320.0,1496,1499,1496,1496,1499,1496,180,180,MANUAL (Remote),,0.0
2026-08-09T22:46:19.816,1786290379.816665,-0.017000000923871994,4.3,-11.1,320.0,1496,1499,1496,1496,1499,1496,180,180,MANUAL (Remote),,0.0
2026-08-09T22:46:20.316,1786290380.316534,-0.017000000923871994,4.3,-11.1,320.0,1496,1499,1496,1496,1499,1496,180,180,MANUAL (Remote),,0.0
2026-08-09T22:46:20.816,1786290380.816684,-0.017000000923871994,4.3,-11.1,320.0,1496,1499,1496,1496,1499,1496,180,180,MANUAL (Remote),,0.0
2026-08-09T22:46:21.316,1786290381.316567,-0.017000000923871994,4.3,-11.1,320.0,1496,1499,1496,1496,1499,1496,180,180,MANUAL (Remote),,0.0
2026-08-09T22:46:21.816,1786290381.81675,-0.017000000923871994,4.3,-11.1,320.0,1496,1499,1496,1496,1499,1496,180,180,MANUAL (Remote),,0.0
2026-08-09T22:46:22.316,1786290382.316538,-0.017000000923871994,4.3,-11.1,320.0,1496,1499,1496,1496,1499,1496,180,180,MANUAL (Remote),,0.0
2026-08-09T22:46:22.816,1786290382.8165,-0.017000000923871994,4.3,-11.1,320.0,1496,1499,1496,1496,1499,1496,180,180,MANUAL (Remote),,0.0
2026-08-09T22:46:23.316,1786290383.316528,-0.017000000923871994,4.3,-11.1,320.0,1496,1499,1496,1496,1499,1496,180,180,MANUAL (Remote),,0.0
2026-08-09T22:46:23.816,1786290383.816568,-0.017000000923871994,4.3,-11.1,320.0,1496,1499,1496,1496,1499,1496,180,180,MANUAL (Remote),,0.0
2026-08-09T22:46:24.316,1786290384.316663,-0.017000000923871994,4.3,-11.1,320.0,1496,1499,1496,1496,1499,1496,180,180,MANUAL (Remote),,0.0
2026-08-09T22:46:24.816,1786290384.816523,-0.017000000923871994,4.3,-11.1,320.0,1496,1499,1496,1496,1499,1496,180,180,MANUAL (Remote),,0.0
2026-08-09T22:46:25.316,1786290385.316688,-0.017000000923871994,4.3,-11.1,320.0,1496,1499,1496,1496,1499,1496,180,180,MANUAL (Remote),,0.0
2026-08-09T22:46:25.816,1786290385.816607,-0.017000000923871994,4.3,-11.1,320.0,1496,1499,1496,1496,1499,1496,180,180,MANUAL (Remote),,0.0
2026-08-09T22:46:26.316,1786290386.316615,-0.017000000923871994,4.3,-11.1,320.0,1496,1499,1496,1496,1499,1496,180,180,MANUAL (Remote),,0.0
2026-08-09T22:46:26.816,1786290386.816517,-0.017000000923871994,4.3,-11.1,320.0,1496,1499,1496,1496,1499,1496,180,180,MANUAL (Remote),,0.0
2026-08-09T22:46:27.316,1786290387.316545,-0.017000000923871994,4.3,-11.1,320.0,1496,1499,1496,1496,1499,1496,180,180,MANUAL (Remote),,0.0
2026-08-09T22:46:27.816,1786290387.81655,-0.017000000923871994,4.3,-11.1,320.0,1496,1499,1496,1496,1499,1496,180,180,MANUAL (Remote),,0.0
2026-08-09T22:46:28.316,1786290388.316624,-0.017000000923871994,4.3,-11.1,320.0,1496,1499,1496,1496,1499,1496,180,180,MANUAL (Remote),,0.0
2026-08-09T22:46:28.816,1786290388.816509,-0.017000000923871994,4.3,-11.1,320.0,1496,1499,1496,1496,1499,1496,180,180,MANUAL (Remote),,0.0
2026-08-09T22:46:29.316,1786290389.316504,-0.017000000923871994,4.3,-11.1,320.0,1496,1499,1496,1496,1499,1496,180,180,MANUAL (Remote),,0.0
2026-08-09T22:46:29.816,1786290389.816709,-0.017000000923871994,4.3,-11.1,320.0,1496,1499,1496,1496,1499,1496,180,180,MANUAL (Remote),,0.0
2026-08-09T22:46:30.316,1786290390.316612,-0.017000000923871994,4.3,-11.1,320.0,1496,1499,1496,1496,1499,1496,180,180,MANUAL (Remote),,0.0
2026-08-09T22:46:30.816,1786290390.816833,-0.017000000923871994,4.3,-11.1,320.0,1496,1499,1496,1496,1499,1496,180,180,MANUAL (Remote),,0.0
2026-08-09T22:46:31.316,1786290391.316613,-0.017000000923871994,4.3,-11.1,320.0,1496,1499,1496,1496,1499,1496,180,180,MANUAL (Remote),,0.0
2026-08-09T22:46:31.816,1786290391.816525,-0.017000000923871994,4.3,-11.1,320.0,1496,1499,1496,1496,1499,1496,180,180,MANUAL (Remote),,0.0
2026-08-09T22:46:32.316,1786290392.316508,-0.017000000923871994,4.3,-11.1,320.0,1496,1499,1496,1496,1499,1496,180,180,MANUAL (Remote),,0.0
2026-08-09T22:46:32.816,1786290392.816514,-0.017000000923871994,4.3,-11.1,320.0,1496,1499,1496,1496,1499,1496,180,180,MANUAL (Remote),,0.0
2026-08-09T22:46:33.316,1786290393.31655,-0.017000000923871994,4.3,-11.1,320.0,1496,1499,1496,1496,1499,1496,180,180,MANUAL (Remote),,0.0
2026-08-09T22:46:33.816,1786290393.816618,-0.017000000923871994,4.3,-11.1,320.0,1496,1499,1496,1496,1499,1496,180,180,MANUAL (Remote),,0.0
2026-08-09T22:46:34.316,1786290394.316672,-0.017000000923871994,4.3,-11.1,320.0,1496,1499,1496,1496,1499,1496,180,180,MANUAL (Remote),,0.0
2026-08-09T22:46:34.816,1786290394.816577,-0.017000000923871994,4.3,-11.1,320.0,1496,1499,1496,1496,1499,1496,180,180,MANUAL (Remote),,0.0
2026-08-09T22:46:35.316,1786290395.316509,-0.017000000923871994,4.3,-11.1,320.0,1496,1499,1496,1496,1499,1496,180,180,MANUAL (Remote),,0.0
2026-08-09T22:46:35.816,1786290395.816593,-0.017000000923871994,4.3,-11.1,320.0,1496,1499,1496,1496,1499,1496,180,180,MANUAL (Remote),,0.0
2026-08-09T22:46:36.316,1786290396.316544,-0.017000000923871994,4.3,-11.1,320.0,1496,1499,1496,1496,1499,1496,180,180,MANUAL (Remote),,0.0
2026-08-09T22:46:36.816,1786290396.816573,-0.017000000923871994,4.3,-11.1,320.0,1496,1499,1496,1496,1499,1496,180,180,MANUAL (Remote),,0.0
2026-08-09T22:46:37.316,1786290397.316648,-0.017000000923871994,4.3,-11.1,320.0,1496,1499,1496,1496,1499,1496,180,180,MANUAL (Remote),,0.0
2026-08-09T22:46:37.816,1786290397.816702,-0.017000000923871994,4.3,-11.1,320.0,1496,1499,1496,1496,1499,1496,180,180,MANUAL (Remote),,0.0
2026-08-09T22:46:38.316,1786290398.316652,-0.017000000923871994,4.3,-11.1,320.0,1496,1499,1496,1496,1499,1496,180,180,MANUAL (Remote),,0.0
2026-08-09T22:46:38.816,1786290398.816658,-0.017000000923871994,4.3,-11.1,320.0,1496,1499,1496,1496,1499,1496,180,180,MANUAL (Remote),,0.0
2026-08-09T22:46:39.316,1786290399.316652,-0.017000000923871994,4.3,-11.1,320.0,1496,1499,1496,1496,1499,1496,180,180,MANUAL (Remote),,0.0
2026-08-09T22:46:39.816,1786290399.816596,-0.017000000923871994,4.3,-11.1,320.0,1496,1499,1496,1496,1499,1496,180,180,MANUAL (Remote),,0.0
2026-08-09T22:46:40.316,1786290400.316656,-0.017000000923871994,4.3,-11.1,320.0,1496,1499,1496,1496,1499,1496,180,180,MANUAL (Remote),,0.0
2026-08-09T22:46:40.816,1786290400.816519,-0.017000000923871994,4.3,-11.1,320.0,1496,1499,1496,1496,1499,1496,180,180,MANUAL (Remote),,0.0
2026-08-09T22:46:41.316,1786290401.316561,-0.017000000923871994,4.3,-11.1,320.0,1496,1499,1496,1496,1499,1496,180,180,MANUAL (Remote),,0.0
2026-08-09T22:46:41.816,1786290401.81654,-0.017000000923871994,4.3,-11.1,320.0,1496,1499,1496,1496,1499,1496,180,180,MANUAL (Remote),,0.0
2026-08-09T22:46:42.316,1786290402.316614,-0.017000000923871994,4.3,-11.1,320.0,1496,1499,1496,1496,1499,1496,180,180,MANUAL (Remote),,0.0
2026-08-09T22:46:42.816,1786290402.816602,-0.017000000923871994,4.3,-11.1,320.0,1496,1499,1496,1496,1499,1496,180,180,MANUAL (Remote),,0.0
2026-08-09T22:46:43.316,1786290403.316675,-0.017000000923871994,4.3,-11.1,320.0,1496,1499,1496,1496,1499,1496,180,180,MANUAL (Remote),,0.0
2026-08-09T22:46:43.816,1786290403.816665,-0.017000000923871994,4.3,-11.1,320.0,1496,1499,1496,1496,1499,1496,180,180,MANUAL (Remote),,0.0
2026-08-09T22:46:44.316,1786290404.316618,-0.017000000923871994,4.3,-11.1,320.0,1496,1499,1496,1496,1499,1496,180,180,MANUAL (Remote),,0.0
2026-08-09T22:46:44.816,1786290404.816547,-0.017000000923871994,4.3,-11.1,320.0,1496,1499,1496,1496,1499,1496,180,180,MANUAL (Remote),,0.0
2026-08-09T22:46:45.316,1786290405.316622,-0.017000000923871994,4.3,-11.1,320.0,1496,1499,1496,1496,1499,1496,180,180,MANUAL (Remote),,0.0
2026-08-09T22:46:45.816,1786290405.816563,-0.017000000923871994,4.3,-11.1,320.0,1496,1499,1496,1496,1499,1496,180,180,MANUAL (Remote),,0.0
2026-08-09T22:46:46.316,1786290406.316572,-0.017000000923871994,4.3,-11.1,320.0,1496,1499,1496,1496,1499,1496,180,180,MANUAL (Remote),,0.0
2026-08-09T22:46:46.816,1786290406.816523,-0.017000000923871994,4.3,-11.1,320.0,1496,1499,1496,1496,1499,1496,180,180,MANUAL (Remote),,0.0
2026-08-09T22:46:47.316,1786290407.316584,-0.017000000923871994,4.3,-11.1,320.0,1496,1499,1496,1496,1499,1496,180,180,MANUAL (Remote),,0.0
2026-08-09T22:46:47.816,1786290407.816536,-0.017000000923871994,4.3,-11.1,320.0,1496,1499,1496,1496,1499,1496,180,180,MANUAL (Remote),,0.0
2026-08-09T22:46:48.316,1786290408.3165,-0.017000000923871994,4.3,-11.1,320.0,1496,1499,1496,1496,1499,1496,180,180,MANUAL (Remote),,0.0
2026-08-09T22:46:48.816,1786290408.816591,-0.017000000923871994,4.3,-11.1,320.0,1496,1499,1496,1496,1499,1496,180,180,MANUAL (Remote),,0.0
