timestamp_iso,timestamp_unix,depth_m,pitch_deg,roll_deg,yaw_deg,pwm_dkiri,pwm_tkiri,pwm_bkiri,pwm_dkanan,pwm_tkanan,pwm_bkanan,servo_tilt_arm,servo_gripper,mode,qr_data,surge_est
2026-08-10T10:24:47.282,1786332287.282406,0.0,0.0,0.0,0.0,1500,1500,1500,1500,1500,1500,180,180,UNKNOWN,,0.0
2026-08-10T10:24:47.782,1786332287.782543,0.0,0.0,0.0,0.0,1500,1500,1500,1500,1500,1500,180,180,UNKNOWN,,0.0
2026-08-10T10:24:48.282,1786332288.282407,0.0,0.0,0.0,0.0,1500,1500,1500,1500,1500,1500,180,180,UNKNOWN,,0.0
2026-08-10T10:24:48.782,1786332288.782511,0.0,0.0,0.0,0.0,1500,1500,1500,1500,1500,1500,180,180,UNKNOWN,,0.0
2026-08-10T10:24:49.282,1786332289.282404,0.08100000023841858,4.8,-15.5,296.7,1500,1500,1500,1500,1500,1500,180,180,MANUAL (Remote),,0.0
2026-08-10T10:24:49.782,1786332289.78239,0.07400000095367432,4.4,-15.1,296.8,1500,1500,1500,1500,1500,1500,90,90,FAILSAFE (Terputus!),,0.0
2026-08-10T10:24:50.282,1786332290.282399,0.07699999958276749,4.4,-14.9,296.6,1500,1500,1500,1500,1500,1500,90,90,FAILSAFE (Terputus!),,0.0
2026-08-10T10:24:50.782,1786332290.78243,0.07699999958276749,4.6,-14.7,296.5,1500,1499,1500,1500,1499,1500,180,180,MANUAL (Remote),,0.0
2026-08-10T10:24:51.282,1786332291.282492,0.07599999755620956,4.6,-14.6,296.5,1500,1499,1500,1500,1499,1500,180,180,MANUAL (Remote),,0.0
2026-08-10T10:24:51.782,1786332291.782406,0.07699999958276749,4.6,-14.6,296.5,1500,1499,1500,1500,1499,1500,180,180,MANUAL (Remote),,0.0
2026-08-10T10:24:52.282,1786332292.282485,0.07800000160932541,4.1,-14.7,296.5,1500,1499,1500,1500,1499,1500,180,180,MANUAL (Remote),,0.0
2026-08-10T10:24:52.782,1786332292.782458,0.07800000160932541,4.5,-13.8,296.5,1500,1499,1500,1500,1499,1500,180,180,MANUAL (Remote),,0.0
2026-08-10T10:24:53.282,1786332293.282356,0.07999999821186066,4.8,-15.1,296.3,1500,1499,1500,1500,1499,1500,180,180,MANUAL (Remote),,0.0
2026-08-10T10:24:53.782,1786332293.782415,0.07699999958276749,4.4,-15.3,296.4,1500,1499,1500,1500,1499,1500,180,180,MANUAL (Remote),,0.0
2026-08-10T10:24:54.282,1786332294.282408,0.0729999989271164,4.5,-16.0,296.4,1500,1499,1500,1500,1499,1500,180,180,MANUAL (Remote),,0.0
2026-08-10T10:24:54.782,1786332294.782417,0.07699999958276749,4.2,-15.3,296.5,1500,1499,1500,1500,1499,1500,180,180,MANUAL (Remote),,0.0
2026-08-10T10:24:55.282,1786332295.282537,0.07599999755620956,4.5,-15.1,296.5,1500,1499,1500,1500,1499,1500,180,180,MANUAL (Remote),,0.0
2026-08-10T10:24:55.782,1786332295.782734,0.07800000160932541,4.1,-15.0,296.6,1500,1499,1500,1500,1499,1500,180,180,MANUAL (Remote),,0.0
2026-08-10T10:24:56.282,1786332296.282447,0.08299999684095383,4.2,-14.9,296.5,1500,1499,1500,1500,1499,1500,180,180,MANUAL (Remote),,0.0
2026-08-10T10:24:56.782,1786332296.782532,0.08100000023841858,4.4,-14.5,296.5,1500,1499,1500,1500,1499,1500,180,180,MANUAL (Remote),,0.0
2026-08-10T10:24:57.282,1786332297.282481,0.07699999958276749,4.1,-15.2,297.3,1500,1499,1500,1500,1499,1500,180,180,MANUAL (Remote),,0.0
2026-08-10T10:24:57.782,1786332297.782495,0.07599999755620956,4.3,-14.5,298.0,1500,1499,1500,1500,1499,1500,180,180,MANUAL (Remote),,0.0
2026-08-10T10:24:58.282,1786332298.28244,0.08399999886751175,4.3,-14.6,297.6,1500,1499,1500,1500,1499,1500,180,180,MANUAL (Remote),,0.0
2026-08-10T10:24:58.782,1786332298.782473,0.06800000369548798,4.3,-14.3,297.2,1500,1499,1500,1500,1499,1500,180,180,MANUAL (Remote),,0.0
2026-08-10T10:24:59.282,1786332299.282389,0.07999999821186066,4.3,-14.6,297.1,1500,1499,1500,1500,1499,1500,180,180,MANUAL (Remote),,0.0
2026-08-10T10:24:59.782,1786332299.782462,0.07400000095367432,4.6,-15.0,296.8,1500,1499,1500,1500,1499,1500,180,180,MANUAL (Remote),,0.0
2026-08-10T10:25:00.282,1786332300.2824,0.07800000160932541,4.6,-14.1,296.8,1500,1499,1500,1500,1499,1500,180,180,MANUAL (Remote),,0.0
2026-08-10T10:25:00.782,1786332300.782434,0.07500000298023224,4.4,-14.8,296.7,1500,1499,1500,1500,1499,1500,180,180,MANUAL (Remote),,0.0
2026-08-10T10:25:01.282,1786332301.282371,0.07500000298023224,4.2,-14.4,296.6,1500,1499,1500,1500,1499,1500,180,180,MANUAL (Remote),,0.0
2026-08-10T10:25:01.782,1786332301.782414,0.07599999755620956,4.3,-14.3,296.6,1500,1499,1500,1500,1499,1500,180,180,MANUAL (Remote),,0.0
2026-08-10T10:25:02.282,1786332302.282412,0.07199999690055847,4.2,-14.3,296.6,1500,1499,1500,1500,1499,1500,180,180,MANUAL (Remote),,0.0
2026-08-10T10:25:02.782,1786332302.782553,0.07999999821186066,4.0,-14.7,296.5,1500,1499,1500,1500,1499,1500,180,180,MANUAL (Remote),,0.0
2026-08-10T10:25:03.282,1786332303.282397,0.07599999755620956,4.1,-14.5,296.5,1500,1499,1500,1500,1499,1500,180,180,MANUAL (Remote),,0.0
2026-08-10T10:25:03.782,1786332303.782458,0.07800000160932541,4.1,-14.3,296.5,1500,1499,1500,1500,1499,1500,180,180,MANUAL (Remote),,0.0
2026-08-10T10:25:04.282,1786332304.282544,0.0729999989271164,4.2,-14.5,296.5,1500,1499,1500,1500,1499,1500,180,180,MANUAL (Remote),,0.0
2026-08-10T10:25:04.782,1786332304.782432,0.07400000095367432,4.7,-14.2,296.8,1500,1499,1500,1500,1499,1500,180,180,MANUAL (Remote),,0.0
2026-08-10T10:25:05.282,1786332305.282431,0.07000000029802322,4.4,-14.1,296.8,1500,1499,1500,1500,1499,1500,180,180,MANUAL (Remote),,0.0
2026-08-10T10:25:05.782,1786332305.782535,0.07999999821186066,4.5,-14.9,296.6,1500,1499,1500,1500,1499,1500,180,180,MANUAL (Remote),,0.0
2026-08-10T10:25:06.282,1786332306.282424,0.0729999989271164,4.4,-13.2,296.7,1500,1499,1500,1500,1499,1500,180,180,MANUAL (Remote),,0.0
2026-08-10T10:25:06.782,1786332306.782612,0.07699999958276749,3.6,-13.2,296.6,1500,1499,1500,1500,1499,1500,180,180,MANUAL (Remote),,0.0
2026-08-10T10:25:07.282,1786332307.282422,0.07599999755620956,3.9,-13.5,296.6,1500,1499,1500,1500,1499,1500,180,180,MANUAL (Remote),,0.0
2026-08-10T10:25:07.782,1786332307.782462,0.07400000095367432,4.3,-14.0,296.7,1500,1499,1500,1500,1499,1500,180,180,MANUAL (Remote),,0.0
2026-08-10T10:25:08.282,1786332308.282582,0.0729999989271164,2.4,-14.3,296.4,1500,1499,1500,1500,1499,1500,180,180,MANUAL (Remote),,0.0
2026-08-10T10:25:08.782,1786332308.782385,0.07999999821186066,3.0,-14.4,296.2,1500,1499,1500,1500,1499,1500,180,180,MANUAL (Remote),,0.0
2026-08-10T10:25:09.282,1786332309.282432,0.07999999821186066,3.2,-14.2,296.1,1500,1499,1500,1500,1499,1500,180,180,MANUAL (Remote),,0.0
2026-08-10T10:25:09.782,1786332309.782419,0.07699999958276749,3.9,-14.4,296.0,1500,1499,1500,1500,1499,1500,180,180,MANUAL (Remote),,0.0
2026-08-10T10:25:10.282,1786332310.282425,0.07800000160932541,3.8,-13.9,296.2,1500,1499,1500,1500,1499,1500,180,180,MANUAL (Remote),,0.0
2026-08-10T10:25:10.782,1786332310.782447,0.07400000095367432,4.0,-14.3,296.3,1500,1499,1500,1500,1499,1500,180,180,MANUAL (Remote),,0.0
2026-08-10T10:25:11.282,1786332311.282428,0.07999999821186066,3.9,-14.4,296.3,1500,1499,1500,1500,1499,1500,180,180,MANUAL (Remote),,0.0
2026-08-10T10:25:11.782,1786332311.782411,0.07699999958276749,4.0,-14.6,296.4,1500,1499,1500,1500,1499,1500,180,180,MANUAL (Remote),,0.0
2026-08-10T10:25:12.282,1786332312.282431,0.07699999958276749,4.0,-14.2,296.4,1500,1499,1500,1500,1499,1500,180,180,MANUAL (Remote),,0.0
2026-08-10T10:25:12.782,1786332312.782443,0.07100000232458115,4.0,-14.1,296.4,1500,1517,1500,1500,1517,1500,180,180,MANUAL (Remote),,0.0
2026-08-10T10:25:13.282,1786332313.282388,0.07800000160932541,4.4,-14.1,296.4,1500,1599,1500,1500,1599,1500,180,180,MANUAL (Remote),,99.0
2026-08-10T10:25:13.782,1786332313.782397,0.0729999989271164,4.0,-13.9,296.5,1500,1539,1500,1500,1539,1500,180,180,MANUAL (Remote),,39.0
2026-08-10T10:25:14.282,1786332314.282385,0.07599999755620956,4.1,-14.1,296.6,1500,1518,1500,1500,1518,1500,180,180,MANUAL (Remote),,0.0
2026-08-10T10:25:14.782,1786332314.782443,0.07699999958276749,4.2,-14.0,296.6,1500,1588,1500,1500,1588,1500,180,180,MANUAL (Remote),,88.0
2026-08-10T10:25:15.282,1786332315.282379,0.07599999755620956,4.2,-13.2,296.7,1500,1504,1500,1500,1504,1500,180,180,MANUAL (Remote),,0.0
2026-08-10T10:25:15.782,1786332315.782392,0.07999999821186066,4.5,-13.9,296.8,1500,1499,1500,1500,1499,1500,180,180,MANUAL (Remote),,0.0
2026-08-10T10:25:16.282,1786332316.282528,0.07800000160932541,4.1,-14.0,296.8,1500,1499,1500,1500,1499,1500,180,180,MANUAL (Remote),,0.0
2026-08-10T10:25:16.782,1786332316.782386,0.07400000095367432,4.2,-13.8,296.8,1500,1499,1500,1500,1499,1500,180,180,MANUAL (Remote),,0.0
2026-08-10T10:25:17.282,1786332317.28237,0.07500000298023224,4.2,-14.0,296.8,1500,1499,1500,1500,1499,1500,180,180,MANUAL (Remote),,0.0
2026-08-10T10:25:17.782,1786332317.782391,0.07800000160932541,4.4,-13.4,296.9,1500,1509,1500,1500,1509,1500,180,180,MANUAL (Remote),,0.0
2026-08-10T10:25:18.282,1786332318.282431,0.07699999958276749,4.4,-13.4,296.8,1500,1580,1500,1500,1580,1500,180,180,MANUAL (Remote),,80.0
2026-08-10T10:25:18.782,1786332318.782484,0.07500000298023224,3.8,-13.5,296.9,1500,1625,1500,1500,1625,1500,180,180,MANUAL (Remote),,125.0
2026-08-10T10:25:19.282,1786332319.282392,0.07800000160932541,3.6,-13.5,297.0,1500,1621,1500,1500,1621,1500,180,180,MANUAL (Remote),,121.0
2026-08-10T10:25:19.782,1786332319.782423,0.07500000298023224,4.2,-13.4,297.5,1500,1621,1500,1500,1621,1500,180,180,MANUAL (Remote),,121.0
2026-08-10T10:25:20.282,1786332320.282372,0.07900000363588333,4.3,-13.2,297.3,1500,1621,1500,1500,1621,1500,180,180,MANUAL (Remote),,121.0
2026-08-10T10:25:20.782,1786332320.782444,0.07599999755620956,4.3,-13.4,297.2,1500,1621,1500,1500,1621,1500,180,180,MANUAL (Remote),,121.0
2026-08-10T10:25:21.282,1786332321.282422,0.07900000363588333,4.3,-12.9,297.2,1500,1577,1500,1500,1577,1500,180,180,MANUAL (Remote),,77.0
2026-08-10T10:25:21.782,1786332321.782368,0.07599999755620956,4.5,-14.1,297.0,1500,1531,1500,1500,1531,1500,180,180,MANUAL (Remote),,31.0
2026-08-10T10:25:22.282,1786332322.282423,0.08100000023841858,4.5,-13.9,297.5,1500,1531,1500,1500,1531,1500,180,180,MANUAL (Remote),,31.0
2026-08-10T10:25:22.782,1786332322.782509,0.07900000363588333,4.5,-13.8,297.6,1500,1531,1500,1500,1531,1500,180,180,MANUAL (Remote),,31.0
2026-08-10T10:25:23.282,1786332323.282388,0.07699999958276749,4.2,-13.9,297.4,1500,1531,1500,1500,1531,1500,180,180,MANUAL (Remote),,31.0
2026-08-10T10:25:23.782,1786332323.782389,0.07599999755620956,4.2,-14.0,297.2,1500,1529,1500,1500,1529,1500,180,180,MANUAL (Remote),,29.0
2026-08-10T10:25:24.282,1786332324.282431,0.07999999821186066,4.3,-14.0,297.2,1500,1527,1500,1500,1527,1500,180,180,MANUAL (Remote),,27.0
2026-08-10T10:25:24.782,1786332324.782459,0.07199999690055847,4.1,-13.5,297.2,1500,1522,1500,1500,1522,1500,180,180,MANUAL (Remote),,22.0
2026-08-10T10:25:25.282,1786332325.282376,0.07699999958276749,3.9,-13.7,296.9,1500,1499,1500,1500,1499,1500,180,180,MANUAL (Remote),,0.0
2026-08-10T10:25:25.782,1786332325.782431,0.07400000095367432,3.9,-13.8,296.7,1500,1499,1500,1500,1499,1500,180,180,MANUAL (Remote),,0.0
2026-08-10T10:25:26.282,1786332326.282398,0.07699999958276749,4.1,-13.9,296.7,1500,1499,1500,1500,1499,1500,180,180,MANUAL (Remote),,0.0
2026-08-10T10:25:26.782,1786332326.782425,0.0729999989271164,4.1,-14.3,296.6,1479,1499,1479,1500,1499,1500,180,180,MANUAL (Remote),,0.0
2026-08-10T10:25:27.282,1786332327.282376,0.07900000363588333,4.4,-14.4,296.5,1476,1499,1476,1500,1499,1500,180,180,MANUAL (Remote),,0.0
2026-08-10T10:25:27.782,1786332327.782388,0.07900000363588333,4.1,-14.5,296.4,1461,1499,1461,1500,1499,1500,180,180,MANUAL (Remote),,0.0
2026-08-10T10:25:28.282,1786332328.282437,0.07500000298023224,4.2,-14.3,296.3,1498,1499,1498,1500,1499,1500,180,180,MANUAL (Remote),,0.0
2026-08-10T10:25:28.782,1786332328.782466,0.07500000298023224,4.2,-14.3,296.5,1500,1499,1500,1500,1499,1500,180,180,MANUAL (Remote),,0.0
2026-08-10T10:25:29.282,1786332329.282407,0.07999999821186066,4.5,-14.4,296.5,1483,1499,1483,1483,1499,1483,180,180,MANUAL (Remote),,0.0
2026-08-10T10:25:29.782,1786332329.782402,0.07400000095367432,4.3,-14.2,296.6,1483,1499,1483,1483,1499,1483,180,180,MANUAL (Remote),,0.0
2026-08-10T10:25:30.282,1786332330.282436,0.07599999755620956,4.3,-13.7,296.7,1480,1499,1480,1480,1499,1480,180,180,MANUAL (Remote),,0.0
2026-08-10T10:25:30.782,1786332330.782478,0.0729999989271164,4.4,-13.5,296.8,1480,1499,1480,1480,1499,1480,180,180,MANUAL (Remote),,0.0
2026-08-10T10:25:31.282,1786332331.282439,0.07699999958276749,4.2,-13.9,296.9,1480,1499,1480,1480,1499,1480,180,180,MANUAL (Remote),,0.0
2026-08-10T10:25:31.782,1786332331.782429,0.07900000363588333,4.2,-13.9,296.6,1480,1499,1480,1480,1499,1480,180,180,MANUAL (Remote),,0.0
2026-08-10T10:25:32.282,1786332332.28242,0.0729999989271164,3.9,-13.6,296.8,1480,1499,1480,1480,1499,1480,180,180,MANUAL (Remote),,0.0
2026-08-10T10:25:32.782,1786332332.782452,0.07500000298023224,3.6,-14.4,297.0,1480,1499,1480,1480,1499,1480,180,180,MANUAL (Remote),,0.0
2026-08-10T10:25:33.282,1786332333.282502,0.07999999821186066,3.9,-16.2,297.0,1480,1499,1480,1480,1499,1480,180,180,MANUAL (Remote),,0.0
2026-08-10T10:25:33.782,1786332333.782435,0.07400000095367432,2.0,-14.7,298.0,1480,1499,1480,1480,1499,1480,180,180,MANUAL (Remote),,0.0
2026-08-10T10:25:34.282,1786332334.282378,0.07800000160932541,3.3,-14.1,297.5,1480,1499,1480,1480,1499,1480,180,180,MANUAL (Remote),,0.0
2026-08-10T10:25:34.782,1786332334.782438,0.07999999821186066,3.9,-13.8,297.0,1480,1499,1480,1480,1499,1480,180,180,MANUAL (Remote),,0.0
2026-08-10T10:25:35.282,1786332335.282472,0.07400000095367432,4.0,-13.7,297.0,1480,1499,1480,1480,1499,1480,180,180,MANUAL (Remote),,0.0
2026-08-10T10:25:35.782,1786332335.782442,0.07400000095367432,4.4,-15.4,296.1,1480,1499,1480,1480,1499,1480,180,180,MANUAL (Remote),,0.0
2026-08-10T10:25:36.282,1786332336.282457,0.07699999958276749,3.8,-15.2,297.4,1480,1499,1480,1480,1499,1480,180,180,MANUAL (Remote),,0.0
2026-08-10T10:25:36.782,1786332336.782395,0.07699999958276749,4.1,-14.5,297.4,1480,1499,1480,1480,1499,1480,180,180,MANUAL (Remote),,0.0
2026-08-10T10:25:37.282,1786332337.282578,0.07999999821186066,4.1,-14.1,297.2,1480,1499,1480,1480,1499,1480,180,180,MANUAL (Remote),,0.0
2026-08-10T10:25:37.782,1786332337.782473,0.07100000232458115,4.2,-14.2,296.7,1480,1499,1480,1480,1499,1480,180,180,MANUAL (Remote),,0.0
2026-08-10T10:25:38.282,1786332338.28241,0.07800000160932541,4.0,-14.3,296.8,1480,1499,1480,1480,1499,1480,180,180,MANUAL (Remote),,0.0
2026-08-10T10:25:38.782,1786332338.782426,0.07699999958276749,4.3,-14.4,296.7,1480,1499,1480,1480,1499,1480,180,180,MANUAL (Remote),,0.0
2026-08-10T10:25:39.282,1786332339.282431,0.07500000298023224,3.9,-13.7,296.6,1480,1499,1480,1480,1499,1480,180,180,MANUAL (Remote),,0.0
2026-08-10T10:25:39.782,1786332339.782513,0.07699999958276749,4.0,-13.8,296.5,1480,1499,1480,1480,1499,1480,180,180,MANUAL (Remote),,0.0
2026-08-10T10:25:40.282,1786332340.282519,0.07599999755620956,3.9,-14.1,296.3,1480,1499,1480,1480,1499,1480,180,180,MANUAL (Remote),,0.0
2026-08-10T10:25:40.782,1786332340.782493,0.07199999690055847,4.0,-13.8,296.3,1480,1499,1480,1480,1499,1480,180,180,MANUAL (Remote),,0.0
2026-08-10T10:25:41.282,1786332341.282425,0.0729999989271164,4.0,-14.3,296.2,1480,1499,1480,1480,1499,1480,180,180,MANUAL (Remote),,0.0
2026-08-10T10:25:41.782,1786332341.782471,0.07599999755620956,4.5,-14.1,296.3,1480,1499,1480,1480,1499,1480,180,180,MANUAL (Remote),,0.0
2026-08-10T10:25:42.282,1786332342.282406,0.07400000095367432,4.0,-13.9,296.6,1480,1499,1480,1480,1499,1480,180,180,MANUAL (Remote),,0.0
2026-08-10T10:25:42.782,1786332342.782397,0.07800000160932541,4.0,-13.6,296.3,1480,1499,1480,1480,1499,1480,180,180,MANUAL (Remote),,0.0
2026-08-10T10:25:43.282,1786332343.282585,0.07400000095367432,3.9,-14.0,296.4,1480,1499,1480,1480,1499,1480,180,180,MANUAL (Remote),,0.0
2026-08-10T10:25:43.782,1786332343.782521,0.07500000298023224,3.5,-14.0,296.4,1480,1499,1480,1480,1499,1480,180,180,MANUAL (Remote),,0.0
2026-08-10T10:25:44.282,1786332344.282467,0.07599999755620956,3.7,-13.8,296.3,1480,1499,1480,1480,1499,1480,180,180,MANUAL (Remote),,0.0
2026-08-10T10:25:44.782,1786332344.782574,0.07500000298023224,3.9,-13.8,296.0,1480,1499,1480,1480,1499,1480,180,180,MANUAL (Remote),,0.0
2026-08-10T10:25:45.282,1786332345.282396,0.0729999989271164,3.9,-14.0,296.0,1480,1499,1480,1480,1499,1480,180,180,MANUAL (Remote),,0.0
2026-08-10T10:25:45.782,1786332345.782539,0.07199999690055847,3.8,-14.0,296.0,1480,1499,1480,1480,1499,1480,180,180,MANUAL (Remote),,0.0
2026-08-10T10:25:46.282,1786332346.28246,0.07400000095367432,4.0,-13.9,296.0,1480,1499,1480,1480,1499,1480,180,180,MANUAL (Remote),,0.0
2026-08-10T10:25:46.782,1786332346.782462,0.07199999690055847,3.7,-13.9,296.1,1480,1499,1480,1480,1499,1480,180,180,MANUAL (Remote),,0.0
2026-08-10T10:25:47.282,1786332347.282643,0.07500000298023224,3.7,-13.8,296.2,1480,1499,1480,1480,1499,1480,180,180,MANUAL (Remote),,0.0
2026-08-10T10:25:47.782,1786332347.782353,0.07999999821186066,4.1,-14.5,296.1,1480,1499,1480,1480,1499,1480,180,180,MANUAL (Remote),,0.0
2026-08-10T10:25:48.282,1786332348.282501,0.07699999958276749,3.6,-14.4,296.1,1480,1499,1480,1480,1499,1480,180,180,MANUAL (Remote),,0.0
2026-08-10T10:25:48.782,1786332348.7824,0.07699999958276749,3.4,-14.1,296.0,1480,1499,1480,1480,1499,1480,180,180,MANUAL (Remote),,0.0
2026-08-10T10:25:49.282,1786332349.282359,0.07699999958276749,3.4,-14.1,296.2,1480,1499,1480,1480,1499,1480,180,180,MANUAL (Remote),,0.0
2026-08-10T10:25:49.782,1786332349.782442,0.07599999755620956,3.5,-13.9,296.4,1480,1499,1480,1480,1499,1480,180,180,MANUAL (Remote),,0.0
2026-08-10T10:25:50.282,1786332350.282528,0.07400000095367432,3.6,-13.9,296.3,1480,1499,1480,1480,1499,1480,180,180,MANUAL (Remote),,0.0
2026-08-10T10:25:50.782,1786332350.782548,0.07199999690055847,3.6,-13.3,296.2,1480,1499,1480,1480,1499,1480,180,180,MANUAL (Remote),,0.0
2026-08-10T10:25:51.282,1786332351.282482,0.0729999989271164,3.6,-13.5,296.0,1480,1499,1480,1480,1499,1480,180,180,MANUAL (Remote),,0.0
2026-08-10T10:25:51.782,1786332351.782594,0.07400000095367432,3.7,-13.7,296.2,1480,1499,1480,1480,1499,1480,180,180,MANUAL (Remote),,0.0
2026-08-10T10:25:52.282,1786332352.28243,0.07199999690055847,3.7,-14.2,296.6,1480,1499,1480,1480,1499,1480,180,180,MANUAL (Remote),,0.0
2026-08-10T10:25:52.782,1786332352.782608,0.07599999755620956,3.6,-14.2,296.8,1480,1499,1480,1480,1499,1480,180,180,MANUAL (Remote),,0.0
2026-08-10T10:25:53.282,1786332353.282397,0.0729999989271164,3.5,-13.9,296.8,1480,1499,1480,1480,1499,1480,180,180,MANUAL (Remote),,0.0
2026-08-10T10:25:53.782,1786332353.782539,0.07100000232458115,3.8,-13.8,296.6,1480,1499,1480,1480,1499,1480,180,180,MANUAL (Remote),,0.0
2026-08-10T10:25:54.282,1786332354.28242,0.07500000298023224,4.0,-13.9,296.4,1480,1499,1480,1480,1499,1480,180,180,MANUAL (Remote),,0.0
2026-08-10T10:25:54.782,1786332354.782373,0.07199999690055847,3.9,-13.9,296.5,1480,1499,1480,1480,1499,1480,180,180,MANUAL (Remote),,0.0
2026-08-10T10:25:55.282,1786332355.282434,0.0729999989271164,3.8,-14.0,296.7,1480,1499,1480,1480,1499,1480,180,180,MANUAL (Remote),,0.0
2026-08-10T10:25:55.782,1786332355.78235,0.07500000298023224,3.9,-14.0,296.7,1480,1499,1480,1480,1499,1480,180,180,MANUAL (Remote),,0.0
2026-08-10T10:25:56.282,1786332356.282437,0.07400000095367432,3.9,-14.0,296.6,1480,1499,1480,1480,1499,1480,180,180,MANUAL (Remote),,0.0
2026-08-10T10:25:56.782,1786332356.782571,0.07199999690055847,3.9,-13.9,296.6,1480,1499,1480,1480,1499,1480,180,180,MANUAL (Remote),,0.0
2026-08-10T10:25:57.282,1786332357.28247,0.0729999989271164,4.0,-13.9,296.9,1480,1499,1480,1480,1499,1480,180,180,MANUAL (Remote),,0.0
2026-08-10T10:25:57.782,1786332357.782522,0.07199999690055847,3.9,-13.3,296.8,1480,1499,1480,1480,1499,1480,180,180,MANUAL (Remote),,0.0
2026-08-10T10:25:58.282,1786332358.282553,0.0689999982714653,3.8,-13.9,296.7,1480,1499,1480,1480,1499,1480,180,180,MANUAL (Remote),,0.0
2026-08-10T10:25:58.782,1786332358.782446,0.07599999755620956,4.1,-14.0,296.4,1480,1499,1480,1480,1499,1480,180,180,MANUAL (Remote),,0.0
2026-08-10T10:25:59.282,1786332359.28238,0.07500000298023224,3.9,-13.9,296.5,1480,1499,1480,1480,1499,1480,180,180,MANUAL (Remote),,0.0
2026-08-10T10:25:59.782,1786332359.782461,0.07400000095367432,4.0,-13.9,296.4,1480,1499,1480,1480,1499,1480,180,180,MANUAL (Remote),,0.0
2026-08-10T10:26:00.282,1786332360.282554,0.07100000232458115,3.7,-14.3,296.6,1480,1499,1480,1480,1499,1480,180,180,MANUAL (Remote),,0.0
2026-08-10T10:26:00.782,1786332360.782413,0.07100000232458115,4.0,-14.0,296.6,1480,1499,1480,1480,1499,1480,180,180,MANUAL (Remote),,0.0
2026-08-10T10:26:01.282,1786332361.282428,0.07500000298023224,3.6,-13.7,296.8,1480,1499,1480,1480,1499,1480,180,180,MANUAL (Remote),,0.0
2026-08-10T10:26:01.782,1786332361.782558,0.07500000298023224,3.7,-13.7,296.8,1480,1499,1480,1480,1499,1480,180,180,MANUAL (Remote),,0.0
2026-08-10T10:26:02.282,1786332362.282533,0.0729999989271164,3.9,-13.9,297.0,1480,1499,1480,1480,1499,1480,180,180,MANUAL (Remote),,0.0
2026-08-10T10:26:02.782,1786332362.782429,0.0729999989271164,3.8,-13.6,297.0,1480,1499,1480,1480,1499,1480,180,180,MANUAL (Remote),,0.0
2026-08-10T10:26:03.282,1786332363.282411,0.07400000095367432,3.9,-13.8,296.7,1480,1499,1480,1480,1499,1480,180,180,MANUAL (Remote),,0.0
2026-08-10T10:26:03.782,1786332363.782379,0.07400000095367432,3.8,-13.9,296.5,1480,1499,1480,1480,1499,1480,180,180,MANUAL (Remote),,0.0
2026-08-10T10:26:04.282,1786332364.282452,0.07000000029802322,3.9,-14.2,296.6,1480,1499,1480,1480,1499,1480,180,180,MANUAL (Remote),,0.0
2026-08-10T10:26:04.782,1786332364.782455,0.07599999755620956,4.2,-14.3,296.5,1480,1499,1480,1480,1499,1480,180,180,MANUAL (Remote),,0.0
2026-08-10T10:26:05.282,1786332365.282422,0.07400000095367432,4.0,-14.2,296.5,1480,1499,1480,1480,1499,1480,180,180,MANUAL (Remote),,0.0
2026-08-10T10:26:05.782,1786332365.78237,0.07500000298023224,4.2,-14.4,296.1,1480,1499,1480,1480,1499,1480,180,180,MANUAL (Remote),,0.0
2026-08-10T10:26:06.282,1786332366.282549,0.07199999690055847,4.3,-14.3,296.0,1480,1499,1480,1480,1499,1480,180,180,MANUAL (Remote),,0.0
2026-08-10T10:26:06.782,1786332366.78242,0.06499999761581421,4.1,-14.5,295.9,1480,1499,1480,1480,1499,1480,180,180,MANUAL (Remote),,0.0
2026-08-10T10:26:07.282,1786332367.282438,0.07100000232458115,4.0,-14.3,295.9,1480,1499,1480,1480,1499,1480,180,180,MANUAL (Remote),,0.0
2026-08-10T10:26:07.782,1786332367.782476,0.07500000298023224,3.9,-14.0,296.0,1480,1499,1480,1480,1499,1480,180,180,MANUAL (Remote),,0.0
2026-08-10T10:26:08.282,1786332368.282436,0.07100000232458115,3.8,-13.9,296.2,1480,1499,1480,1480,1499,1480,180,180,MANUAL (Remote),,0.0
2026-08-10T10:26:08.782,1786332368.782514,0.07400000095367432,4.0,-13.9,296.0,1480,1499,1480,1480,1499,1480,180,180,MANUAL (Remote),,0.0
2026-08-10T10:26:09.282,1786332369.282372,0.07800000160932541,4.1,-13.9,296.1,1480,1499,1480,1480,1499,1480,180,180,MANUAL (Remote),,0.0
2026-08-10T10:26:09.782,1786332369.782521,0.07699999958276749,4.1,-13.9,295.9,1480,1499,1480,1480,1499,1480,180,180,MANUAL (Remote),,0.0
2026-08-10T10:26:10.282,1786332370.282501,0.07100000232458115,4.1,-13.8,295.9,1480,1499,1480,1480,1499,1480,180,180,MANUAL (Remote),,0.0
2026-08-10T10:26:10.782,1786332370.7827,0.07400000095367432,4.1,-13.9,295.6,1486,1499,1486,1486,1499,1486,180,180,MANUAL (Remote),,0.0
2026-08-10T10:26:11.282,1786332371.282424,0.07100000232458115,4.1,-14.2,295.5,1486,1499,1486,1486,1499,1486,180,180,MANUAL (Remote),,0.0
2026-08-10T10:26:11.782,1786332371.782403,0.0729999989271164,4.1,-14.0,295.7,1487,1499,1487,1487,1499,1487,180,180,MANUAL (Remote),,0.0
2026-08-10T10:26:12.282,1786332372.282461,0.06400000303983688,3.9,-13.9,295.9,1487,1499,1487,1487,1499,1487,180,180,MANUAL (Remote),,0.0
2026-08-10T10:26:12.782,1786332372.782404,0.07199999690055847,4.0,-14.1,296.1,1487,1499,1487,1487,1499,1487,180,180,MANUAL (Remote),,0.0
2026-08-10T10:26:13.282,1786332373.282457,0.07800000160932541,3.8,-14.2,296.2,1487,1499,1487,1487,1499,1487,180,180,MANUAL (Remote),,0.0
2026-08-10T10:26:13.782,1786332373.782412,0.07199999690055847,3.8,-14.1,296.2,1487,1499,1487,1487,1499,1487,180,180,MANUAL (Remote),,0.0
2026-08-10T10:26:14.282,1786332374.282616,0.07599999755620956,3.7,-13.9,296.1,1487,1499,1487,1487,1499,1487,180,180,MANUAL (Remote),,0.0
2026-08-10T10:26:14.782,1786332374.78253,0.07000000029802322,3.6,-14.0,296.0,1487,1499,1487,1487,1499,1487,180,180,MANUAL (Remote),,0.0
2026-08-10T10:26:15.282,1786332375.282432,0.07599999755620956,3.6,-14.1,296.0,1487,1499,1487,1487,1499,1487,180,180,MANUAL (Remote),,0.0
2026-08-10T10:26:15.782,1786332375.78243,0.07199999690055847,3.6,-14.1,296.2,1487,1499,1487,1487,1499,1487,180,180,MANUAL (Remote),,0.0
2026-08-10T10:26:16.282,1786332376.28236,0.07400000095367432,3.6,-14.1,296.5,1487,1499,1487,1487,1499,1487,180,180,MANUAL (Remote),,0.0
2026-08-10T10:26:16.782,1786332376.782435,0.07500000298023224,3.7,-14.2,296.7,1487,1499,1487,1487,1499,1487,180,180,MANUAL (Remote),,0.0
2026-08-10T10:26:17.282,1786332377.282442,0.0689999982714653,4.0,-14.1,296.8,1487,1499,1487,1487,1499,1487,180,180,MANUAL (Remote),,0.0
2026-08-10T10:26:17.782,1786332377.782451,0.0729999989271164,3.9,-14.0,296.8,1487,1499,1487,1487,1499,1487,180,180,MANUAL (Remote),,0.0
2026-08-10T10:26:18.282,1786332378.282416,0.07400000095367432,4.0,-14.0,296.5,1487,1499,1487,1487,1499,1487,180,180,MANUAL (Remote),,0.0
2026-08-10T10:26:18.782,1786332378.782453,0.07100000232458115,4.0,-14.1,296.4,1487,1499,1487,1487,1499,1487,180,180,MANUAL (Remote),,0.0
2026-08-10T10:26:19.282,1786332379.282399,0.07199999690055847,3.9,-14.0,296.5,1487,1499,1487,1487,1499,1487,180,180,MANUAL (Remote),,0.0
2026-08-10T10:26:19.782,1786332379.782541,0.0729999989271164,3.9,-14.2,296.5,1487,1499,1487,1487,1499,1487,180,180,MANUAL (Remote),,0.0
2026-08-10T10:26:20.282,1786332380.282418,0.0729999989271164,3.7,-14.2,296.8,1487,1499,1487,1487,1499,1487,180,180,MANUAL (Remote),,0.0
2026-08-10T10:26:20.782,1786332380.782406,0.07100000232458115,4.0,-14.3,296.9,1487,1499,1487,1487,1499,1487,180,180,MANUAL (Remote),,0.0
2026-08-10T10:26:21.282,1786332381.282532,0.07100000232458115,4.0,-14.2,296.9,1487,1499,1487,1487,1499,1487,180,180,MANUAL (Remote),,0.0
2026-08-10T10:26:21.782,1786332381.782454,0.07000000029802322,4.2,-14.0,296.5,1487,1499,1487,1487,1499,1487,180,180,MANUAL (Remote),,0.0
2026-08-10T10:26:22.282,1786332382.282534,0.07400000095367432,4.1,-14.0,296.2,1487,1499,1487,1487,1499,1487,180,180,MANUAL (Remote),,0.0
2026-08-10T10:26:22.782,1786332382.78251,0.06800000369548798,3.9,-13.9,295.9,1487,1499,1487,1487,1499,1487,180,180,MANUAL (Remote),,0.0
2026-08-10T10:26:23.282,1786332383.282451,0.07199999690055847,3.9,-13.8,296.0,1487,1499,1487,1487,1499,1487,180,180,MANUAL (Remote),,0.0
2026-08-10T10:26:23.782,1786332383.782409,0.07199999690055847,3.7,-13.9,296.2,1487,1499,1487,1487,1499,1487,180,180,MANUAL (Remote),,0.0
2026-08-10T10:26:24.282,1786332384.282397,0.07900000363588333,3.6,-13.9,296.4,1487,1499,1487,1487,1499,1487,180,180,MANUAL (Remote),,0.0
2026-08-10T10:26:24.782,1786332384.782666,0.07400000095367432,3.6,-13.8,296.4,1487,1499,1487,1487,1499,1487,180,180,MANUAL (Remote),,0.0
2026-08-10T10:26:25.282,1786332385.28252,0.07000000029802322,3.7,-14.5,296.4,1487,1499,1487,1487,1499,1487,180,180,MANUAL (Remote),,0.0
2026-08-10T10:26:25.782,1786332385.782471,0.07199999690055847,3.7,-14.1,296.4,1487,1499,1487,1487,1499,1487,180,180,MANUAL (Remote),,0.0
2026-08-10T10:26:26.282,1786332386.282579,0.07000000029802322,4.1,-14.1,296.3,1487,1499,1487,1487,1499,1487,180,180,MANUAL (Remote),,0.0
2026-08-10T10:26:26.782,1786332386.78248,0.07100000232458115,4.1,-14.1,296.3,1487,1499,1487,1487,1499,1487,180,180,MANUAL (Remote),,0.0
2026-08-10T10:26:27.282,1786332387.282434,0.07199999690055847,3.8,-14.2,296.6,1487,1499,1487,1487,1499,1487,180,180,MANUAL (Remote),,0.0
2026-08-10T10:26:27.782,1786332387.782431,0.06499999761581421,3.8,-14.1,296.8,1487,1499,1487,1487,1499,1487,180,180,MANUAL (Remote),,0.0
2026-08-10T10:26:28.282,1786332388.28244,0.07000000029802322,3.7,-14.1,296.9,1487,1499,1487,1487,1499,1487,180,180,MANUAL (Remote),,0.0
2026-08-10T10:26:28.782,1786332388.782421,0.07400000095367432,3.7,-13.9,296.8,1487,1499,1487,1487,1499,1487,180,180,MANUAL (Remote),,0.0
2026-08-10T10:26:29.282,1786332389.282581,0.0729999989271164,3.8,-13.6,296.6,1487,1499,1487,1487,1499,1487,180,180,MANUAL (Remote),,0.0
2026-08-10T10:26:29.782,1786332389.782371,0.07400000095367432,3.8,-13.4,296.4,1487,1499,1487,1487,1499,1487,180,180,MANUAL (Remote),,0.0
2026-08-10T10:26:30.282,1786332390.282358,0.07000000029802322,4.1,-13.9,296.3,1487,1499,1487,1487,1499,1487,180,180,MANUAL (Remote),,0.0
2026-08-10T10:26:30.782,1786332390.782518,0.0689999982714653,4.0,-14.1,296.3,1487,1499,1487,1487,1499,1487,180,180,MANUAL (Remote),,0.0
2026-08-10T10:26:31.282,1786332391.282473,0.07000000029802322,4.0,-14.3,296.5,1487,1499,1487,1487,1499,1487,180,180,MANUAL (Remote),,0.0
2026-08-10T10:26:31.782,1786332391.782696,0.07400000095367432,3.9,-14.0,296.4,1487,1499,1487,1487,1499,1487,180,180,MANUAL (Remote),,0.0
2026-08-10T10:26:32.282,1786332392.282346,0.07100000232458115,3.8,-14.2,296.4,1487,1499,1487,1487,1499,1487,180,180,MANUAL (Remote),,0.0
2026-08-10T10:26:32.782,1786332392.782378,0.06800000369548798,3.8,-14.2,296.3,1487,1499,1487,1487,1499,1487,180,180,MANUAL (Remote),,0.0
2026-08-10T10:26:33.282,1786332393.282483,0.0729999989271164,4.0,-14.3,295.9,1487,1499,1487,1487,1499,1487,180,180,MANUAL (Remote),,0.0
2026-08-10T10:26:33.782,1786332393.782413,0.07199999690055847,4.2,-14.2,295.9,1487,1499,1487,1487,1499,1487,180,180,MANUAL (Remote),,0.0
2026-08-10T10:26:34.282,1786332394.282375,0.06400000303983688,4.1,-14.2,295.9,1487,1499,1487,1487,1499,1487,180,180,MANUAL (Remote),,0.0
2026-08-10T10:26:34.782,1786332394.782545,0.07100000232458115,4.0,-14.1,296.2,1487,1499,1487,1487,1499,1487,180,180,MANUAL (Remote),,0.0
2026-08-10T10:26:35.282,1786332395.282496,0.07000000029802322,3.7,-14.2,296.5,1487,1499,1487,1487,1499,1487,180,180,MANUAL (Remote),,0.0
2026-08-10T10:26:35.782,1786332395.782421,0.06300000101327896,3.8,-14.2,296.7,1487,1499,1487,1487,1499,1487,180,180,MANUAL (Remote),,0.0
2026-08-10T10:26:36.282,1786332396.282419,0.07100000232458115,3.8,-13.8,296.8,1487,1499,1487,1487,1499,1487,180,180,MANUAL (Remote),,0.0
2026-08-10T10:26:36.782,1786332396.782383,0.07199999690055847,4.1,-13.8,296.5,1487,1499,1487,1487,1499,1487,180,180,MANUAL (Remote),,0.0
2026-08-10T10:26:37.282,1786332397.282446,0.06499999761581421,3.9,-13.7,296.1,1487,1499,1487,1487,1499,1487,180,180,MANUAL (Remote),,0.0
2026-08-10T10:26:37.782,1786332397.782438,0.07500000298023224,4.1,-13.7,296.0,1487,1499,1487,1487,1499,1487,180,180,MANUAL (Remote),,0.0
2026-08-10T10:26:38.282,1786332398.282407,0.07199999690055847,4.0,-13.8,296.1,1487,1499,1487,1487,1499,1487,180,180,MANUAL (Remote),,0.0
2026-08-10T10:26:38.782,1786332398.782379,0.0689999982714653,3.8,-13.8,296.2,1487,1499,1487,1487,1499,1487,180,180,MANUAL (Remote),,0.0
2026-08-10T10:26:39.282,1786332399.282535,0.06800000369548798,3.8,-13.8,296.5,1487,1499,1487,1487,1499,1487,180,180,MANUAL (Remote),,0.0
2026-08-10T10:26:39.782,1786332399.782394,0.07400000095367432,3.7,-13.9,296.7,1487,1499,1487,1487,1499,1487,180,180,MANUAL (Remote),,0.0
2026-08-10T10:26:40.282,1786332400.282424,0.0689999982714653,3.9,-13.9,296.4,1487,1499,1487,1487,1499,1487,180,180,MANUAL (Remote),,0.0
2026-08-10T10:26:40.782,1786332400.782458,0.07199999690055847,4.1,-13.9,296.1,1487,1499,1487,1487,1499,1487,180,180,MANUAL (Remote),,0.0
2026-08-10T10:26:41.282,1786332401.28246,0.07400000095367432,4.2,-13.5,295.8,1487,1499,1487,1487,1499,1487,180,180,MANUAL (Remote),,0.0
2026-08-10T10:26:41.782,1786332401.78247,0.0729999989271164,4.0,-13.9,295.8,1487,1499,1487,1487,1499,1487,180,180,MANUAL (Remote),,0.0
2026-08-10T10:26:42.282,1786332402.282386,0.07000000029802322,3.7,-14.2,295.9,1487,1499,1487,1487,1499,1487,180,180,MANUAL (Remote),,0.0
2026-08-10T10:26:42.782,1786332402.782371,0.07000000029802322,3.7,-13.9,296.4,1487,1499,1487,1487,1499,1487,180,180,MANUAL (Remote),,0.0
2026-08-10T10:26:43.282,1786332403.282368,0.06800000369548798,3.7,-14.0,296.5,1487,1499,1487,1487,1499,1487,180,180,MANUAL (Remote),,0.0
2026-08-10T10:26:43.782,1786332403.782395,0.07100000232458115,3.5,-14.1,296.4,1487,1499,1487,1487,1499,1487,180,180,MANUAL (Remote),,0.0
2026-08-10T10:26:44.282,1786332404.282422,0.0729999989271164,3.8,-14.1,296.1,1487,1499,1487,1487,1499,1487,180,180,MANUAL (Remote),,0.0
2026-08-10T10:26:44.782,1786332404.782412,0.0729999989271164,4.0,-14.0,295.9,1487,1499,1487,1487,1499,1487,180,180,MANUAL (Remote),,0.0
2026-08-10T10:26:45.282,1786332405.282478,0.07000000029802322,4.1,-14.2,295.7,1487,1499,1487,1487,1499,1487,180,180,MANUAL (Remote),,0.0
2026-08-10T10:26:45.782,1786332405.782381,0.07100000232458115,4.0,-14.1,295.5,1487,1499,1487,1487,1499,1487,180,180,MANUAL (Remote),,0.0
2026-08-10T10:26:46.282,1786332406.2824,0.0729999989271164,4.0,-14.4,295.6,1487,1499,1487,1487,1499,1487,180,180,MANUAL (Remote),,0.0
2026-08-10T10:26:46.782,1786332406.782728,0.06599999964237213,3.8,-14.3,295.8,1487,1499,1487,1487,1499,1487,180,180,MANUAL (Remote),,0.0
2026-08-10T10:26:47.282,1786332407.282471,0.0729999989271164,3.6,-14.2,296.2,1487,1499,1487,1487,1499,1487,180,180,MANUAL (Remote),,0.0
2026-08-10T10:26:47.782,1786332407.782514,0.06599999964237213,3.6,-14.4,296.5,1487,1499,1487,1487,1499,1487,180,180,MANUAL (Remote),,0.0
2026-08-10T10:26:48.282,1786332408.282527,0.07000000029802322,3.9,-14.2,296.4,1487,1499,1487,1487,1499,1487,180,180,MANUAL (Remote),,0.0
2026-08-10T10:26:48.782,1786332408.782447,0.06800000369548798,4.0,-14.2,296.4,1487,1499,1487,1487,1499,1487,180,180,MANUAL (Remote),,0.0
2026-08-10T10:26:49.282,1786332409.282737,0.07000000029802322,4.1,-14.0,296.3,1487,1499,1487,1487,1499,1487,180,180,MANUAL (Remote),,0.0
2026-08-10T10:26:49.782,1786332409.782595,0.0689999982714653,4.1,-14.0,296.2,1487,1499,1487,1487,1499,1487,180,180,MANUAL (Remote),,0.0
2026-08-10T10:26:50.282,1786332410.282464,0.07500000298023224,3.8,-14.0,295.9,1487,1499,1487,1487,1499,1487,180,180,MANUAL (Remote),,0.0
2026-08-10T10:26:50.782,1786332410.782454,0.07500000298023224,3.8,-14.0,295.6,1487,1499,1487,1487,1499,1487,180,180,MANUAL (Remote),,0.0
2026-08-10T10:26:51.282,1786332411.282452,0.07100000232458115,3.8,-14.2,295.8,1487,1499,1487,1487,1499,1487,180,180,MANUAL (Remote),,0.0
2026-08-10T10:26:51.782,1786332411.782525,0.06599999964237213,4.1,-14.0,295.9,1487,1499,1487,1487,1499,1487,180,180,MANUAL (Remote),,0.0
2026-08-10T10:26:52.282,1786332412.282471,0.07400000095367432,3.6,-13.7,295.8,1487,1499,1487,1487,1499,1487,180,180,MANUAL (Remote),,0.0
2026-08-10T10:26:52.782,1786332412.782458,0.07000000029802322,3.8,-13.7,295.5,1487,1499,1487,1487,1499,1487,180,180,MANUAL (Remote),,0.0
2026-08-10T10:26:53.282,1786332413.28245,0.06599999964237213,4.1,-13.8,295.3,1487,1499,1487,1487,1499,1487,180,180,MANUAL (Remote),,0.0
2026-08-10T10:26:53.782,1786332413.782594,0.06499999761581421,3.9,-13.6,295.3,1487,1499,1487,1487,1499,1487,180,180,MANUAL (Remote),,0.0
2026-08-10T10:26:54.282,1786332414.282474,0.07100000232458115,3.7,-13.9,295.6,1487,1499,1487,1487,1499,1487,180,180,MANUAL (Remote),,0.0
2026-08-10T10:26:54.782,1786332414.782511,0.07199999690055847,3.4,-14.0,296.1,1487,1499,1487,1487,1499,1487,180,180,MANUAL (Remote),,0.0
2026-08-10T10:26:55.282,1786332415.282522,0.0729999989271164,3.3,-14.0,296.6,1487,1499,1487,1487,1499,1487,180,180,MANUAL (Remote),,0.0
2026-08-10T10:26:55.782,1786332415.782438,0.07000000029802322,3.5,-14.1,296.5,1487,1499,1487,1487,1499,1487,180,180,MANUAL (Remote),,0.0
2026-08-10T10:26:56.282,1786332416.282703,0.07400000095367432,3.6,-13.9,296.2,1487,1499,1487,1487,1499,1487,180,180,MANUAL (Remote),,0.0
2026-08-10T10:26:56.782,1786332416.782463,0.06599999964237213,3.6,-14.1,295.9,1487,1499,1487,1487,1499,1487,180,180,MANUAL (Remote),,0.0
2026-08-10T10:26:57.282,1786332417.28246,0.07100000232458115,3.6,-14.3,295.8,1487,1499,1487,1487,1499,1487,180,180,MANUAL (Remote),,0.0
2026-08-10T10:26:57.782,1786332417.782704,0.0689999982714653,3.7,-14.3,295.9,1487,1499,1487,1487,1499,1487,180,180,MANUAL (Remote),,0.0
2026-08-10T10:26:58.282,1786332418.282527,0.07199999690055847,3.7,-14.3,296.1,1487,1499,1487,1487,1499,1487,180,180,MANUAL (Remote),,0.0
2026-08-10T10:26:58.782,1786332418.78249,0.07199999690055847,3.7,-14.3,295.9,1487,1499,1487,1487,1499,1487,180,180,MANUAL (Remote),,0.0
2026-08-10T10:26:59.282,1786332419.282586,0.0729999989271164,3.6,-14.3,295.7,1487,1499,1487,1487,1499,1487,180,180,MANUAL (Remote),,0.0
2026-08-10T10:26:59.782,1786332419.782482,0.0729999989271164,3.7,-14.1,295.6,1487,1499,1487,1487,1499,1487,180,180,MANUAL (Remote),,0.0
2026-08-10T10:27:00.282,1786332420.28252,0.0689999982714653,3.8,-14.0,295.9,1487,1499,1487,1487,1499,1487,180,180,MANUAL (Remote),,0.0
2026-08-10T10:27:00.782,1786332420.782422,0.06499999761581421,4.1,-14.3,296.1,1487,1499,1487,1487,1499,1487,180,180,MANUAL (Remote),,0.0
2026-08-10T10:27:01.282,1786332421.2824,0.06800000369548798,4.2,-14.3,296.0,1487,1499,1487,1487,1499,1487,180,180,MANUAL (Remote),,0.0
2026-08-10T10:27:01.782,1786332421.782468,0.06499999761581421,4.2,-14.2,295.9,1487,1499,1487,1487,1499,1487,180,180,MANUAL (Remote),,0.0
2026-08-10T10:27:02.282,1786332422.28248,0.07199999690055847,4.1,-14.2,296.0,1487,1499,1487,1487,1499,1487,180,180,MANUAL (Remote),,0.0
2026-08-10T10:27:02.782,1786332422.782421,0.0689999982714653,4.1,-14.3,296.1,1487,1499,1487,1487,1499,1487,180,180,MANUAL (Remote),,0.0
2026-08-10T10:27:03.282,1786332423.282464,0.06599999964237213,4.0,-14.2,296.5,1487,1499,1487,1487,1499,1487,180,180,MANUAL (Remote),,0.0
2026-08-10T10:27:03.782,1786332423.782399,0.07000000029802322,4.0,-14.2,296.2,1487,1499,1487,1487,1499,1487,180,180,MANUAL (Remote),,0.0
2026-08-10T10:27:04.282,1786332424.282439,0.06599999964237213,3.9,-14.0,296.1,1487,1499,1487,1487,1499,1487,180,180,MANUAL (Remote),,0.0
2026-08-10T10:27:04.782,1786332424.782535,0.06800000369548798,3.7,-14.2,296.1,1487,1499,1487,1487,1499,1487,180,180,MANUAL (Remote),,0.0
2026-08-10T10:27:05.282,1786332425.282443,0.0689999982714653,3.9,-14.1,296.1,1487,1499,1487,1487,1499,1487,180,180,MANUAL (Remote),,0.0
2026-08-10T10:27:05.782,1786332425.782421,0.07199999690055847,3.8,-14.2,296.2,1487,1499,1487,1487,1499,1487,180,180,MANUAL (Remote),,0.0
2026-08-10T10:27:06.282,1786332426.282433,0.0729999989271164,4.0,-14.1,296.3,1487,1499,1487,1487,1499,1487,180,180,MANUAL (Remote),,0.0
2026-08-10T10:27:06.782,1786332426.782454,0.0689999982714653,3.9,-14.3,296.3,1487,1499,1487,1487,1499,1487,180,180,MANUAL (Remote),,0.0
2026-08-10T10:27:07.282,1786332427.282843,0.07100000232458115,3.8,-14.2,296.5,1487,1499,1487,1487,1499,1487,180,180,MANUAL (Remote),,0.0
2026-08-10T10:27:07.782,1786332427.78239,0.06800000369548798,3.6,-13.8,296.9,1487,1499,1487,1487,1499,1487,180,180,MANUAL (Remote),,0.0
2026-08-10T10:27:08.282,1786332428.2824,0.0689999982714653,3.7,-14.0,297.2,1487,1499,1487,1487,1499,1487,180,180,MANUAL (Remote),,0.0
2026-08-10T10:27:08.782,1786332428.782415,0.07199999690055847,3.8,-13.8,297.0,1487,1499,1487,1487,1499,1487,180,180,MANUAL (Remote),,0.0
2026-08-10T10:27:09.282,1786332429.282454,0.06599999964237213,3.8,-13.7,296.8,1487,1499,1487,1487,1499,1487,180,180,MANUAL (Remote),,0.0
2026-08-10T10:27:09.782,1786332429.782492,0.06599999964237213,4.0,-13.6,296.6,1487,1499,1487,1487,1499,1487,180,180,MANUAL (Remote),,0.0
2026-08-10T10:27:10.282,1786332430.282448,0.0689999982714653,3.9,-13.7,296.5,1487,1499,1487,1487,1499,1487,180,180,MANUAL (Remote),,0.0
2026-08-10T10:27:10.782,1786332430.782569,0.0729999989271164,3.6,-13.8,296.7,1487,1499,1487,1487,1499,1487,180,180,MANUAL (Remote),,0.0
2026-08-10T10:27:11.282,1786332431.282448,0.07000000029802322,3.7,-13.8,296.6,1487,1499,1487,1487,1499,1487,180,180,MANUAL (Remote),,0.0
2026-08-10T10:27:11.782,1786332431.782399,0.06800000369548798,3.5,-13.9,296.7,1487,1499,1487,1487,1499,1487,180,180,MANUAL (Remote),,0.0
2026-08-10T10:27:12.282,1786332432.282448,0.06800000369548798,3.8,-14.0,296.6,1487,1499,1487,1487,1499,1487,180,180,MANUAL (Remote),,0.0
2026-08-10T10:27:12.782,1786332432.782426,0.07199999690055847,4.0,-13.9,296.3,1487,1499,1487,1487,1499,1487,180,180,MANUAL (Remote),,0.0
2026-08-10T10:27:13.282,1786332433.282413,0.06599999964237213,3.9,-14.0,296.3,1487,1499,1487,1487,1499,1487,180,180,MANUAL (Remote),,0.0
2026-08-10T10:27:13.782,1786332433.782409,0.07199999690055847,3.9,-14.2,296.2,1487,1499,1487,1487,1499,1487,180,180,MANUAL (Remote),,0.0
2026-08-10T10:27:14.282,1786332434.282556,0.06800000369548798,3.8,-14.2,296.3,1487,1499,1487,1487,1499,1487,180,180,MANUAL (Remote),,0.0
2026-08-10T10:27:14.782,1786332434.782509,0.0689999982714653,3.7,-14.1,296.3,1487,1499,1487,1487,1499,1487,180,180,MANUAL (Remote),,0.0
2026-08-10T10:27:15.282,1786332435.282452,0.06599999964237213,3.5,-14.0,296.7,1487,1499,1487,1487,1499,1487,180,180,MANUAL (Remote),,0.0
2026-08-10T10:27:15.782,1786332435.782426,0.07199999690055847,3.6,-14.2,296.9,1487,1499,1487,1487,1499,1487,180,180,MANUAL (Remote),,0.0
2026-08-10T10:27:16.282,1786332436.28247,0.07000000029802322,3.8,-14.2,296.8,1487,1499,1487,1487,1499,1487,180,180,MANUAL (Remote),,0.0
2026-08-10T10:27:16.782,1786332436.782479,0.06800000369548798,4.0,-14.0,296.6,1487,1499,1487,1487,1499,1487,180,180,MANUAL (Remote),,0.0
2026-08-10T10:27:17.282,1786332437.282607,0.06400000303983688,4.1,-13.8,296.4,1487,1499,1487,1487,1499,1487,180,180,MANUAL (Remote),,0.0
2026-08-10T10:27:17.782,1786332437.782592,0.07100000232458115,3.8,-13.7,296.3,1487,1499,1487,1487,1499,1487,180,180,MANUAL (Remote),,0.0
2026-08-10T10:27:18.282,1786332438.282492,0.07100000232458115,3.9,-13.8,296.5,1487,1499,1487,1487,1499,1487,180,180,MANUAL (Remote),,0.0
2026-08-10T10:27:18.782,1786332438.782599,0.07199999690055847,4.1,-14.2,296.4,1487,1499,1487,1487,1499,1487,180,180,MANUAL (Remote),,0.0
2026-08-10T10:27:19.282,1786332439.282457,0.07000000029802322,3.9,-14.2,296.4,1487,1499,1487,1487,1499,1487,180,180,MANUAL (Remote),,0.0
2026-08-10T10:27:19.782,1786332439.782515,0.07100000232458115,3.8,-14.1,296.1,1487,1499,1487,1487,1499,1487,180,180,MANUAL (Remote),,0.0
2026-08-10T10:27:20.282,1786332440.282462,0.06499999761581421,4.0,-14.1,295.9,1487,1499,1487,1487,1499,1487,180,180,MANUAL (Remote),,0.0
2026-08-10T10:27:20.782,1786332440.782518,0.06800000369548798,3.8,-14.0,296.2,1487,1499,1487,1487,1499,1487,180,180,MANUAL (Remote),,0.0
2026-08-10T10:27:21.282,1786332441.282442,0.06800000369548798,3.8,-14.0,296.3,1487,1499,1487,1487,1499,1487,180,180,MANUAL (Remote),,0.0
2026-08-10T10:27:21.782,1786332441.782456,0.06800000369548798,4.1,-14.2,296.1,1487,1499,1487,1487,1499,1487,180,180,MANUAL (Remote),,0.0
2026-08-10T10:27:22.282,1786332442.28246,0.06499999761581421,4.2,-14.2,296.0,1487,1499,1487,1487,1499,1487,180,180,MANUAL (Remote),,0.0
2026-08-10T10:27:22.782,1786332442.782544,0.06800000369548798,3.9,-14.0,296.0,1487,1499,1487,1487,1499,1487,180,180,MANUAL (Remote),,0.0
2026-08-10T10:27:23.282,1786332443.282538,0.05900000035762787,3.9,-14.1,296.1,1487,1499,1487,1487,1499,1487,180,180,MANUAL (Remote),,0.0
2026-08-10T10:27:23.782,1786332443.782684,0.06599999964237213,3.8,-14.0,296.3,1487,1499,1487,1487,1499,1487,180,180,MANUAL (Remote),,0.0
2026-08-10T10:27:24.282,1786332444.282674,0.07400000095367432,3.7,-14.0,296.3,1487,1499,1487,1487,1499,1487,180,180,MANUAL (Remote),,0.0
2026-08-10T10:27:24.782,1786332444.78258,0.06400000303983688,3.7,-14.0,296.3,1487,1499,1487,1487,1499,1487,180,180,MANUAL (Remote),,0.0
2026-08-10T10:27:25.282,1786332445.282579,0.06499999761581421,3.9,-14.0,296.4,1487,1499,1487,1487,1499,1487,180,180,MANUAL (Remote),,0.0
2026-08-10T10:27:25.782,1786332445.782543,0.07199999690055847,3.8,-14.1,296.6,1487,1499,1487,1487,1499,1487,180,180,MANUAL (Remote),,0.0
2026-08-10T10:27:26.282,1786332446.282456,0.06499999761581421,4.0,-14.2,296.4,1487,1499,1487,1487,1499,1487,180,180,MANUAL (Remote),,0.0
2026-08-10T10:27:26.782,1786332446.782445,0.07199999690055847,4.2,-14.2,296.2,1487,1499,1487,1487,1499,1487,180,180,MANUAL (Remote),,0.0
2026-08-10T10:27:27.282,1786332447.28237,0.0729999989271164,4.0,-14.1,296.3,1487,1499,1487,1487,1499,1487,180,180,MANUAL (Remote),,0.0
2026-08-10T10:27:27.782,1786332447.782603,0.0689999982714653,4.0,-14.1,296.6,1487,1499,1487,1487,1499,1487,180,180,MANUAL (Remote),,0.0
2026-08-10T10:27:28.282,1786332448.282417,0.06400000303983688,3.8,-14.5,296.6,1487,1499,1487,1487,1499,1487,180,180,MANUAL (Remote),,0.0
2026-08-10T10:27:28.782,1786332448.782391,0.06400000303983688,3.8,-14.4,296.7,1487,1499,1487,1487,1499,1487,180,180,MANUAL (Remote),,0.0
2026-08-10T10:27:29.282,1786332449.282631,0.0689999982714653,4.0,-14.1,296.7,1487,1499,1487,1487,1499,1487,180,180,MANUAL (Remote),,0.0
2026-08-10T10:27:29.782,1786332449.782538,0.06300000101327896,4.1,-13.8,296.6,1487,1499,1487,1487,1499,1487,180,180,MANUAL (Remote),,0.0
2026-08-10T10:27:30.282,1786332450.282415,0.06199999898672104,4.0,-13.9,296.5,1487,1499,1487,1487,1499,1487,180,180,MANUAL (Remote),,0.0
2026-08-10T10:27:30.782,1786332450.782421,0.06499999761581421,3.8,-14.0,296.6,1487,1499,1487,1487,1499,1487,180,180,MANUAL (Remote),,0.0
2026-08-10T10:27:31.282,1786332451.282409,0.06400000303983688,3.9,-14.0,296.5,1487,1499,1487,1487,1499,1487,180,180,MANUAL (Remote),,0.0
2026-08-10T10:27:31.782,1786332451.782415,0.06300000101327896,4.0,-14.0,296.4,1487,1499,1487,1487,1499,1487,180,180,MANUAL (Remote),,0.0
2026-08-10T10:27:32.282,1786332452.282359,0.06599999964237213,3.9,-13.9,296.3,1487,1499,1487,1487,1499,1487,180,180,MANUAL (Remote),,0.0
2026-08-10T10:27:32.782,1786332452.782407,0.06599999964237213,3.8,-13.8,296.1,1487,1499,1487,1487,1499,1487,180,180,MANUAL (Remote),,0.0
2026-08-10T10:27:33.282,1786332453.282417,0.06400000303983688,3.7,-13.9,296.2,1487,1499,1487,1487,1499,1487,180,180,MANUAL (Remote),,0.0
2026-08-10T10:27:33.782,1786332453.782454,0.06400000303983688,3.6,-14.1,296.5,1487,1499,1487,1487,1499,1487,180,180,MANUAL (Remote),,0.0
2026-08-10T10:27:34.282,1786332454.282395,0.07000000029802322,3.6,-14.2,296.6,1487,1499,1487,1487,1499,1487,180,180,MANUAL (Remote),,0.0
2026-08-10T10:27:34.782,1786332454.782432,0.06599999964237213,3.6,-13.8,296.8,1487,1499,1487,1487,1499,1487,180,180,MANUAL (Remote),,0.0
2026-08-10T10:27:35.282,1786332455.282401,0.06499999761581421,3.8,-13.9,296.6,1487,1499,1487,1487,1499,1487,180,180,MANUAL (Remote),,0.0
2026-08-10T10:27:35.782,1786332455.782416,0.0689999982714653,3.7,-13.9,296.5,1487,1499,1487,1487,1499,1487,180,180,MANUAL (Remote),,0.0
2026-08-10T10:27:36.282,1786332456.282419,0.06199999898672104,3.9,-14.0,296.2,1487,1499,1487,1487,1499,1487,180,180,MANUAL (Remote),,0.0
2026-08-10T10:27:36.782,1786332456.782434,0.06800000369548798,3.9,-14.1,296.2,1487,1499,1487,1487,1499,1487,180,180,MANUAL (Remote),,0.0
2026-08-10T10:27:37.282,1786332457.28243,0.06400000303983688,3.9,-14.2,296.4,1487,1499,1487,1487,1499,1487,180,180,MANUAL (Remote),,0.0
2026-08-10T10:27:37.782,1786332457.782465,0.06400000303983688,3.8,-14.3,296.4,1487,1499,1487,1487,1499,1487,180,180,MANUAL (Remote),,0.0
2026-08-10T10:27:38.282,1786332458.282522,0.06800000369548798,3.7,-13.9,296.3,1487,1499,1487,1487,1499,1487,180,180,MANUAL (Remote),,0.0
2026-08-10T10:27:38.782,1786332458.782419,0.0729999989271164,4.0,-13.8,296.2,1487,1499,1487,1487,1499,1487,180,180,MANUAL (Remote),,0.0
2026-08-10T10:27:39.282,1786332459.282409,0.06800000369548798,3.9,-14.1,296.3,1487,1499,1487,1487,1499,1487,180,180,MANUAL (Remote),,0.0
2026-08-10T10:27:39.782,1786332459.782443,0.0729999989271164,3.7,-14.1,296.5,1487,1499,1487,1487,1499,1487,180,180,MANUAL (Remote),,0.0
2026-08-10T10:27:40.282,1786332460.282383,0.06300000101327896,3.6,-13.8,296.8,1487,1499,1487,1487,1499,1487,180,180,MANUAL (Remote),,0.0
2026-08-10T10:27:40.782,1786332460.782415,0.0689999982714653,3.9,-13.8,296.8,1487,1499,1487,1487,1499,1487,180,180,MANUAL (Remote),,0.0
2026-08-10T10:27:41.282,1786332461.282436,0.07000000029802322,3.9,-13.8,296.5,1487,1499,1487,1487,1499,1487,180,180,MANUAL (Remote),,0.0
2026-08-10T10:27:41.782,1786332461.782443,0.0689999982714653,4.0,-13.7,296.3,1487,1499,1487,1487,1499,1487,180,180,MANUAL (Remote),,0.0
2026-08-10T10:27:42.282,1786332462.282418,0.0689999982714653,3.9,-14.1,296.1,1487,1499,1487,1487,1499,1487,180,180,MANUAL (Remote),,0.0
2026-08-10T10:27:42.782,1786332462.782459,0.06599999964237213,3.9,-13.9,296.2,1487,1499,1487,1487,1499,1487,180,180,MANUAL (Remote),,0.0
2026-08-10T10:27:43.282,1786332463.282445,0.06599999964237213,3.6,-14.0,296.2,1487,1499,1487,1487,1499,1487,180,180,MANUAL (Remote),,0.0
2026-08-10T10:27:43.782,1786332463.782435,0.06800000369548798,3.6,-14.1,296.6,1487,1499,1487,1487,1499,1487,180,180,MANUAL (Remote),,0.0
2026-08-10T10:27:44.282,1786332464.282417,0.06800000369548798,4.0,-14.0,296.9,1487,1499,1487,1487,1499,1487,180,180,MANUAL (Remote),,0.0
2026-08-10T10:27:44.782,1786332464.782433,0.06499999761581421,3.8,-14.0,297.2,1487,1499,1487,1487,1499,1487,180,180,MANUAL (Remote),,0.0
2026-08-10T10:27:45.282,1786332465.282432,0.0689999982714653,3.7,-13.9,297.0,1487,1499,1487,1487,1499,1487,180,180,MANUAL (Remote),,0.0
2026-08-10T10:27:45.782,1786332465.782442,0.06499999761581421,3.8,-14.0,296.4,1487,1499,1487,1487,1499,1487,180,180,MANUAL (Remote),,0.0
2026-08-10T10:27:46.282,1786332466.28242,0.06800000369548798,3.9,-14.2,296.1,1487,1499,1487,1487,1499,1487,180,180,MANUAL (Remote),,0.0
2026-08-10T10:27:46.782,1786332466.782431,0.07000000029802322,4.2,-14.3,295.8,1487,1499,1487,1487,1499,1487,180,180,MANUAL (Remote),,0.0
2026-08-10T10:27:47.282,1786332467.28244,0.06400000303983688,4.0,-14.2,296.0,1487,1499,1487,1487,1499,1487,180,180,MANUAL (Remote),,0.0
2026-08-10T10:27:47.782,1786332467.782399,0.06400000303983688,3.8,-14.1,296.3,1487,1499,1487,1487,1499,1487,180,180,MANUAL (Remote),,0.0
2026-08-10T10:27:48.282,1786332468.282537,0.06400000303983688,3.8,-14.2,296.6,1487,1499,1487,1487,1499,1487,180,180,MANUAL (Remote),,0.0
2026-08-10T10:27:48.782,1786332468.782623,0.07000000029802322,3.8,-14.1,296.7,1487,1499,1487,1487,1499,1487,180,180,MANUAL (Remote),,0.0
2026-08-10T10:27:49.282,1786332469.282424,0.06800000369548798,4.0,-14.0,296.6,1487,1499,1487,1487,1499,1487,180,180,MANUAL (Remote),,0.0
2026-08-10T10:27:49.782,1786332469.782579,0.06599999964237213,3.8,-13.8,296.3,1487,1499,1487,1487,1499,1487,180,180,MANUAL (Remote),,0.0
2026-08-10T10:27:50.282,1786332470.282398,0.06400000303983688,3.9,-13.8,296.1,1487,1499,1487,1487,1499,1487,180,180,MANUAL (Remote),,0.0
2026-08-10T10:27:50.782,1786332470.782532,0.06199999898672104,3.9,-13.9,296.2,1487,1499,1487,1487,1499,1487,180,180,MANUAL (Remote),,0.0
2026-08-10T10:27:51.282,1786332471.282513,0.06800000369548798,3.8,-13.9,296.4,1487,1499,1487,1487,1499,1487,180,180,MANUAL (Remote),,0.0
2026-08-10T10:27:51.782,1786332471.78248,0.06599999964237213,3.9,-13.8,296.4,1487,1499,1487,1487,1499,1487,180,180,MANUAL (Remote),,0.0
2026-08-10T10:27:52.282,1786332472.282639,0.06199999898672104,3.9,-13.9,296.4,1487,1499,1487,1487,1499,1487,180,180,MANUAL (Remote),,0.0
2026-08-10T10:27:52.782,1786332472.782546,0.06800000369548798,4.3,-14.1,296.7,1487,1499,1487,1487,1499,1487,180,180,MANUAL (Remote),,0.0
2026-08-10T10:27:53.282,1786332473.282432,0.05700000002980232,4.0,-13.9,297.0,1487,1499,1487,1487,1499,1487,180,180,MANUAL (Remote),,0.0
2026-08-10T10:27:53.782,1786332473.782454,0.06300000101327896,4.1,-14.0,297.1,1487,1499,1487,1487,1499,1487,180,180,MANUAL (Remote),,0.0
2026-08-10T10:27:54.282,1786332474.28247,0.07100000232458115,4.0,-14.1,297.1,1487,1499,1487,1487,1499,1487,180,180,MANUAL (Remote),,0.0
2026-08-10T10:27:54.782,1786332474.782456,0.06300000101327896,4.0,-14.0,296.8,1487,1499,1487,1487,1499,1487,180,180,MANUAL (Remote),,0.0
2026-08-10T10:27:55.282,1786332475.282467,0.061000000685453415,4.2,-14.2,296.6,1487,1499,1487,1487,1499,1487,180,180,MANUAL (Remote),,0.0
2026-08-10T10:27:55.782,1786332475.782435,0.061000000685453415,4.2,-14.0,296.6,1487,1499,1487,1487,1499,1487,180,180,MANUAL (Remote),,0.0
2026-08-10T10:27:56.282,1786332476.282392,0.06499999761581421,4.1,-14.0,296.7,1487,1499,1487,1487,1499,1487,180,180,MANUAL (Remote),,0.0
2026-08-10T10:27:56.782,1786332476.782399,0.06599999964237213,4.0,-13.9,296.9,1487,1499,1487,1487,1499,1487,180,180,MANUAL (Remote),,0.0
2026-08-10T10:27:57.282,1786332477.282391,0.06800000369548798,4.0,-14.0,297.1,1487,1499,1487,1487,1499,1487,180,180,MANUAL (Remote),,0.0
2026-08-10T10:27:57.782,1786332477.782434,0.06800000369548798,4.1,-14.1,297.3,1487,1499,1487,1487,1499,1487,180,180,MANUAL (Remote),,0.0
2026-08-10T10:27:58.282,1786332478.282414,0.06400000303983688,4.1,-14.0,297.3,1487,1499,1487,1487,1499,1487,180,180,MANUAL (Remote),,0.0
2026-08-10T10:27:58.782,1786332478.782404,0.06400000303983688,4.1,-13.9,296.9,1487,1499,1487,1487,1499,1487,180,180,MANUAL (Remote),,0.0
2026-08-10T10:27:59.282,1786332479.28248,0.06199999898672104,4.0,-13.8,296.6,1487,1499,1487,1487,1499,1487,180,180,MANUAL (Remote),,0.0
2026-08-10T10:27:59.782,1786332479.782406,0.06800000369548798,3.9,-13.7,296.5,1487,1499,1487,1487,1499,1487,180,180,MANUAL (Remote),,0.0
2026-08-10T10:28:00.282,1786332480.282403,0.0689999982714653,3.8,-14.0,296.6,1487,1499,1487,1487,1499,1487,180,180,MANUAL (Remote),,0.0
2026-08-10T10:28:00.782,1786332480.782375,0.06599999964237213,3.7,-14.0,296.6,1487,1499,1487,1487,1499,1487,180,180,MANUAL (Remote),,0.0
2026-08-10T10:28:01.282,1786332481.282351,0.06599999964237213,4.1,-13.9,296.5,1487,1499,1487,1487,1499,1487,180,180,MANUAL (Remote),,0.0
2026-08-10T10:28:01.782,1786332481.782426,0.06599999964237213,4.0,-13.9,296.4,1487,1499,1487,1487,1499,1487,180,180,MANUAL (Remote),,0.0
2026-08-10T10:28:02.282,1786332482.282456,0.061000000685453415,3.9,-13.7,296.3,1487,1499,1487,1487,1499,1487,180,180,MANUAL (Remote),,0.0
2026-08-10T10:28:02.782,1786332482.782427,0.06400000303983688,3.9,-13.7,296.5,1487,1499,1487,1487,1499,1487,180,180,MANUAL (Remote),,0.0
2026-08-10T10:28:03.282,1786332483.282387,0.06499999761581421,3.9,-14.0,296.6,1487,1499,1487,1487,1499,1487,180,180,MANUAL (Remote),,0.0
2026-08-10T10:28:03.782,1786332483.782415,0.06400000303983688,3.9,-13.9,296.5,1487,1499,1487,1487,1499,1487,180,180,MANUAL (Remote),,0.0
2026-08-10T10:28:04.282,1786332484.282421,0.06300000101327896,3.8,-14.1,296.3,1487,1499,1487,1487,1499,1487,180,180,MANUAL (Remote),,0.0
2026-08-10T10:28:04.782,1786332484.782418,0.0689999982714653,3.7,-13.9,296.2,1487,1499,1487,1487,1499,1487,180,180,MANUAL (Remote),,0.0
2026-08-10T10:28:05.282,1786332485.282434,0.06599999964237213,3.8,-14.1,296.3,1487,1499,1487,1487,1499,1487,180,180,MANUAL (Remote),,0.0
2026-08-10T10:28:05.782,1786332485.782385,0.06599999964237213,3.7,-13.9,296.4,1487,1499,1487,1487,1499,1487,180,180,MANUAL (Remote),,0.0
2026-08-10T10:28:06.282,1786332486.282384,0.06599999964237213,3.8,-13.8,296.4,1487,1499,1487,1487,1499,1487,180,180,MANUAL (Remote),,0.0
2026-08-10T10:28:06.782,1786332486.782389,0.06300000101327896,3.8,-13.8,296.5,1487,1499,1487,1487,1499,1487,180,180,MANUAL (Remote),,0.0
2026-08-10T10:28:07.282,1786332487.282427,0.06499999761581421,3.7,-14.2,296.5,1487,1499,1487,1487,1499,1487,180,180,MANUAL (Remote),,0.0
2026-08-10T10:28:07.782,1786332487.782459,0.06300000101327896,3.6,-14.0,296.6,1487,1499,1487,1487,1499,1487,180,180,MANUAL (Remote),,0.0
2026-08-10T10:28:08.282,1786332488.282411,0.07000000029802322,3.8,-14.1,296.7,1496,1499,1496,1496,1499,1496,180,180,MANUAL (Remote),,0.0
2026-08-10T10:28:08.782,1786332488.782425,0.06499999761581421,3.6,-14.1,296.8,1496,1499,1496,1496,1499,1496,180,180,MANUAL (Remote),,0.0
2026-08-10T10:28:09.282,1786332489.282439,0.06599999964237213,3.7,-13.9,296.7,1496,1499,1496,1496,1499,1496,180,180,MANUAL (Remote),,0.0
2026-08-10T10:28:09.782,1786332489.782428,0.06199999898672104,3.7,-13.8,296.9,1496,1499,1496,1496,1499,1496,180,180,MANUAL (Remote),,0.0
2026-08-10T10:28:10.282,1786332490.282423,0.06199999898672104,3.8,-13.8,296.9,1496,1499,1496,1496,1499,1496,180,180,MANUAL (Remote),,0.0
2026-08-10T10:28:10.782,1786332490.782556,0.06199999898672104,3.6,-13.9,297.0,1496,1499,1496,1496,1499,1496,180,180,MANUAL (Remote),,0.0
2026-08-10T10:28:11.282,1786332491.282364,0.0689999982714653,4.1,-14.0,297.1,1496,1541,1496,1496,1541,1496,180,180,MANUAL (Remote),,41.0
2026-08-10T10:28:11.782,1786332491.782413,0.06300000101327896,4.1,-13.9,296.8,1496,1900,1496,1496,1900,1496,180,180,MANUAL (Remote),,400.0
2026-08-10T10:28:12.282,1786332492.282501,0.06400000303983688,4.2,-13.4,297.1,1496,1532,1496,1496,1530,1496,180,180,MANUAL (Remote),,31.0
2026-08-10T10:28:12.782,1786332492.782425,0.06400000303983688,4.0,-13.9,297.4,1496,1499,1496,1496,1499,1496,180,180,MANUAL (Remote),,0.0
2026-08-10T10:28:13.282,1786332493.282562,0.06300000101327896,4.0,-14.0,297.4,1468,1499,1468,1468,1499,1468,180,180,MANUAL (Remote),,0.0
2026-08-10T10:28:13.782,1786332493.782424,0.06300000101327896,3.9,-13.5,297.5,1473,1499,1473,1473,1499,1473,180,180,MANUAL (Remote),,0.0
2026-08-10T10:28:14.282,1786332494.282553,0.0729999989271164,3.8,-13.4,297.3,1489,1499,1489,1489,1499,1489,180,180,MANUAL (Remote),,0.0
2026-08-10T10:28:14.782,1786332494.782432,0.06499999761581421,3.8,-13.8,297.7,1496,1499,1496,1496,1499,1496,180,180,MANUAL (Remote),,0.0
2026-08-10T10:28:15.282,1786332495.282439,0.061000000685453415,3.8,-13.9,297.5,1496,1499,1496,1496,1499,1496,180,180,MANUAL (Remote),,0.0
2026-08-10T10:28:15.782,1786332495.782464,0.06199999898672104,4.1,-13.7,297.4,1496,1499,1496,1496,1499,1496,180,180,MANUAL (Remote),,0.0
2026-08-10T10:28:16.282,1786332496.282509,0.06800000369548798,3.9,-14.1,297.5,1496,1499,1496,1496,1499,1496,180,180,MANUAL (Remote),,0.0
2026-08-10T10:28:16.782,1786332496.782447,0.05999999865889549,4.0,-14.0,297.4,1496,1499,1496,1496,1499,1496,180,180,MANUAL (Remote),,0.0
2026-08-10T10:28:17.282,1786332497.282523,0.061000000685453415,4.0,-14.0,297.4,1496,1499,1496,1496,1499,1496,180,180,MANUAL (Remote),,0.0
2026-08-10T10:28:17.782,1786332497.782419,0.06499999761581421,4.0,-14.1,297.4,1496,1499,1496,1496,1499,1496,180,180,MANUAL (Remote),,0.0
2026-08-10T10:28:18.282,1786332498.282481,0.06800000369548798,4.0,-14.0,297.4,1496,1499,1496,1496,1499,1496,180,140,MANUAL (Remote),,0.0
2026-08-10T10:28:18.782,1786332498.782494,0.06400000303983688,3.9,-13.7,297.6,1496,1499,1496,1496,1499,1496,180,160,MANUAL (Remote),,0.0
2026-08-10T10:28:19.282,1786332499.282436,0.06499999761581421,3.9,-14.4,297.5,1496,1499,1496,1496,1499,1496,180,190,MANUAL (Remote),,0.0
2026-08-10T10:28:19.782,1786332499.782466,0.05999999865889549,3.9,-14.0,297.6,1496,1499,1496,1496,1499,1496,180,195,MANUAL (Remote),,0.0
2026-08-10T10:28:20.282,1786332500.28259,0.07000000029802322,3.9,-14.2,297.6,1496,1499,1496,1496,1499,1496,180,200,MANUAL (Remote),,0.0
2026-08-10T10:28:20.782,1786332500.782444,0.06400000303983688,4.0,-14.5,297.3,1496,1499,1496,1496,1499,1496,180,180,MANUAL (Remote),,0.0
2026-08-10T10:28:21.282,1786332501.282458,0.06300000101327896,3.9,-14.6,297.4,1496,1499,1496,1496,1499,1496,180,175,MANUAL (Remote),,0.0
2026-08-10T10:28:21.782,1786332501.782431,0.05900000035762787,3.9,-14.7,297.4,1496,1499,1496,1496,1499,1496,180,175,MANUAL (Remote),,0.0
2026-08-10T10:28:22.282,1786332502.282454,0.06599999964237213,4.3,-14.0,297.5,1496,1499,1496,1496,1499,1496,180,175,MANUAL (Remote),,0.0
2026-08-10T10:28:22.782,1786332502.782375,0.06800000369548798,4.1,-14.1,297.5,1496,1499,1496,1496,1499,1496,180,175,MANUAL (Remote),,0.0
2026-08-10T10:28:23.282,1786332503.282407,0.06499999761581421,4.1,-14.0,297.5,1496,1499,1496,1496,1499,1496,180,175,MANUAL (Remote),,0.0
2026-08-10T10:28:23.782,1786332503.782451,0.06499999761581421,4.0,-13.9,297.5,1496,1499,1496,1496,1499,1496,180,175,MANUAL (Remote),,0.0
2026-08-10T10:28:24.282,1786332504.282413,0.06599999964237213,4.0,-14.0,297.4,1496,1499,1496,1496,1499,1496,180,175,MANUAL (Remote),,0.0
2026-08-10T10:28:24.782,1786332504.782434,0.061000000685453415,3.9,-13.7,297.4,1496,1499,1496,1496,1499,1496,180,175,MANUAL (Remote),,0.0
2026-08-10T10:28:25.282,1786332505.282424,0.0689999982714653,3.9,-13.9,297.3,1496,1499,1496,1496,1499,1496,180,175,MANUAL (Remote),,0.0
2026-08-10T10:28:25.782,1786332505.782394,0.06499999761581421,3.9,-14.0,297.3,1496,1499,1496,1496,1499,1496,180,175,MANUAL (Remote),,0.0
2026-08-10T10:28:26.282,1786332506.282434,0.06400000303983688,4.1,-14.0,297.3,1496,1499,1496,1496,1499,1496,180,175,MANUAL (Remote),,0.0
2026-08-10T10:28:26.782,1786332506.782502,0.05900000035762787,3.9,-14.0,297.3,1496,1499,1496,1496,1499,1496,180,175,MANUAL (Remote),,0.0
2026-08-10T10:28:27.282,1786332507.282453,0.07000000029802322,4.0,-14.0,297.2,1496,1499,1496,1496,1499,1496,180,175,MANUAL (Remote),,0.0
2026-08-10T10:28:27.782,1786332507.782468,0.06300000101327896,4.0,-14.0,297.2,1496,1499,1496,1496,1499,1496,180,175,MANUAL (Remote),,0.0
2026-08-10T10:28:28.282,1786332508.282507,0.05900000035762787,4.0,-14.0,297.2,1496,1499,1496,1496,1499,1496,180,175,MANUAL (Remote),,0.0
2026-08-10T10:28:28.782,1786332508.78249,0.06199999898672104,3.9,-13.9,297.3,1496,1499,1496,1496,1499,1496,180,175,MANUAL (Remote),,0.0
2026-08-10T10:28:29.282,1786332509.282452,0.05999999865889549,3.9,-13.9,297.2,1496,1499,1496,1496,1499,1496,180,175,MANUAL (Remote),,0.0
2026-08-10T10:28:29.782,1786332509.782401,0.061000000685453415,3.9,-13.9,297.3,1496,1499,1496,1496,1499,1496,180,175,MANUAL (Remote),,0.0
2026-08-10T10:28:30.282,1786332510.28244,0.061000000685453415,3.9,-13.9,297.3,1496,1499,1496,1496,1499,1496,180,175,MANUAL (Remote),,0.0
2026-08-10T10:28:30.782,1786332510.782415,0.06499999761581421,4.1,-14.2,297.3,1496,1499,1496,1496,1499,1496,180,175,MANUAL (Remote),,0.0
2026-08-10T10:28:31.282,1786332511.282425,0.06599999964237213,3.9,-14.0,297.4,1496,1499,1496,1496,1499,1496,180,175,MANUAL (Remote),,0.0
2026-08-10T10:28:31.782,1786332511.782442,0.05999999865889549,4.0,-14.0,297.3,1496,1499,1496,1496,1499,1496,180,175,MANUAL (Remote),,0.0
2026-08-10T10:28:32.282,1786332512.282518,0.057999998331069946,3.8,-13.9,297.3,1496,1499,1496,1496,1499,1496,180,175,MANUAL (Remote),,0.0
2026-08-10T10:28:32.782,1786332512.782443,0.06400000303983688,3.9,-14.0,297.3,1496,1499,1496,1496,1499,1496,180,175,MANUAL (Remote),,0.0
2026-08-10T10:28:33.282,1786332513.282429,0.06800000369548798,3.9,-13.9,297.3,1496,1499,1496,1496,1499,1496,180,175,MANUAL (Remote),,0.0
2026-08-10T10:28:33.782,1786332513.782673,0.06199999898672104,3.9,-13.8,297.3,1496,1499,1496,1496,1499,1496,180,175,MANUAL (Remote),,0.0
2026-08-10T10:28:34.282,1786332514.282435,0.0560000017285347,3.9,-13.9,297.3,1496,1499,1496,1496,1499,1496,180,175,MANUAL (Remote),,0.0
2026-08-10T10:28:34.782,1786332514.782469,0.05700000002980232,3.8,-13.8,297.3,1496,1499,1496,1496,1499,1496,180,175,MANUAL (Remote),,0.0
2026-08-10T10:28:35.282,1786332515.282473,0.07000000029802322,3.9,-13.9,297.3,1496,1499,1496,1496,1499,1496,180,175,MANUAL (Remote),,0.0
2026-08-10T10:28:35.782,1786332515.782478,0.05900000035762787,3.9,-13.8,297.3,1496,1499,1496,1496,1499,1496,180,175,MANUAL (Remote),,0.0
2026-08-10T10:28:36.282,1786332516.282601,0.06300000101327896,3.9,-14.0,297.3,1496,1499,1496,1496,1499,1496,180,175,MANUAL (Remote),,0.0
2026-08-10T10:28:36.782,1786332516.782537,0.05999999865889549,3.9,-13.9,297.3,1496,1499,1496,1496,1499,1496,180,175,MANUAL (Remote),,0.0
2026-08-10T10:28:37.282,1786332517.282493,0.061000000685453415,3.9,-14.0,297.2,1496,1499,1496,1496,1499,1496,180,175,MANUAL (Remote),,0.0
2026-08-10T10:28:37.782,1786332517.782501,0.05999999865889549,3.9,-13.9,297.3,1496,1499,1496,1496,1499,1496,180,175,MANUAL (Remote),,0.0
2026-08-10T10:28:38.282,1786332518.282575,0.05999999865889549,3.9,-13.9,297.3,1496,1499,1496,1496,1499,1496,180,175,MANUAL (Remote),,0.0
2026-08-10T10:28:38.782,1786332518.782526,0.06300000101327896,3.9,-13.9,297.3,1496,1499,1496,1496,1499,1496,180,175,MANUAL (Remote),,0.0
2026-08-10T10:28:39.282,1786332519.282531,0.06499999761581421,3.9,-13.9,297.3,1496,1499,1496,1496,1499,1496,180,175,MANUAL (Remote),,0.0
2026-08-10T10:28:39.782,1786332519.782527,0.06400000303983688,4.0,-13.9,297.3,1496,1499,1496,1496,1499,1496,180,175,MANUAL (Remote),,0.0
2026-08-10T10:28:40.282,1786332520.282423,0.06300000101327896,3.9,-13.9,297.3,1496,1499,1496,1496,1499,1496,180,175,MANUAL (Remote),,0.0
2026-08-10T10:28:40.782,1786332520.782454,0.05999999865889549,4.0,-14.0,297.3,1496,1499,1496,1496,1499,1496,180,175,MANUAL (Remote),,0.0
2026-08-10T10:28:41.282,1786332521.282459,0.06599999964237213,4.0,-13.9,297.3,1496,1499,1496,1496,1499,1496,180,175,MANUAL (Remote),,0.0
2026-08-10T10:28:41.782,1786332521.782555,0.06400000303983688,3.9,-13.9,297.3,1496,1499,1496,1496,1499,1496,180,175,MANUAL (Remote),,0.0
2026-08-10T10:28:42.282,1786332522.282399,0.05999999865889549,3.8,-13.9,297.4,1496,1499,1496,1496,1499,1496,180,175,MANUAL (Remote),,0.0
2026-08-10T10:28:42.782,1786332522.782375,0.06499999761581421,3.9,-13.9,297.3,1496,1499,1496,1496,1499,1496,180,175,MANUAL (Remote),,0.0
2026-08-10T10:28:43.282,1786332523.282451,0.06199999898672104,3.9,-13.8,297.3,1496,1499,1496,1496,1499,1496,180,175,MANUAL (Remote),,0.0
2026-08-10T10:28:43.782,1786332523.782465,0.05999999865889549,4.0,-13.9,297.3,1496,1499,1496,1496,1499,1496,180,175,MANUAL (Remote),,0.0
2026-08-10T10:28:44.282,1786332524.282396,0.06199999898672104,3.8,-13.8,297.3,1496,1499,1496,1496,1499,1496,180,175,MANUAL (Remote),,0.0
2026-08-10T10:28:44.782,1786332524.782365,0.05999999865889549,3.9,-13.9,297.3,1496,1499,1496,1496,1499,1496,180,175,MANUAL (Remote),,0.0
2026-08-10T10:28:45.282,1786332525.2824,0.06300000101327896,4.0,-14.0,297.2,1496,1499,1496,1496,1499,1496,180,175,MANUAL (Remote),,0.0
2026-08-10T10:28:45.782,1786332525.782395,0.0689999982714653,3.9,-14.1,297.3,1496,1499,1496,1496,1499,1496,180,175,MANUAL (Remote),,0.0
2026-08-10T10:28:46.282,1786332526.282338,0.0560000017285347,3.8,-14.0,297.3,1496,1499,1496,1496,1499,1496,180,175,MANUAL (Remote),,0.0
2026-08-10T10:28:46.782,1786332526.782394,0.05999999865889549,3.8,-13.8,297.3,1496,1499,1496,1496,1499,1496,180,175,MANUAL (Remote),,0.0
2026-08-10T10:28:47.282,1786332527.282393,0.057999998331069946,3.9,-13.8,297.3,1496,1499,1496,1496,1499,1496,180,175,MANUAL (Remote),,0.0
2026-08-10T10:28:47.782,1786332527.782412,0.06199999898672104,4.0,-13.9,297.3,1496,1499,1496,1496,1499,1496,180,175,MANUAL (Remote),,0.0
2026-08-10T10:28:48.282,1786332528.282444,0.05999999865889549,4.0,-14.0,297.3,1496,1499,1496,1496,1499,1496,180,175,MANUAL (Remote),,0.0
2026-08-10T10:28:48.782,1786332528.782409,0.05900000035762787,3.9,-13.9,297.4,1496,1499,1496,1496,1499,1496,180,175,MANUAL (Remote),,0.0
2026-08-10T10:28:49.282,1786332529.282426,0.06499999761581421,3.8,-13.8,297.3,1496,1499,1496,1496,1499,1496,180,175,MANUAL (Remote),,0.0
2026-08-10T10:28:49.782,1786332529.782407,0.06499999761581421,4.0,-13.9,297.3,1496,1499,1496,1496,1499,1496,180,175,MANUAL (Remote),,0.0
2026-08-10T10:28:50.282,1786332530.282398,0.06300000101327896,3.9,-13.9,297.3,1496,1499,1496,1496,1499,1496,180,175,MANUAL (Remote),,0.0
2026-08-10T10:28:50.782,1786332530.782406,0.06499999761581421,3.9,-13.9,297.3,1496,1499,1496,1496,1499,1496,180,175,MANUAL (Remote),,0.0
2026-08-10T10:28:51.282,1786332531.282422,0.05999999865889549,3.9,-13.9,297.4,1496,1499,1496,1496,1499,1496,180,175,MANUAL (Remote),,0.0
2026-08-10T10:28:51.782,1786332531.78237,0.061000000685453415,4.0,-13.8,297.3,1496,1499,1496,1496,1499,1496,180,175,MANUAL (Remote),,0.0
2026-08-10T10:28:52.282,1786332532.2824,0.06199999898672104,4.0,-13.8,297.4,1496,1499,1496,1496,1499,1496,180,175,MANUAL (Remote),,0.0
2026-08-10T10:28:52.782,1786332532.782431,0.06300000101327896,3.9,-13.9,297.3,1496,1499,1496,1496,1499,1496,180,175,MANUAL (Remote),,0.0
2026-08-10T10:28:53.282,1786332533.28244,0.061000000685453415,4.0,-13.9,297.3,1496,1499,1496,1496,1499,1496,180,175,MANUAL (Remote),,0.0
2026-08-10T10:28:53.782,1786332533.782508,0.06499999761581421,3.8,-14.0,297.3,1496,1499,1496,1496,1499,1496,180,175,MANUAL (Remote),,0.0
2026-08-10T10:28:54.282,1786332534.282529,0.057999998331069946,3.9,-14.0,297.2,1496,1499,1496,1496,1499,1496,180,175,MANUAL (Remote),,0.0
2026-08-10T10:28:54.782,1786332534.782405,0.06199999898672104,4.0,-14.0,297.2,1496,1499,1496,1496,1499,1496,180,175,MANUAL (Remote),,0.0
2026-08-10T10:28:55.282,1786332535.282394,0.061000000685453415,4.0,-14.0,297.2,1496,1499,1496,1496,1499,1496,180,175,MANUAL (Remote),,0.0
2026-08-10T10:28:55.782,1786332535.782471,0.061000000685453415,3.9,-14.0,297.3,1496,1499,1496,1496,1499,1496,180,175,MANUAL (Remote),,0.0
2026-08-10T10:28:56.282,1786332536.282475,0.05999999865889549,4.0,-14.0,297.3,1496,1499,1496,1496,1499,1496,180,175,MANUAL (Remote),,0.0
2026-08-10T10:28:56.782,1786332536.7824,0.05900000035762787,3.9,-14.0,297.3,1496,1499,1496,1496,1499,1496,180,175,MANUAL (Remote),,0.0
2026-08-10T10:28:57.282,1786332537.282436,0.057999998331069946,4.0,-14.0,297.3,1496,1499,1496,1496,1499,1496,180,175,MANUAL (Remote),,0.0
2026-08-10T10:28:57.782,1786332537.782436,0.06300000101327896,3.9,-13.9,297.3,1496,1499,1496,1496,1499,1496,180,175,MANUAL (Remote),,0.0
2026-08-10T10:28:58.282,1786332538.282445,0.05700000002980232,4.0,-14.0,297.3,1496,1499,1496,1496,1499,1496,180,175,MANUAL (Remote),,0.0
2026-08-10T10:28:58.782,1786332538.782529,0.06300000101327896,3.9,-13.9,297.3,1496,1499,1496,1496,1499,1496,180,175,MANUAL (Remote),,0.0
2026-08-10T10:28:59.282,1786332539.282445,0.05999999865889549,4.0,-14.0,297.3,1496,1499,1496,1496,1499,1496,180,175,MANUAL (Remote),,0.0
2026-08-10T10:28:59.782,1786332539.782597,0.061000000685453415,3.9,-14.0,297.3,1496,1499,1496,1496,1499,1496,180,175,MANUAL (Remote),,0.0
2026-08-10T10:29:00.282,1786332540.28245,0.05900000035762787,4.1,-13.9,297.3,1496,1499,1496,1496,1499,1496,180,175,MANUAL (Remote),,0.0
2026-08-10T10:29:00.782,1786332540.7825,0.06199999898672104,3.9,-13.9,297.3,1496,1499,1496,1496,1499,1496,180,175,MANUAL (Remote),,0.0
2026-08-10T10:29:01.282,1786332541.282393,0.05999999865889549,3.9,-14.0,297.3,1496,1499,1496,1496,1499,1496,180,175,MANUAL (Remote),,0.0
2026-08-10T10:29:01.782,1786332541.782377,0.061000000685453415,4.0,-13.9,297.3,1496,1499,1496,1496,1499,1496,180,175,MANUAL (Remote),,0.0
2026-08-10T10:29:02.282,1786332542.282444,0.06300000101327896,4.0,-13.9,297.3,1496,1499,1496,1496,1499,1496,180,175,MANUAL (Remote),,0.0
2026-08-10T10:29:02.782,1786332542.782406,0.05900000035762787,3.9,-13.9,297.3,1496,1499,1496,1496,1499,1496,180,175,MANUAL (Remote),,0.0
2026-08-10T10:29:03.282,1786332543.282441,0.06400000303983688,3.9,-14.0,297.3,1496,1499,1496,1496,1499,1496,180,175,MANUAL (Remote),,0.0
2026-08-10T10:29:03.782,1786332543.7825,0.057999998331069946,3.9,-14.0,297.3,1496,1499,1496,1496,1499,1496,180,175,MANUAL (Remote),,0.0
2026-08-10T10:29:04.282,1786332544.28245,0.061000000685453415,3.9,-14.0,297.3,1496,1499,1496,1496,1499,1496,180,175,MANUAL (Remote),,0.0
2026-08-10T10:29:04.782,1786332544.78246,0.0560000017285347,4.0,-14.0,297.3,1496,1499,1496,1496,1499,1496,180,175,MANUAL (Remote),,0.0
2026-08-10T10:29:05.282,1786332545.282411,0.057999998331069946,3.9,-13.9,297.3,1496,1499,1496,1496,1499,1496,180,175,MANUAL (Remote),,0.0
2026-08-10T10:29:05.782,1786332545.782413,0.054999999701976776,4.0,-14.1,297.3,1496,1499,1496,1496,1499,1496,180,175,MANUAL (Remote),,0.0
2026-08-10T10:29:06.282,1786332546.28245,0.057999998331069946,3.9,-14.0,297.3,1496,1499,1496,1496,1499,1496,180,175,MANUAL (Remote),,0.0
2026-08-10T10:29:06.782,1786332546.782429,0.061000000685453415,3.7,-14.1,297.2,1496,1499,1496,1496,1499,1496,180,175,MANUAL (Remote),,0.0
2026-08-10T10:29:07.282,1786332547.282363,0.05700000002980232,3.8,-14.0,297.2,1496,1499,1496,1496,1499,1496,180,175,MANUAL (Remote),,0.0
2026-08-10T10:29:07.782,1786332547.782412,0.06199999898672104,3.8,-14.0,297.2,1496,1499,1496,1496,1499,1496,180,175,MANUAL (Remote),,0.0
2026-08-10T10:29:08.282,1786332548.282474,0.057999998331069946,4.0,-14.1,297.2,1496,1499,1496,1496,1499,1496,180,175,MANUAL (Remote),,0.0
2026-08-10T10:29:08.782,1786332548.782398,0.061000000685453415,3.8,-14.0,297.2,1496,1499,1496,1496,1499,1496,180,175,MANUAL (Remote),,0.0
2026-08-10T10:29:09.282,1786332549.282407,0.057999998331069946,3.9,-14.0,297.2,1496,1499,1496,1496,1499,1496,180,175,MANUAL (Remote),,0.0
2026-08-10T10:29:09.782,1786332549.782398,0.057999998331069946,3.9,-14.0,297.2,1496,1499,1496,1496,1499,1496,180,175,MANUAL (Remote),,0.0
2026-08-10T10:29:10.282,1786332550.282344,0.06300000101327896,4.0,-14.0,297.2,1496,1499,1496,1496,1499,1496,180,175,MANUAL (Remote),,0.0
2026-08-10T10:29:10.782,1786332550.782389,0.057999998331069946,4.0,-14.0,297.3,1496,1499,1496,1496,1499,1496,180,175,MANUAL (Remote),,0.0
2026-08-10T10:29:11.282,1786332551.282395,0.057999998331069946,4.0,-14.0,297.3,1496,1499,1496,1496,1499,1496,180,175,MANUAL (Remote),,0.0
2026-08-10T10:29:11.782,1786332551.782362,0.0560000017285347,3.9,-14.0,297.3,1496,1499,1496,1496,1499,1496,180,175,MANUAL (Remote),,0.0
2026-08-10T10:29:12.282,1786332552.282404,0.05900000035762787,4.0,-13.6,297.3,1496,1499,1496,1496,1499,1496,180,175,MANUAL (Remote),,0.0
2026-08-10T10:29:12.782,1786332552.782436,0.057999998331069946,4.2,-14.1,297.2,1496,1499,1496,1496,1499,1496,180,175,MANUAL (Remote),,0.0
2026-08-10T10:29:13.282,1786332553.282599,0.06199999898672104,4.2,-14.1,297.2,1496,1499,1496,1496,1499,1496,180,175,MANUAL (Remote),,0.0
2026-08-10T10:29:13.782,1786332553.782424,0.06199999898672104,4.1,-14.2,297.2,1496,1499,1496,1496,1499,1496,180,175,MANUAL (Remote),,0.0
2026-08-10T10:29:14.282,1786332554.282384,0.057999998331069946,4.0,-14.0,297.3,1496,1499,1496,1496,1499,1496,180,175,MANUAL (Remote),,0.0
2026-08-10T10:29:14.782,1786332554.782435,0.061000000685453415,4.0,-13.9,297.4,1496,1499,1496,1496,1499,1496,180,175,MANUAL (Remote),,0.0
2026-08-10T10:29:15.282,1786332555.282421,0.061000000685453415,3.9,-14.0,297.3,1496,1499,1496,1496,1499,1496,180,175,MANUAL (Remote),,0.0
2026-08-10T10:29:15.782,1786332555.782452,0.0560000017285347,4.0,-14.0,297.3,1496,1499,1496,1496,1499,1496,180,175,MANUAL (Remote),,0.0
2026-08-10T10:29:16.282,1786332556.282551,0.05999999865889549,4.0,-14.0,297.3,1496,1499,1496,1496,1499,1496,180,175,MANUAL (Remote),,0.0
2026-08-10T10:29:16.782,1786332556.782452,0.05900000035762787,3.9,-14.0,297.3,1496,1499,1496,1496,1499,1496,180,175,MANUAL (Remote),,0.0
2026-08-10T10:29:17.282,1786332557.282579,0.061000000685453415,4.0,-13.9,297.3,1496,1499,1496,1496,1499,1496,180,175,MANUAL (Remote),,0.0
2026-08-10T10:29:17.782,1786332557.782526,0.05999999865889549,4.0,-13.9,297.3,1496,1499,1496,1496,1499,1496,180,175,MANUAL (Remote),,0.0
2026-08-10T10:29:18.282,1786332558.282484,0.05900000035762787,4.0,-13.8,297.3,1496,1499,1496,1496,1499,1496,180,175,MANUAL (Remote),,0.0
2026-08-10T10:29:18.782,1786332558.782619,0.05900000035762787,4.0,-13.8,297.3,1496,1499,1496,1496,1499,1496,180,175,MANUAL (Remote),,0.0
2026-08-10T10:29:19.282,1786332559.28242,0.05900000035762787,4.1,-13.9,297.3,1496,1499,1496,1496,1499,1496,180,175,MANUAL (Remote),,0.0
2026-08-10T10:29:19.782,1786332559.782764,0.06499999761581421,4.1,-13.9,297.3,1496,1499,1496,1496,1499,1496,180,175,MANUAL (Remote),,0.0
2026-08-10T10:29:20.282,1786332560.282445,0.05900000035762787,3.9,-13.9,297.3,1496,1499,1496,1496,1499,1496,180,175,MANUAL (Remote),,0.0
2026-08-10T10:29:20.782,1786332560.782525,0.0560000017285347,3.9,-14.0,297.4,1496,1499,1496,1496,1499,1496,180,175,MANUAL (Remote),,0.0
2026-08-10T10:29:21.282,1786332561.282477,0.057999998331069946,4.0,-14.0,297.3,1496,1499,1496,1496,1499,1496,180,175,MANUAL (Remote),,0.0
2026-08-10T10:29:21.782,1786332561.782465,0.06199999898672104,3.9,-14.0,297.4,1496,1499,1496,1496,1499,1496,180,175,MANUAL (Remote),,0.0
2026-08-10T10:29:22.282,1786332562.282401,0.06199999898672104,4.0,-14.1,297.3,1496,1499,1496,1496,1499,1496,180,175,MANUAL (Remote),,0.0
2026-08-10T10:29:22.782,1786332562.782553,0.06199999898672104,3.9,-14.0,297.3,1496,1499,1496,1496,1499,1496,180,175,MANUAL (Remote),,0.0
2026-08-10T10:29:23.282,1786332563.282417,0.057999998331069946,3.9,-14.0,297.3,1496,1499,1496,1496,1499,1496,180,175,MANUAL (Remote),,0.0
2026-08-10T10:29:23.782,1786332563.782554,0.05900000035762787,4.0,-14.1,297.3,1496,1499,1496,1496,1499,1496,180,175,MANUAL (Remote),,0.0
2026-08-10T10:29:24.282,1786332564.28256,0.054999999701976776,4.0,-13.9,297.3,1496,1499,1496,1496,1499,1496,180,175,MANUAL (Remote),,0.0
2026-08-10T10:29:24.782,1786332564.782523,0.057999998331069946,4.0,-13.9,297.3,1496,1499,1496,1496,1499,1496,180,175,MANUAL (Remote),,0.0
2026-08-10T10:29:25.282,1786332565.282374,0.05900000035762787,4.0,-14.0,297.3,1496,1499,1496,1496,1499,1496,180,175,MANUAL (Remote),,0.0
2026-08-10T10:29:25.782,1786332565.782378,0.057999998331069946,4.0,-13.9,297.3,1496,1499,1496,1496,1499,1496,180,175,MANUAL (Remote),,0.0
2026-08-10T10:29:26.282,1786332566.282401,0.061000000685453415,4.0,-14.0,297.3,1496,1499,1496,1496,1499,1496,180,175,MANUAL (Remote),,0.0
2026-08-10T10:29:26.782,1786332566.782388,0.05400000140070915,4.0,-14.0,297.3,1496,1499,1496,1496,1499,1496,180,175,MANUAL (Remote),,0.0
2026-08-10T10:29:27.282,1786332567.282376,0.05999999865889549,4.0,-14.1,297.3,1496,1499,1496,1496,1499,1496,180,175,MANUAL (Remote),,0.0
2026-08-10T10:29:27.782,1786332567.782396,0.061000000685453415,4.0,-13.9,297.3,1496,1499,1496,1496,1499,1496,180,175,MANUAL (Remote),,0.0
2026-08-10T10:29:28.282,1786332568.282377,0.057999998331069946,4.0,-13.9,297.3,1496,1499,1496,1496,1499,1496,180,175,MANUAL (Remote),,0.0
2026-08-10T10:29:28.782,1786332568.782404,0.06199999898672104,4.0,-14.0,297.3,1496,1499,1496,1496,1499,1496,180,175,MANUAL (Remote),,0.0
2026-08-10T10:29:29.282,1786332569.282434,0.057999998331069946,3.9,-13.9,297.3,1496,1499,1496,1496,1499,1496,180,175,MANUAL (Remote),,0.0
2026-08-10T10:29:29.782,1786332569.782371,0.0560000017285347,3.9,-13.9,297.3,1496,1499,1496,1496,1499,1496,180,175,MANUAL (Remote),,0.0
2026-08-10T10:29:30.282,1786332570.282462,0.054999999701976776,4.0,-13.8,297.3,1496,1499,1496,1496,1499,1496,180,175,MANUAL (Remote),,0.0
2026-08-10T10:29:30.782,1786332570.782393,0.05900000035762787,3.9,-13.9,297.3,1496,1499,1496,1496,1499,1496,180,175,MANUAL (Remote),,0.0
2026-08-10T10:29:31.282,1786332571.282436,0.0560000017285347,3.9,-13.7,297.3,1496,1499,1496,1496,1499,1496,180,175,MANUAL (Remote),,0.0
2026-08-10T10:29:31.782,1786332571.782418,0.05999999865889549,3.8,-13.8,297.3,1496,1499,1496,1496,1499,1496,180,175,MANUAL (Remote),,0.0
2026-08-10T10:29:32.282,1786332572.282395,0.061000000685453415,3.9,-13.7,297.3,1496,1499,1496,1496,1499,1496,180,175,MANUAL (Remote),,0.0
2026-08-10T10:29:32.782,1786332572.782388,0.057999998331069946,3.9,-13.8,297.4,1496,1499,1496,1496,1499,1496,180,175,MANUAL (Remote),,0.0
2026-08-10T10:29:33.282,1786332573.282409,0.057999998331069946,3.8,-13.5,297.4,1496,1499,1496,1496,1499,1496,180,175,MANUAL (Remote),,0.0
2026-08-10T10:29:33.782,1786332573.782395,0.061000000685453415,3.8,-13.7,297.3,1496,1499,1496,1496,1499,1496,180,175,MANUAL (Remote),,0.0
2026-08-10T10:29:34.282,1786332574.282378,0.05400000140070915,3.9,-13.9,297.3,1496,1499,1496,1496,1499,1496,180,175,MANUAL (Remote),,0.0
2026-08-10T10:29:34.782,1786332574.782433,0.05900000035762787,3.9,-14.0,297.3,1496,1499,1496,1496,1499,1496,180,175,MANUAL (Remote),,0.0
2026-08-10T10:29:35.282,1786332575.282492,0.06800000369548798,4.0,-13.9,297.3,1496,1499,1496,1496,1499,1496,180,175,MANUAL (Remote),,0.0
2026-08-10T10:29:35.782,1786332575.782568,0.057999998331069946,4.4,-13.7,297.4,1496,1499,1496,1496,1499,1496,180,175,MANUAL (Remote),,0.0
2026-08-10T10:29:36.282,1786332576.282504,0.05999999865889549,4.2,-13.9,297.5,1496,1499,1496,1496,1499,1496,180,175,MANUAL (Remote),,0.0
2026-08-10T10:29:36.782,1786332576.782412,0.057999998331069946,4.1,-13.9,297.5,1496,1499,1496,1496,1499,1496,180,175,MANUAL (Remote),,0.0
2026-08-10T10:29:37.282,1786332577.282418,0.05900000035762787,4.2,-13.6,297.5,1496,1499,1496,1496,1499,1496,180,175,MANUAL (Remote),,0.0
2026-08-10T10:29:37.782,1786332577.782527,0.061000000685453415,4.1,-13.7,297.5,1496,1499,1496,1496,1499,1496,180,175,MANUAL (Remote),,0.0
2026-08-10T10:29:38.282,1786332578.282529,0.057999998331069946,4.1,-13.7,297.5,1496,1499,1496,1496,1499,1496,180,175,MANUAL (Remote),,0.0
2026-08-10T10:29:38.782,1786332578.782477,0.05900000035762787,4.0,-13.6,297.5,1496,1499,1496,1496,1499,1496,180,175,MANUAL (Remote),,0.0
2026-08-10T10:29:39.282,1786332579.282554,0.057999998331069946,4.1,-13.7,297.5,1496,1499,1496,1496,1499,1496,180,175,MANUAL (Remote),,0.0
2026-08-10T10:29:39.782,1786332579.782536,0.05700000002980232,4.1,-13.7,297.5,1496,1499,1496,1496,1499,1496,180,175,MANUAL (Remote),,0.0
2026-08-10T10:29:40.282,1786332580.2826,0.05900000035762787,4.1,-13.7,297.5,1496,1499,1496,1496,1499,1496,180,175,MANUAL (Remote),,0.0
2026-08-10T10:29:40.782,1786332580.782552,0.05700000002980232,4.1,-13.7,297.4,1496,1499,1496,1496,1499,1496,180,175,MANUAL (Remote),,0.0
2026-08-10T10:29:41.282,1786332581.282555,0.05299999937415123,4.0,-14.0,297.4,1496,1499,1496,1496,1499,1496,180,175,MANUAL (Remote),,0.0
2026-08-10T10:29:41.782,1786332581.782611,0.06199999898672104,4.0,-14.0,297.3,1496,1499,1496,1496,1499,1496,180,175,MANUAL (Remote),,0.0
2026-08-10T10:29:42.282,1786332582.282407,0.0560000017285347,4.0,-14.0,297.4,1496,1499,1496,1496,1499,1496,180,175,MANUAL (Remote),,0.0
2026-08-10T10:29:42.782,1786332582.782568,0.05400000140070915,4.1,-14.0,297.3,1496,1499,1496,1496,1499,1496,180,175,MANUAL (Remote),,0.0
2026-08-10T10:29:43.282,1786332583.282492,0.05700000002980232,4.1,-14.1,297.4,1496,1499,1496,1496,1499,1496,180,175,MANUAL (Remote),,0.0
2026-08-10T10:29:43.782,1786332583.782486,0.0560000017285347,4.1,-14.0,297.4,1496,1499,1496,1496,1499,1496,180,175,MANUAL (Remote),,0.0
2026-08-10T10:29:44.282,1786332584.282436,0.057999998331069946,4.1,-13.9,297.4,1496,1499,1496,1496,1499,1496,180,175,MANUAL (Remote),,0.0
2026-08-10T10:29:44.782,1786332584.782394,0.05999999865889549,4.0,-14.0,297.3,1496,1499,1496,1496,1499,1496,180,175,MANUAL (Remote),,0.0
2026-08-10T10:29:45.282,1786332585.282385,0.05299999937415123,4.0,-14.0,297.4,1496,1499,1496,1496,1499,1496,180,175,MANUAL (Remote),,0.0
2026-08-10T10:29:45.782,1786332585.782511,0.054999999701976776,4.0,-14.0,297.4,1496,1499,1496,1496,1499,1496,180,175,MANUAL (Remote),,0.0
2026-08-10T10:29:46.282,1786332586.282439,0.057999998331069946,4.0,-14.0,297.4,1496,1499,1496,1496,1499,1496,180,175,MANUAL (Remote),,0.0
2026-08-10T10:29:46.782,1786332586.782507,0.054999999701976776,4.0,-14.0,297.3,1496,1499,1496,1496,1499,1496,180,175,MANUAL (Remote),,0.0
2026-08-10T10:29:47.282,1786332587.282362,0.050999999046325684,4.0,-14.0,297.3,1496,1499,1496,1496,1499,1496,180,175,MANUAL (Remote),,0.0
2026-08-10T10:29:47.782,1786332587.782365,0.05900000035762787,4.1,-14.0,297.4,1496,1499,1496,1496,1499,1496,180,175,MANUAL (Remote),,0.0
2026-08-10T10:29:48.282,1786332588.282407,0.0560000017285347,4.1,-14.0,297.4,1496,1499,1496,1496,1499,1496,180,175,MANUAL (Remote),,0.0
2026-08-10T10:29:48.782,1786332588.782406,0.05900000035762787,4.1,-14.0,297.3,1496,1499,1496,1496,1499,1496,180,175,MANUAL (Remote),,0.0
2026-08-10T10:29:49.282,1786332589.282442,0.05400000140070915,4.0,-14.0,297.4,1496,1499,1496,1496,1499,1496,180,175,MANUAL (Remote),,0.0
2026-08-10T10:29:49.782,1786332589.782403,0.061000000685453415,4.0,-14.0,297.4,1496,1499,1496,1496,1499,1496,180,175,MANUAL (Remote),,0.0
2026-08-10T10:29:50.282,1786332590.282405,0.0560000017285347,4.0,-14.0,297.4,1496,1499,1496,1496,1499,1496,180,175,MANUAL (Remote),,0.0
2026-08-10T10:29:50.782,1786332590.782389,0.05299999937415123,4.0,-13.9,297.4,1496,1499,1496,1496,1499,1496,180,175,MANUAL (Remote),,0.0
2026-08-10T10:29:51.282,1786332591.282401,0.054999999701976776,4.2,-13.9,297.4,1496,1499,1496,1496,1499,1496,180,175,MANUAL (Remote),,0.0
2026-08-10T10:29:51.782,1786332591.782399,0.057999998331069946,4.1,-14.1,297.3,1496,1499,1496,1496,1499,1496,180,175,MANUAL (Remote),,0.0
2026-08-10T10:29:52.282,1786332592.282449,0.05400000140070915,4.0,-14.0,297.3,1496,1499,1496,1496,1499,1496,180,175,MANUAL (Remote),,0.0
2026-08-10T10:29:52.782,1786332592.78243,0.054999999701976776,3.9,-14.0,297.4,1496,1499,1496,1496,1499,1496,180,175,MANUAL (Remote),,0.0
2026-08-10T10:29:53.282,1786332593.282365,0.05700000002980232,4.0,-14.1,297.3,1496,1499,1496,1496,1499,1496,180,175,MANUAL (Remote),,0.0
2026-08-10T10:29:53.782,1786332593.782359,0.05900000035762787,4.0,-14.1,297.3,1496,1499,1496,1496,1499,1496,180,175,MANUAL (Remote),,0.0
2026-08-10T10:29:54.282,1786332594.282432,0.05400000140070915,4.0,-14.1,297.3,1496,1499,1496,1496,1499,1496,180,175,MANUAL (Remote),,0.0
2026-08-10T10:29:54.782,1786332594.782407,0.05999999865889549,4.0,-14.0,297.4,1496,1499,1496,1496,1499,1496,180,175,MANUAL (Remote),,0.0
2026-08-10T10:29:55.282,1786332595.282424,0.05299999937415123,3.9,-14.1,297.3,1496,1499,1496,1496,1499,1496,180,175,MANUAL (Remote),,0.0
2026-08-10T10:29:55.782,1786332595.782436,0.05900000035762787,4.0,-14.1,297.3,1496,1499,1496,1496,1499,1496,180,175,MANUAL (Remote),,0.0
2026-08-10T10:29:56.282,1786332596.282422,0.05900000035762787,4.1,-14.2,297.3,1496,1499,1496,1496,1499,1496,180,175,MANUAL (Remote),,0.0
2026-08-10T10:29:56.782,1786332596.782498,0.05999999865889549,4.2,-13.8,297.3,1496,1499,1496,1496,1499,1496,180,175,MANUAL (Remote),,0.0
2026-08-10T10:29:57.282,1786332597.282365,0.05999999865889549,4.0,-14.2,297.3,1496,1499,1496,1496,1499,1496,180,175,MANUAL (Remote),,0.0
2026-08-10T10:29:57.782,1786332597.782497,0.05900000035762787,4.0,-14.0,297.3,1496,1499,1496,1496,1499,1496,180,175,MANUAL (Remote),,0.0
2026-08-10T10:29:58.282,1786332598.282511,0.05999999865889549,4.0,-14.2,297.3,1496,1499,1496,1496,1499,1496,180,175,MANUAL (Remote),,0.0
2026-08-10T10:29:58.782,1786332598.782393,0.057999998331069946,4.0,-14.0,297.3,1496,1499,1496,1496,1499,1496,180,175,MANUAL (Remote),,0.0
2026-08-10T10:29:59.282,1786332599.282566,0.057999998331069946,4.0,-14.2,297.3,1496,1499,1496,1496,1499,1496,180,175,MANUAL (Remote),,0.0
2026-08-10T10:29:59.782,1786332599.782542,0.057999998331069946,4.1,-14.2,297.4,1496,1499,1496,1496,1499,1496,180,175,MANUAL (Remote),,0.0
2026-08-10T10:30:00.282,1786332600.282418,0.052000001072883606,4.0,-14.3,297.3,1496,1499,1496,1496,1499,1496,180,175,MANUAL (Remote),,0.0
2026-08-10T10:30:00.782,1786332600.782567,0.057999998331069946,4.1,-14.5,297.3,1496,1499,1496,1496,1499,1496,180,175,MANUAL (Remote),,0.0
2026-08-10T10:30:01.282,1786332601.28255,0.05900000035762787,4.0,-14.3,297.3,1496,1499,1496,1496,1499,1496,180,175,MANUAL (Remote),,0.0
2026-08-10T10:30:01.782,1786332601.782547,0.057999998331069946,3.9,-14.3,297.4,1496,1499,1496,1496,1499,1496,180,175,MANUAL (Remote),,0.0
2026-08-10T10:30:02.282,1786332602.282563,0.05999999865889549,4.0,-14.4,297.3,1496,1499,1496,1496,1499,1496,180,175,MANUAL (Remote),,0.0
2026-08-10T10:30:02.782,1786332602.782635,0.05900000035762787,4.0,-14.4,297.3,1496,1499,1496,1496,1499,1496,180,175,MANUAL (Remote),,0.0
2026-08-10T10:30:03.282,1786332603.282506,0.05400000140070915,3.9,-14.4,297.3,1496,1499,1496,1496,1499,1496,180,175,MANUAL (Remote),,0.0
2026-08-10T10:30:03.782,1786332603.782556,0.054999999701976776,4.0,-14.4,297.2,1496,1499,1496,1496,1499,1496,180,175,MANUAL (Remote),,0.0
2026-08-10T10:30:04.282,1786332604.282447,0.06199999898672104,3.9,-14.4,297.2,1496,1499,1496,1496,1499,1496,180,175,MANUAL (Remote),,0.0
2026-08-10T10:30:04.782,1786332604.782437,0.05400000140070915,4.0,-14.4,297.2,1496,1499,1496,1496,1499,1496,180,175,MANUAL (Remote),,0.0
2026-08-10T10:30:05.282,1786332605.282551,0.05999999865889549,4.0,-14.3,297.3,1496,1499,1496,1496,1499,1496,180,175,MANUAL (Remote),,0.0
2026-08-10T10:30:05.782,1786332605.782361,0.052000001072883606,4.0,-14.4,297.3,1496,1499,1496,1496,1499,1496,180,175,MANUAL (Remote),,0.0
2026-08-10T10:30:06.282,1786332606.282457,0.057999998331069946,4.0,-14.4,297.2,1496,1499,1496,1496,1499,1496,180,175,MANUAL (Remote),,0.0
2026-08-10T10:30:06.782,1786332606.782654,0.05999999865889549,4.0,-14.4,297.2,1496,1499,1496,1496,1499,1496,180,175,MANUAL (Remote),,0.0
2026-08-10T10:30:07.282,1786332607.282486,0.0560000017285347,4.0,-14.4,297.2,1496,1499,1496,1496,1499,1496,180,175,MANUAL (Remote),,0.0
2026-08-10T10:30:07.782,1786332607.782405,0.05400000140070915,4.0,-14.4,297.3,1496,1499,1496,1496,1499,1496,180,175,MANUAL (Remote),,0.0
2026-08-10T10:30:08.282,1786332608.282509,0.05999999865889549,4.0,-14.3,297.3,1496,1499,1496,1496,1499,1496,180,175,MANUAL (Remote),,0.0
2026-08-10T10:30:08.782,1786332608.782616,0.0560000017285347,4.0,-14.2,297.3,1496,1499,1496,1496,1499,1496,180,175,MANUAL (Remote),,0.0
2026-08-10T10:30:09.282,1786332609.282415,0.05900000035762787,4.0,-14.3,297.3,1496,1499,1496,1496,1499,1496,180,175,MANUAL (Remote),,0.0
2026-08-10T10:30:09.782,1786332609.782467,0.0560000017285347,4.0,-14.3,297.3,1496,1499,1496,1496,1499,1496,180,175,MANUAL (Remote),,0.0
2026-08-10T10:30:10.282,1786332610.282403,0.05999999865889549,4.0,-14.3,297.3,1496,1499,1496,1496,1499,1496,180,175,MANUAL (Remote),,0.0
2026-08-10T10:30:10.782,1786332610.782401,0.054999999701976776,4.0,-14.3,297.3,1496,1499,1496,1496,1499,1496,180,175,MANUAL (Remote),,0.0
2026-08-10T10:30:11.282,1786332611.282412,0.05900000035762787,4.0,-14.3,297.3,1496,1499,1496,1496,1499,1496,180,175,MANUAL (Remote),,0.0
2026-08-10T10:30:11.782,1786332611.782404,0.05900000035762787,3.9,-14.3,297.3,1496,1499,1496,1496,1499,1496,180,175,MANUAL (Remote),,0.0
2026-08-10T10:30:12.282,1786332612.282395,0.05900000035762787,3.9,-14.3,297.3,1496,1499,1496,1496,1499,1496,180,175,MANUAL (Remote),,0.0
2026-08-10T10:30:12.782,1786332612.782639,0.054999999701976776,3.9,-14.4,297.3,1496,1499,1496,1496,1499,1496,180,175,MANUAL (Remote),,0.0
2026-08-10T10:30:13.282,1786332613.282471,0.054999999701976776,4.0,-14.3,297.2,1496,1499,1496,1496,1499,1496,180,175,MANUAL (Remote),,0.0
2026-08-10T10:30:13.782,1786332613.782409,0.05999999865889549,3.9,-14.4,297.2,1496,1499,1496,1496,1499,1496,180,175,MANUAL (Remote),,0.0
2026-08-10T10:30:14.282,1786332614.282409,0.05999999865889549,3.9,-14.3,297.2,1496,1499,1496,1496,1499,1496,180,175,MANUAL (Remote),,0.0
2026-08-10T10:30:14.782,1786332614.782382,0.054999999701976776,3.9,-14.4,297.2,1496,1499,1496,1496,1499,1496,180,175,MANUAL (Remote),,0.0
2026-08-10T10:30:15.282,1786332615.28241,0.052000001072883606,3.9,-14.4,297.2,1496,1499,1496,1496,1499,1496,180,175,MANUAL (Remote),,0.0
2026-08-10T10:30:15.782,1786332615.782455,0.057999998331069946,3.9,-14.4,297.2,1496,1499,1496,1496,1499,1496,180,175,MANUAL (Remote),,0.0
2026-08-10T10:30:16.282,1786332616.282401,0.05700000002980232,3.9,-14.4,297.1,1496,1499,1496,1496,1499,1496,180,175,MANUAL (Remote),,0.0
2026-08-10T10:30:16.782,1786332616.782438,0.054999999701976776,3.9,-14.4,297.2,1496,1499,1496,1496,1499,1496,180,175,MANUAL (Remote),,0.0
2026-08-10T10:30:17.282,1786332617.282387,0.054999999701976776,4.0,-14.3,297.2,1496,1499,1496,1496,1499,1496,180,175,MANUAL (Remote),,0.0
2026-08-10T10:30:17.782,1786332617.782416,0.054999999701976776,3.9,-14.3,297.2,1496,1499,1496,1496,1499,1496,180,175,MANUAL (Remote),,0.0
2026-08-10T10:30:18.282,1786332618.282433,0.05700000002980232,3.9,-14.4,297.2,1496,1499,1496,1496,1499,1496,180,175,MANUAL (Remote),,0.0
2026-08-10T10:30:18.782,1786332618.782369,0.05400000140070915,3.9,-14.3,297.2,1496,1499,1496,1496,1499,1496,180,175,MANUAL (Remote),,0.0
2026-08-10T10:30:19.282,1786332619.282362,0.0560000017285347,3.9,-14.4,297.2,1496,1499,1496,1496,1499,1496,180,175,MANUAL (Remote),,0.0
2026-08-10T10:30:19.782,1786332619.782437,0.0560000017285347,3.9,-14.4,297.2,1496,1499,1496,1496,1499,1496,180,175,MANUAL (Remote),,0.0
2026-08-10T10:30:20.282,1786332620.282401,0.05400000140070915,4.0,-14.5,297.2,1496,1499,1496,1496,1499,1496,180,175,MANUAL (Remote),,0.0
2026-08-10T10:30:20.782,1786332620.782473,0.054999999701976776,3.9,-14.5,297.3,1496,1499,1496,1496,1499,1496,180,175,MANUAL (Remote),,0.0
2026-08-10T10:30:21.282,1786332621.282432,0.054999999701976776,4.0,-14.5,297.2,1496,1499,1496,1496,1499,1496,180,175,MANUAL (Remote),,0.0
2026-08-10T10:30:21.782,1786332621.782415,0.05999999865889549,4.0,-14.4,297.2,1496,1499,1496,1496,1499,1496,180,175,MANUAL (Remote),,0.0
2026-08-10T10:30:22.282,1786332622.282403,0.05299999937415123,3.9,-14.4,297.2,1496,1499,1496,1496,1499,1496,180,175,MANUAL (Remote),,0.0
2026-08-10T10:30:22.782,1786332622.7824,0.05700000002980232,4.0,-14.4,297.2,1496,1499,1496,1496,1499,1496,180,175,MANUAL (Remote),,0.0
2026-08-10T10:30:23.282,1786332623.282411,0.05400000140070915,3.9,-14.4,297.2,1496,1499,1496,1496,1499,1496,180,175,MANUAL (Remote),,0.0
2026-08-10T10:30:23.782,1786332623.782425,0.054999999701976776,4.0,-14.4,297.2,1496,1499,1496,1496,1499,1496,180,175,MANUAL (Remote),,0.0
2026-08-10T10:30:24.282,1786332624.282429,0.0560000017285347,4.0,-14.5,297.2,1496,1499,1496,1496,1499,1496,180,175,MANUAL (Remote),,0.0
2026-08-10T10:30:24.782,1786332624.782498,0.0560000017285347,4.0,-14.1,297.2,1496,1499,1496,1496,1499,1496,180,175,MANUAL (Remote),,0.0
2026-08-10T10:30:25.282,1786332625.282703,0.054999999701976776,3.9,-14.3,297.3,1496,1499,1496,1496,1499,1496,180,175,MANUAL (Remote),,0.0
2026-08-10T10:30:25.782,1786332625.782587,0.054999999701976776,3.9,-14.2,297.4,1496,1499,1496,1496,1499,1496,180,175,MANUAL (Remote),,0.0
2026-08-10T10:30:26.282,1786332626.282399,0.05999999865889549,4.0,-14.5,297.3,1496,1499,1496,1496,1499,1496,180,175,MANUAL (Remote),,0.0
2026-08-10T10:30:26.782,1786332626.782454,0.057999998331069946,3.9,-14.4,297.3,1496,1499,1496,1496,1499,1496,180,175,MANUAL (Remote),,0.0
2026-08-10T10:30:27.282,1786332627.282579,0.0560000017285347,4.0,-14.3,297.3,1496,1499,1496,1496,1499,1496,180,175,MANUAL (Remote),,0.0
2026-08-10T10:30:27.782,1786332627.782511,0.052000001072883606,4.0,-14.2,297.3,1496,1499,1496,1496,1499,1496,180,175,MANUAL (Remote),,0.0
2026-08-10T10:30:28.282,1786332628.282411,0.054999999701976776,4.0,-14.2,297.2,1496,1499,1496,1496,1499,1496,180,175,MANUAL (Remote),,0.0
2026-08-10T10:30:28.782,1786332628.782439,0.05400000140070915,4.0,-14.2,297.3,1496,1499,1496,1496,1499,1496,180,175,MANUAL (Remote),,0.0
2026-08-10T10:30:29.282,1786332629.282384,0.05299999937415123,3.9,-14.2,297.2,1496,1499,1496,1496,1499,1496,180,175,MANUAL (Remote),,0.0
2026-08-10T10:30:29.782,1786332629.782392,0.052000001072883606,4.0,-14.3,297.2,1496,1499,1496,1496,1499,1496,180,175,MANUAL (Remote),,0.0
2026-08-10T10:30:30.282,1786332630.2824,0.05700000002980232,4.0,-14.3,297.3,1496,1499,1496,1496,1499,1496,180,175,MANUAL (Remote),,0.0
2026-08-10T10:30:30.782,1786332630.782398,0.05400000140070915,4.0,-14.2,297.3,1496,1499,1496,1496,1499,1496,180,175,MANUAL (Remote),,0.0
2026-08-10T10:30:31.282,1786332631.282371,0.05299999937415123,4.0,-14.1,297.2,1496,1499,1496,1496,1499,1496,180,175,MANUAL (Remote),,0.0
2026-08-10T10:30:31.782,1786332631.782367,0.052000001072883606,3.9,-14.2,297.3,1496,1499,1496,1496,1499,1496,180,175,MANUAL (Remote),,0.0
2026-08-10T10:30:32.282,1786332632.282456,0.05299999937415123,3.9,-14.2,297.2,1496,1499,1496,1496,1499,1496,180,175,MANUAL (Remote),,0.0
2026-08-10T10:30:32.782,1786332632.782396,0.057999998331069946,3.9,-14.2,297.2,1496,1499,1496,1496,1499,1496,180,175,MANUAL (Remote),,0.0
2026-08-10T10:30:33.282,1786332633.282369,0.05700000002980232,3.9,-14.2,297.2,1496,1499,1496,1496,1499,1496,180,175,MANUAL (Remote),,0.0
2026-08-10T10:30:33.782,1786332633.782405,0.054999999701976776,3.9,-14.3,297.2,1496,1499,1496,1496,1499,1496,180,175,MANUAL (Remote),,0.0
2026-08-10T10:30:34.282,1786332634.282423,0.05400000140070915,3.9,-14.2,297.3,1496,1499,1496,1496,1499,1496,180,175,MANUAL (Remote),,0.0
2026-08-10T10:30:34.782,1786332634.782422,0.054999999701976776,4.0,-14.2,297.3,1496,1499,1496,1496,1499,1496,180,175,MANUAL (Remote),,0.0
2026-08-10T10:30:35.282,1786332635.282392,0.05400000140070915,4.0,-14.3,297.2,1496,1499,1496,1496,1499,1496,180,175,MANUAL (Remote),,0.0
2026-08-10T10:30:35.782,1786332635.782438,0.05900000035762787,4.0,-14.2,297.3,1496,1499,1496,1496,1499,1496,180,175,MANUAL (Remote),,0.0
2026-08-10T10:30:36.282,1786332636.282419,0.05000000074505806,4.0,-14.0,297.4,1496,1499,1496,1496,1499,1496,180,175,MANUAL (Remote),,0.0
2026-08-10T10:30:36.782,1786332636.782413,0.057999998331069946,4.0,-14.0,297.4,1496,1499,1496,1496,1499,1496,180,175,MANUAL (Remote),,0.0
2026-08-10T10:30:37.282,1786332637.2824,0.0560000017285347,3.9,-13.9,297.4,1496,1499,1496,1496,1499,1496,180,175,MANUAL (Remote),,0.0
2026-08-10T10:30:37.782,1786332637.782617,0.04600000008940697,3.9,-14.0,297.3,1496,1499,1496,1496,1499,1496,180,175,MANUAL (Remote),,0.0
2026-08-10T10:30:38.282,1786332638.282432,0.05299999937415123,4.0,-14.0,297.3,1496,1499,1496,1496,1499,1496,180,175,MANUAL (Remote),,0.0
2026-08-10T10:30:38.782,1786332638.782369,0.054999999701976776,3.9,-14.1,297.3,1496,1499,1496,1496,1499,1496,180,175,MANUAL (Remote),,0.0
2026-08-10T10:30:39.282,1786332639.282431,0.05400000140070915,4.0,-14.2,297.3,1496,1499,1496,1496,1499,1496,180,175,MANUAL (Remote),,0.0
2026-08-10T10:30:39.782,1786332639.78244,0.05400000140070915,3.6,-15.0,297.1,1496,1499,1496,1496,1499,1496,180,175,MANUAL (Remote),,0.0
2026-08-10T10:30:40.282,1786332640.282431,0.05900000035762787,3.8,-14.0,297.0,1496,1499,1496,1496,1499,1496,180,175,MANUAL (Remote),,0.0
2026-08-10T10:30:40.782,1786332640.782469,0.052000001072883606,3.6,-14.4,296.9,1496,1499,1496,1496,1499,1496,180,175,MANUAL (Remote),,0.0
2026-08-10T10:30:41.282,1786332641.28257,0.05299999937415123,3.8,-14.4,296.9,1496,1499,1496,1496,1499,1496,180,175,MANUAL (Remote),,0.0
2026-08-10T10:30:41.782,1786332641.78242,0.052000001072883606,3.8,-14.3,297.0,1496,1499,1496,1496,1499,1496,180,175,MANUAL (Remote),,0.0
2026-08-10T10:30:42.282,1786332642.282405,0.05400000140070915,3.9,-14.3,297.0,1496,1499,1496,1496,1499,1496,180,175,MANUAL (Remote),,0.0
2026-08-10T10:30:42.782,1786332642.782424,0.057999998331069946,3.9,-14.3,297.0,1496,1499,1496,1496,1499,1496,180,175,MANUAL (Remote),,0.0
2026-08-10T10:30:43.282,1786332643.282502,0.05299999937415123,3.8,-14.2,297.1,1496,1499,1496,1496,1499,1496,180,175,MANUAL (Remote),,0.0
2026-08-10T10:30:43.782,1786332643.782471,0.05299999937415123,3.8,-14.3,297.1,1496,1499,1496,1496,1499,1496,180,175,MANUAL (Remote),,0.0
2026-08-10T10:30:44.282,1786332644.282603,0.0560000017285347,4.0,-14.3,297.1,1496,1499,1496,1496,1499,1496,180,175,MANUAL (Remote),,0.0
2026-08-10T10:30:44.782,1786332644.782462,0.05700000002980232,3.9,-14.3,297.1,1496,1499,1496,1496,1499,1496,180,175,MANUAL (Remote),,0.0
2026-08-10T10:30:45.282,1786332645.282456,0.0560000017285347,4.0,-14.2,297.2,1496,1499,1496,1496,1499,1496,180,175,MANUAL (Remote),,0.0
2026-08-10T10:30:45.782,1786332645.782481,0.052000001072883606,3.9,-14.2,297.2,1496,1499,1496,1496,1499,1496,180,175,MANUAL (Remote),,0.0
2026-08-10T10:30:46.282,1786332646.282413,0.054999999701976776,3.9,-14.3,297.2,1496,1499,1496,1496,1499,1496,180,175,MANUAL (Remote),,0.0
2026-08-10T10:30:46.782,1786332646.782616,0.0560000017285347,3.9,-14.3,297.3,1496,1499,1496,1496,1499,1496,180,175,MANUAL (Remote),,0.0
2026-08-10T10:30:47.282,1786332647.282445,0.052000001072883606,3.9,-14.3,297.3,1496,1499,1496,1496,1499,1496,180,175,MANUAL (Remote),,0.0
2026-08-10T10:30:47.782,1786332647.78243,0.05700000002980232,4.0,-14.3,297.3,1496,1499,1496,1496,1499,1496,180,175,MANUAL (Remote),,0.0
2026-08-10T10:30:48.282,1786332648.2824,0.050999999046325684,4.5,-15.1,297.2,1496,1499,1496,1496,1499,1496,180,175,MANUAL (Remote),,0.0
2026-08-10T10:30:48.782,1786332648.782488,0.054999999701976776,4.3,-14.9,297.1,1496,1499,1496,1496,1499,1496,180,175,MANUAL (Remote),,0.0
2026-08-10T10:30:49.282,1786332649.282531,0.054999999701976776,4.2,-14.6,297.2,1496,1499,1496,1496,1499,1496,180,175,MANUAL (Remote),,0.0
2026-08-10T10:30:49.782,1786332649.782442,0.05900000035762787,4.4,-14.4,297.2,1496,1499,1496,1496,1499,1496,180,175,MANUAL (Remote),,0.0
2026-08-10T10:30:50.282,1786332650.28242,0.054999999701976776,4.2,-14.4,297.3,1496,1499,1496,1496,1499,1496,180,175,MANUAL (Remote),,0.0
2026-08-10T10:30:50.782,1786332650.782415,0.050999999046325684,4.1,-14.2,297.2,1496,1499,1496,1496,1499,1496,180,175,MANUAL (Remote),,0.0
2026-08-10T10:30:51.282,1786332651.282424,0.05299999937415123,4.0,-14.2,297.3,1496,1499,1496,1496,1499,1496,180,175,MANUAL (Remote),,0.0
2026-08-10T10:30:51.782,1786332651.782374,0.054999999701976776,4.0,-14.1,297.3,1496,1499,1496,1496,1499,1496,180,175,MANUAL (Remote),,0.0
2026-08-10T10:30:52.282,1786332652.282376,0.052000001072883606,4.0,-14.0,297.3,1496,1499,1496,1496,1499,1496,180,175,MANUAL (Remote),,0.0
2026-08-10T10:30:52.782,1786332652.782411,0.05299999937415123,3.9,-13.7,297.3,1496,1499,1496,1496,1499,1496,180,175,MANUAL (Remote),,0.0
2026-08-10T10:30:53.282,1786332653.282359,0.0560000017285347,3.7,-14.1,297.2,1496,1499,1496,1496,1499,1496,180,175,MANUAL (Remote),,0.0
2026-08-10T10:30:53.782,1786332653.782418,0.05299999937415123,3.7,-13.9,297.3,1496,1499,1496,1496,1499,1496,180,175,MANUAL (Remote),,0.0
2026-08-10T10:30:54.282,1786332654.282415,0.052000001072883606,3.8,-14.0,297.3,1496,1499,1496,1496,1499,1496,180,175,MANUAL (Remote),,0.0
2026-08-10T10:30:54.782,1786332654.782434,0.050999999046325684,3.8,-13.9,297.3,1496,1499,1496,1496,1499,1496,180,175,MANUAL (Remote),,0.0
2026-08-10T10:30:55.282,1786332655.282428,0.0560000017285347,3.9,-13.9,297.3,1496,1499,1496,1496,1499,1496,180,175,MANUAL (Remote),,0.0
2026-08-10T10:30:55.782,1786332655.782401,0.057999998331069946,3.8,-13.9,297.3,1496,1499,1496,1496,1499,1496,180,175,MANUAL (Remote),,0.0
2026-08-10T10:30:56.282,1786332656.282426,0.054999999701976776,3.9,-13.8,297.3,1496,1499,1496,1496,1499,1496,180,175,MANUAL (Remote),,0.0
2026-08-10T10:30:56.782,1786332656.78239,0.05299999937415123,3.9,-13.9,297.3,1496,1499,1496,1496,1499,1496,180,175,MANUAL (Remote),,0.0
2026-08-10T10:30:57.282,1786332657.282412,0.0560000017285347,3.9,-13.9,297.3,1496,1499,1496,1496,1499,1496,180,175,MANUAL (Remote),,0.0
2026-08-10T10:30:57.782,1786332657.782388,0.057999998331069946,3.9,-14.1,297.3,1496,1499,1496,1496,1499,1496,180,175,MANUAL (Remote),,0.0
2026-08-10T10:30:58.282,1786332658.282435,0.05299999937415123,3.9,-14.1,297.3,1496,1499,1496,1496,1499,1496,180,175,MANUAL (Remote),,0.0
2026-08-10T10:30:58.782,1786332658.782478,0.05400000140070915,3.9,-14.0,297.3,1496,1499,1496,1496,1499,1496,180,175,MANUAL (Remote),,0.0
2026-08-10T10:30:59.282,1786332659.282517,0.054999999701976776,3.9,-14.2,297.2,1496,1499,1496,1496,1499,1496,180,175,MANUAL (Remote),,0.0
2026-08-10T10:30:59.782,1786332659.782382,0.05700000002980232,3.9,-14.2,297.2,1496,1499,1496,1496,1499,1496,180,175,MANUAL (Remote),,0.0
2026-08-10T10:31:00.282,1786332660.282435,0.05400000140070915,3.9,-14.1,297.2,1496,1499,1496,1496,1499,1496,180,175,MANUAL (Remote),,0.0
2026-08-10T10:31:00.782,1786332660.782459,0.05400000140070915,3.9,-14.1,297.2,1496,1499,1496,1496,1499,1496,180,175,MANUAL (Remote),,0.0
2026-08-10T10:31:01.282,1786332661.28242,0.052000001072883606,3.8,-14.1,297.3,1496,1499,1496,1496,1499,1496,180,175,MANUAL (Remote),,0.0
2026-08-10T10:31:01.782,1786332661.7825,0.05299999937415123,3.8,-14.2,297.2,1496,1499,1496,1496,1499,1496,180,175,MANUAL (Remote),,0.0
2026-08-10T10:31:02.282,1786332662.282413,0.05299999937415123,3.8,-14.1,297.2,1496,1499,1496,1496,1499,1496,180,175,MANUAL (Remote),,0.0
2026-08-10T10:31:02.782,1786332662.782388,0.052000001072883606,3.9,-14.1,297.3,1496,1499,1496,1496,1499,1496,180,175,MANUAL (Remote),,0.0
2026-08-10T10:31:03.282,1786332663.28243,0.05400000140070915,3.9,-14.0,297.3,1496,1499,1496,1496,1499,1496,180,175,MANUAL (Remote),,0.0
2026-08-10T10:31:03.782,1786332663.782484,0.05299999937415123,3.9,-14.0,297.3,1496,1499,1496,1496,1499,1496,180,175,MANUAL (Remote),,0.0
2026-08-10T10:31:04.282,1786332664.282484,0.050999999046325684,4.0,-14.0,297.3,1496,1499,1496,1496,1499,1496,180,175,MANUAL (Remote),,0.0
2026-08-10T10:31:04.782,1786332664.782452,0.052000001072883606,3.9,-14.1,297.3,1496,1499,1496,1496,1499,1496,180,175,MANUAL (Remote),,0.0
2026-08-10T10:31:05.282,1786332665.282492,0.05400000140070915,3.9,-14.0,297.3,1496,1499,1496,1496,1499,1496,180,175,MANUAL (Remote),,0.0
2026-08-10T10:31:05.782,1786332665.78238,0.054999999701976776,3.9,-14.0,297.3,1496,1499,1496,1496,1499,1496,180,175,MANUAL (Remote),,0.0
2026-08-10T10:31:06.282,1786332666.282411,0.052000001072883606,3.8,-14.0,297.3,1496,1499,1496,1496,1499,1496,180,175,MANUAL (Remote),,0.0
2026-08-10T10:31:06.782,1786332666.78256,0.05299999937415123,3.9,-14.0,297.3,1496,1499,1496,1496,1499,1496,180,175,MANUAL (Remote),,0.0
2026-08-10T10:31:07.282,1786332667.282395,0.0560000017285347,3.8,-14.0,297.3,1496,1499,1496,1496,1499,1496,180,175,MANUAL (Remote),,0.0
2026-08-10T10:31:07.782,1786332667.782558,0.052000001072883606,3.9,-14.0,297.2,1496,1499,1496,1496,1499,1496,180,175,MANUAL (Remote),,0.0
2026-08-10T10:31:08.282,1786332668.282455,0.05400000140070915,3.9,-13.9,297.3,1496,1499,1496,1496,1499,1496,180,175,MANUAL (Remote),,0.0
2026-08-10T10:31:08.782,1786332668.782514,0.05400000140070915,4.0,-13.9,297.3,1496,1499,1496,1496,1499,1496,180,175,MANUAL (Remote),,0.0
2026-08-10T10:31:09.282,1786332669.282572,0.050999999046325684,4.0,-14.0,297.3,1496,1499,1496,1496,1499,1496,180,175,MANUAL (Remote),,0.0
2026-08-10T10:31:09.782,1786332669.782449,0.05900000035762787,4.0,-14.0,297.3,1496,1499,1496,1496,1499,1496,180,175,MANUAL (Remote),,0.0
2026-08-10T10:31:10.282,1786332670.282396,0.054999999701976776,4.0,-14.0,297.3,1496,1499,1496,1496,1499,1496,180,175,MANUAL (Remote),,0.0
2026-08-10T10:31:10.782,1786332670.782571,0.052000001072883606,3.9,-14.0,297.3,1496,1499,1496,1496,1499,1496,180,175,MANUAL (Remote),,0.0
2026-08-10T10:31:11.282,1786332671.282565,0.054999999701976776,3.9,-14.0,297.3,1496,1499,1496,1496,1499,1496,180,175,MANUAL (Remote),,0.0
2026-08-10T10:31:11.782,1786332671.782717,0.05700000002980232,3.9,-14.0,297.3,1496,1499,1496,1496,1499,1496,180,175,MANUAL (Remote),,0.0
2026-08-10T10:31:12.282,1786332672.282501,0.052000001072883606,3.9,-14.0,297.3,1496,1499,1496,1496,1499,1496,180,175,MANUAL (Remote),,0.0
2026-08-10T10:31:12.782,1786332672.782605,0.052000001072883606,3.9,-13.9,297.3,1496,1499,1496,1496,1499,1496,180,175,MANUAL (Remote),,0.0
2026-08-10T10:31:13.282,1786332673.282429,0.054999999701976776,3.9,-14.0,297.3,1496,1499,1496,1496,1499,1496,180,175,MANUAL (Remote),,0.0
2026-08-10T10:31:13.782,1786332673.78243,0.050999999046325684,3.9,-14.0,297.3,1496,1499,1496,1496,1499,1496,180,175,MANUAL (Remote),,0.0
2026-08-10T10:31:14.282,1786332674.282357,0.05299999937415123,3.8,-13.9,297.3,1496,1499,1496,1496,1499,1496,180,175,MANUAL (Remote),,0.0
2026-08-10T10:31:14.782,1786332674.782397,0.052000001072883606,3.9,-14.0,297.3,1496,1499,1496,1496,1499,1496,180,175,MANUAL (Remote),,0.0
2026-08-10T10:31:15.282,1786332675.282389,0.054999999701976776,3.8,-14.0,297.3,1496,1499,1496,1496,1499,1496,180,175,MANUAL (Remote),,0.0
2026-08-10T10:31:15.782,1786332675.782387,0.052000001072883606,3.9,-13.8,297.3,1496,1499,1496,1496,1499,1496,180,175,MANUAL (Remote),,0.0
2026-08-10T10:31:16.282,1786332676.282488,0.052000001072883606,4.0,-14.0,297.2,1496,1499,1496,1496,1499,1496,180,175,MANUAL (Remote),,0.0
2026-08-10T10:31:16.782,1786332676.782431,0.04800000041723251,2.8,-12.6,299.1,1496,1499,1496,1496,1499,1496,180,175,MANUAL (Remote),,0.0
2026-08-10T10:31:17.282,1786332677.282372,0.052000001072883606,-8.6,-13.4,299.9,1496,1499,1496,1496,1499,1496,180,175,MANUAL (Remote),,0.0
2026-08-10T10:31:17.782,1786332677.78241,0.05900000035762787,-4.9,-14.0,304.7,1496,1499,1496,1496,1499,1496,180,175,MANUAL (Remote),,0.0
2026-08-10T10:31:18.282,1786332678.282413,0.054999999701976776,-0.8,-12.2,297.5,1496,1499,1496,1496,1499,1496,180,175,MANUAL (Remote),,0.0
2026-08-10T10:31:18.782,1786332678.782376,0.05299999937415123,-7.0,-14.5,284.4,1496,1499,1496,1496,1499,1496,180,175,MANUAL (Remote),,0.0
2026-08-10T10:31:19.282,1786332679.282431,0.05000000074505806,-9.6,-14.1,294.7,1496,1499,1496,1496,1499,1496,180,175,MANUAL (Remote),,0.0
2026-08-10T10:31:19.782,1786332679.782435,0.050999999046325684,-4.6,-15.8,304.1,1496,1499,1496,1496,1499,1496,180,175,MANUAL (Remote),,0.0
2026-08-10T10:31:20.282,1786332680.282527,0.050999999046325684,0.9,-13.1,321.0,1496,1499,1496,1496,1499,1496,180,175,MANUAL (Remote),,0.0
2026-08-10T10:31:20.782,1786332680.782561,0.05000000074505806,6.3,-6.6,320.6,1496,1499,1496,1496,1499,1496,180,175,MANUAL (Remote),,0.0
2026-08-10T10:31:21.282,1786332681.282494,0.04899999871850014,10.4,-12.6,304.5,1496,1499,1496,1496,1499,1496,180,175,MANUAL (Remote),,0.0
2026-08-10T10:31:21.782,1786332681.782565,0.04899999871850014,6.0,-14.1,304.2,1496,1499,1496,1496,1499,1496,180,175,MANUAL (Remote),,0.0
2026-08-10T10:31:22.282,1786332682.282437,0.05400000140070915,6.8,-12.7,304.3,1496,1499,1496,1496,1499,1496,180,175,MANUAL (Remote),,0.0
2026-08-10T10:31:22.782,1786332682.7825,0.050999999046325684,8.8,-14.3,309.7,1496,1499,1496,1496,1499,1496,180,175,MANUAL (Remote),,0.0
2026-08-10T10:31:23.282,1786332683.282402,0.05400000140070915,8.2,-13.4,309.3,1496,1499,1496,1496,1499,1496,180,175,MANUAL (Remote),,0.0
2026-08-10T10:31:23.782,1786332683.782438,0.052000001072883606,3.6,-15.2,307.8,1496,1499,1496,1496,1499,1496,180,175,MANUAL (Remote),,0.0
2026-08-10T10:31:24.282,1786332684.282596,0.0560000017285347,1.9,-13.0,305.8,1496,1499,1496,1496,1499,1496,180,175,MANUAL (Remote),,0.0
2026-08-10T10:31:24.782,1786332684.782544,0.052000001072883606,5.3,-15.2,301.1,1496,1499,1496,1496,1499,1496,180,175,MANUAL (Remote),,0.0
2026-08-10T10:31:25.282,1786332685.282388,0.052000001072883606,13.0,-15.3,295.2,1496,1499,1496,1496,1499,1496,180,175,MANUAL (Remote),,0.0
2026-08-10T10:31:25.782,1786332685.782454,0.05000000074505806,13.2,-15.9,287.8,1496,1499,1496,1496,1499,1496,180,175,MANUAL (Remote),,0.0
2026-08-10T10:31:26.282,1786332686.282418,0.04800000041723251,8.0,-16.3,290.8,1496,1499,1496,1496,1499,1496,180,175,MANUAL (Remote),,0.0
2026-08-10T10:31:26.782,1786332686.782445,0.04800000041723251,8.0,-16.3,290.8,1496,1499,1496,1496,1499,1496,180,175,MANUAL (Remote),,0.0
2026-08-10T10:31:27.282,1786332687.282527,0.04899999871850014,-3.7,-9.0,305.6,1500,1500,1500,1500,1500,1500,90,90,MANUAL (Remote),,0.0
2026-08-10T10:31:27.782,1786332687.782416,0.04899999871850014,-3.7,-9.0,305.6,1500,1500,1500,1500,1500,1500,90,90,MANUAL (Remote),,0.0
2026-08-10T10:31:28.282,1786332688.282486,0.04699999839067459,24.3,-21.8,307.7,1500,1500,1500,1500,1500,1500,90,90,MANUAL (Remote),,0.0
2026-08-10T10:31:28.782,1786332688.78257,0.050999999046325684,33.0,-28.7,302.0,1496,1499,1496,1496,1499,1496,180,175,FAILSAFE (Terputus!),,0.0
2026-08-10T10:31:29.282,1786332689.282552,0.04800000041723251,32.0,-24.2,302.9,1496,1499,1496,1496,1499,1496,180,175,MANUAL (Remote),,0.0
2026-08-10T10:31:29.782,1786332689.782745,0.05000000074505806,30.7,-30.2,301.8,1496,1499,1496,1496,1499,1496,180,175,MANUAL (Remote),,0.0
2026-08-10T10:31:30.282,1786332690.282406,0.05299999937415123,20.4,-17.8,306.7,1496,1499,1496,1496,1499,1496,180,175,MANUAL (Remote),,0.0
2026-08-10T10:31:30.782,1786332690.782721,0.09700000286102295,10.5,-8.2,307.4,1496,1499,1496,1496,1499,1496,180,175,MANUAL (Remote),,0.0
2026-08-10T10:31:31.282,1786332691.282616,0.12399999797344208,8.9,-8.4,305.3,1496,1499,1496,1496,1499,1496,180,175,MANUAL (Remote),,0.0
2026-08-10T10:31:31.782,1786332691.782517,0.10499999672174454,7.8,-26.6,301.4,1496,1499,1496,1496,1499,1496,180,175,MANUAL (Remote),,0.0
2026-08-10T10:31:32.282,1786332692.282455,0.11800000071525574,4.6,-24.9,300.2,1496,1499,1496,1496,1499,1496,180,175,MANUAL (Remote),,0.0
2026-08-10T10:31:32.782,1786332692.782526,0.11999999731779099,6.8,-13.3,300.0,1496,1515,1496,1496,1513,1496,180,175,MANUAL (Remote),,0.0
2026-08-10T10:31:33.282,1786332693.282455,0.11500000208616257,4.4,-16.3,297.1,1496,1646,1496,1496,1644,1496,180,175,MANUAL (Remote),,145.0
2026-08-10T10:31:33.782,1786332693.782596,0.11900000274181366,1.8,-22.3,294.3,1496,1499,1496,1496,1499,1496,180,175,MANUAL (Remote),,0.0
2026-08-10T10:31:34.282,1786332694.282514,0.11299999803304672,4.2,-21.4,292.7,1496,1900,1496,1496,1899,1496,180,175,MANUAL (Remote),,399.5
2026-08-10T10:31:34.782,1786332694.782512,0.12800000607967377,-2.4,-17.8,292.4,1496,1809,1496,1496,1807,1496,180,175,MANUAL (Remote),,308.0
2026-08-10T10:31:35.282,1786332695.2824,0.11299999803304672,7.2,-19.4,292.4,1496,1530,1496,1496,1528,1496,180,175,MANUAL (Remote),,29.0
2026-08-10T10:31:35.782,1786332695.782364,0.12200000137090683,3.2,-19.5,293.5,1496,1745,1496,1496,1743,1496,180,175,MANUAL (Remote),,244.0
2026-08-10T10:31:36.282,1786332696.28241,0.11999999731779099,3.9,-18.1,292.8,1496,1499,1496,1496,1499,1496,180,175,MANUAL (Remote),,0.0
2026-08-10T10:31:36.782,1786332696.78236,0.11100000143051147,6.1,-18.5,292.8,1496,1737,1496,1496,1261,1496,180,175,MANUAL (Remote),,-1.0
2026-08-10T10:31:37.282,1786332697.282373,0.11999999731779099,3.7,-18.0,291.1,1496,1684,1496,1496,1314,1496,180,175,MANUAL (Remote),,-1.0
2026-08-10T10:31:37.782,1786332697.782443,0.12099999934434891,3.7,-17.7,286.0,1496,1499,1496,1496,1499,1496,180,175,MANUAL (Remote),,0.0
2026-08-10T10:31:38.282,1786332698.282395,0.12099999934434891,3.7,-17.7,286.0,1496,1499,1496,1496,1499,1496,180,175,MANUAL (Remote),,0.0
2026-08-10T10:31:38.782,1786332698.782408,0.12099999934434891,3.7,-17.7,286.0,1496,1499,1496,1496,1499,1496,180,175,MANUAL (Remote),,0.0
2026-08-10T10:31:39.282,1786332699.282449,0.12099999934434891,3.7,-17.7,286.0,1496,1499,1496,1496,1499,1496,180,175,MANUAL (Remote),,0.0
2026-08-10T10:31:39.782,1786332699.782439,0.12099999934434891,3.7,-17.7,286.0,1496,1499,1496,1496,1499,1496,180,175,MANUAL (Remote),,0.0
2026-08-10T10:31:40.282,1786332700.282437,0.12099999934434891,3.7,-17.7,286.0,1496,1499,1496,1496,1499,1496,180,175,MANUAL (Remote),,0.0
2026-08-10T10:31:40.782,1786332700.782432,0.12099999934434891,3.7,-17.7,286.0,1496,1499,1496,1496,1499,1496,180,175,MANUAL (Remote),,0.0
2026-08-10T10:31:41.282,1786332701.282403,0.12099999934434891,3.7,-17.7,286.0,1496,1499,1496,1496,1499,1496,180,175,MANUAL (Remote),,0.0
2026-08-10T10:31:41.782,1786332701.782429,0.12099999934434891,3.7,-17.7,286.0,1496,1499,1496,1496,1499,1496,180,175,MANUAL (Remote),,0.0
2026-08-10T10:31:42.282,1786332702.282423,0.12099999934434891,3.7,-17.7,286.0,1496,1499,1496,1496,1499,1496,180,175,MANUAL (Remote),,0.0
2026-08-10T10:31:42.782,1786332702.782399,0.12099999934434891,3.7,-17.7,286.0,1496,1499,1496,1496,1499,1496,180,175,MANUAL (Remote),,0.0
2026-08-10T10:31:43.282,1786332703.282367,0.12099999934434891,3.7,-17.7,286.0,1496,1499,1496,1496,1499,1496,180,175,MANUAL (Remote),,0.0
2026-08-10T10:31:43.782,1786332703.782403,0.12099999934434891,3.7,-17.7,286.0,1496,1499,1496,1496,1499,1496,180,175,MANUAL (Remote),,0.0
2026-08-10T10:31:44.282,1786332704.282392,0.12099999934434891,3.7,-17.7,286.0,1496,1499,1496,1496,1499,1496,180,175,MANUAL (Remote),,0.0
2026-08-10T10:31:44.782,1786332704.782368,0.12099999934434891,3.7,-17.7,286.0,1496,1499,1496,1496,1499,1496,180,175,MANUAL (Remote),,0.0
2026-08-10T10:31:45.282,1786332705.28241,0.12099999934434891,3.7,-17.7,286.0,1496,1499,1496,1496,1499,1496,180,175,MANUAL (Remote),,0.0
2026-08-10T10:31:45.782,1786332705.782479,0.12099999934434891,3.7,-17.7,286.0,1496,1499,1496,1496,1499,1496,180,175,MANUAL (Remote),,0.0
2026-08-10T10:31:46.282,1786332706.282412,0.12099999934434891,3.7,-17.7,286.0,1496,1499,1496,1496,1499,1496,180,175,MANUAL (Remote),,0.0
2026-08-10T10:31:46.782,1786332706.782422,0.12099999934434891,3.7,-17.7,286.0,1496,1499,1496,1496,1499,1496,180,175,MANUAL (Remote),,0.0
2026-08-10T10:31:47.282,1786332707.282577,0.12099999934434891,3.7,-17.7,286.0,1496,1499,1496,1496,1499,1496,180,175,MANUAL (Remote),,0.0
2026-08-10T10:31:47.782,1786332707.782435,0.12099999934434891,3.7,-17.7,286.0,1496,1499,1496,1496,1499,1496,180,175,MANUAL (Remote),,0.0
2026-08-10T10:31:48.282,1786332708.282454,0.12099999934434891,3.7,-17.7,286.0,1496,1499,1496,1496,1499,1496,180,175,MANUAL (Remote),,0.0
2026-08-10T10:31:48.782,1786332708.782378,0.12099999934434891,3.7,-17.7,286.0,1496,1499,1496,1496,1499,1496,180,175,MANUAL (Remote),,0.0
2026-08-10T10:31:49.282,1786332709.282513,0.12099999934434891,3.7,-17.7,286.0,1496,1499,1496,1496,1499,1496,180,175,MANUAL (Remote),,0.0
2026-08-10T10:31:49.782,1786332709.782529,0.12099999934434891,3.7,-17.7,286.0,1496,1499,1496,1496,1499,1496,180,175,MANUAL (Remote),,0.0
2026-08-10T10:31:50.282,1786332710.282422,0.12099999934434891,3.7,-17.7,286.0,1496,1499,1496,1496,1499,1496,180,175,MANUAL (Remote),,0.0
2026-08-10T10:31:50.782,1786332710.782449,0.12099999934434891,3.7,-17.7,286.0,1496,1499,1496,1496,1499,1496,180,175,MANUAL (Remote),,0.0
2026-08-10T10:31:51.282,1786332711.282451,0.12099999934434891,3.7,-17.7,286.0,1496,1499,1496,1496,1499,1496,180,175,MANUAL (Remote),,0.0
2026-08-10T10:31:51.782,1786332711.782399,0.12099999934434891,3.7,-17.7,286.0,1496,1499,1496,1496,1499,1496,180,175,MANUAL (Remote),,0.0
2026-08-10T10:31:52.282,1786332712.282568,0.12099999934434891,3.7,-17.7,286.0,1496,1499,1496,1496,1499,1496,180,175,MANUAL (Remote),,0.0
2026-08-10T10:31:52.782,1786332712.78239,0.12099999934434891,3.7,-17.7,286.0,1496,1499,1496,1496,1499,1496,180,175,MANUAL (Remote),,0.0
2026-08-10T10:31:53.282,1786332713.282403,0.12099999934434891,3.7,-17.7,286.0,1496,1499,1496,1496,1499,1496,180,175,MANUAL (Remote),,0.0
2026-08-10T10:31:53.782,1786332713.782431,0.12099999934434891,3.7,-17.7,286.0,1496,1499,1496,1496,1499,1496,180,175,MANUAL (Remote),,0.0
2026-08-10T10:31:54.282,1786332714.282476,0.12099999934434891,3.7,-17.7,286.0,1496,1499,1496,1496,1499,1496,180,175,MANUAL (Remote),,0.0
2026-08-10T10:31:54.782,1786332714.782574,0.12099999934434891,3.7,-17.7,286.0,1496,1499,1496,1496,1499,1496,180,175,MANUAL (Remote),,0.0
2026-08-10T10:31:55.282,1786332715.282455,0.12099999934434891,3.7,-17.7,286.0,1496,1499,1496,1496,1499,1496,180,175,MANUAL (Remote),,0.0
2026-08-10T10:31:55.782,1786332715.782451,0.12099999934434891,3.7,-17.7,286.0,1496,1499,1496,1496,1499,1496,180,175,MANUAL (Remote),,0.0
2026-08-10T10:31:56.282,1786332716.282464,0.12099999934434891,3.7,-17.7,286.0,1496,1499,1496,1496,1499,1496,180,175,MANUAL (Remote),,0.0
2026-08-10T10:31:56.782,1786332716.782483,0.12099999934434891,3.7,-17.7,286.0,1496,1499,1496,1496,1499,1496,180,175,MANUAL (Remote),,0.0
2026-08-10T10:31:57.282,1786332717.282389,0.12099999934434891,3.7,-17.7,286.0,1496,1499,1496,1496,1499,1496,180,175,MANUAL (Remote),,0.0
2026-08-10T10:31:57.782,1786332717.782434,0.12099999934434891,3.7,-17.7,286.0,1496,1499,1496,1496,1499,1496,180,175,MANUAL (Remote),,0.0
2026-08-10T10:31:58.282,1786332718.282426,0.12099999934434891,3.7,-17.7,286.0,1496,1499,1496,1496,1499,1496,180,175,MANUAL (Remote),,0.0
2026-08-10T10:31:58.782,1786332718.782426,0.12099999934434891,3.7,-17.7,286.0,1496,1499,1496,1496,1499,1496,180,175,MANUAL (Remote),,0.0
2026-08-10T10:31:59.282,1786332719.282431,0.12099999934434891,3.7,-17.7,286.0,1496,1499,1496,1496,1499,1496,180,175,MANUAL (Remote),,0.0
2026-08-10T10:31:59.782,1786332719.782464,0.12099999934434891,3.7,-17.7,286.0,1496,1499,1496,1496,1499,1496,180,175,MANUAL (Remote),,0.0
2026-08-10T10:32:00.282,1786332720.28244,0.12099999934434891,3.7,-17.7,286.0,1496,1499,1496,1496,1499,1496,180,175,MANUAL (Remote),,0.0
2026-08-10T10:32:00.782,1786332720.782428,0.12099999934434891,3.7,-17.7,286.0,1496,1499,1496,1496,1499,1496,180,175,MANUAL (Remote),,0.0
2026-08-10T10:32:01.282,1786332721.282367,0.12099999934434891,3.7,-17.7,286.0,1496,1499,1496,1496,1499,1496,180,175,MANUAL (Remote),,0.0
2026-08-10T10:32:01.782,1786332721.782393,0.12099999934434891,3.7,-17.7,286.0,1496,1499,1496,1496,1499,1496,180,175,MANUAL (Remote),,0.0
2026-08-10T10:32:02.282,1786332722.282393,0.12099999934434891,3.7,-17.7,286.0,1496,1499,1496,1496,1499,1496,180,175,MANUAL (Remote),,0.0
2026-08-10T10:32:02.782,1786332722.78239,0.12099999934434891,3.7,-17.7,286.0,1496,1499,1496,1496,1499,1496,180,175,MANUAL (Remote),,0.0
2026-08-10T10:32:03.282,1786332723.282375,0.12099999934434891,3.7,-17.7,286.0,1496,1499,1496,1496,1499,1496,180,175,MANUAL (Remote),,0.0
2026-08-10T10:32:03.782,1786332723.782406,0.12099999934434891,3.7,-17.7,286.0,1496,1499,1496,1496,1499,1496,180,175,MANUAL (Remote),,0.0
2026-08-10T10:32:04.282,1786332724.282395,0.12099999934434891,3.7,-17.7,286.0,1496,1499,1496,1496,1499,1496,180,175,MANUAL (Remote),,0.0
2026-08-10T10:32:04.782,1786332724.782384,0.12099999934434891,3.7,-17.7,286.0,1496,1499,1496,1496,1499,1496,180,175,MANUAL (Remote),,0.0
2026-08-10T10:32:05.283,1786332725.283289,0.12099999934434891,3.7,-17.7,286.0,1496,1499,1496,1496,1499,1496,180,175,MANUAL (Remote),,0.0
2026-08-10T10:32:05.782,1786332725.782463,0.12099999934434891,3.7,-17.7,286.0,1496,1499,1496,1496,1499,1496,180,175,MANUAL (Remote),,0.0
2026-08-10T10:32:06.282,1786332726.282492,0.12099999934434891,3.7,-17.7,286.0,1496,1499,1496,1496,1499,1496,180,175,MANUAL (Remote),,0.0
2026-08-10T10:32:06.782,1786332726.782456,0.12099999934434891,3.7,-17.7,286.0,1496,1499,1496,1496,1499,1496,180,175,MANUAL (Remote),,0.0
2026-08-10T10:32:07.282,1786332727.282424,0.12099999934434891,3.7,-17.7,286.0,1496,1499,1496,1496,1499,1496,180,175,MANUAL (Remote),,0.0
2026-08-10T10:32:07.782,1786332727.782426,0.12099999934434891,3.7,-17.7,286.0,1496,1499,1496,1496,1499,1496,180,175,MANUAL (Remote),,0.0
2026-08-10T10:32:08.282,1786332728.282352,0.12099999934434891,3.7,-17.7,286.0,1496,1499,1496,1496,1499,1496,180,175,MANUAL (Remote),,0.0
2026-08-10T10:32:08.782,1786332728.782515,0.12099999934434891,3.7,-17.7,286.0,1496,1499,1496,1496,1499,1496,180,175,MANUAL (Remote),,0.0
2026-08-10T10:32:09.282,1786332729.282634,0.12099999934434891,3.7,-17.7,286.0,1496,1499,1496,1496,1499,1496,180,175,MANUAL (Remote),,0.0
2026-08-10T10:32:09.782,1786332729.782702,0.12099999934434891,3.7,-17.7,286.0,1496,1499,1496,1496,1499,1496,180,175,MANUAL (Remote),,0.0
2026-08-10T10:32:10.282,1786332730.282468,0.12099999934434891,3.7,-17.7,286.0,1496,1499,1496,1496,1499,1496,180,175,MANUAL (Remote),,0.0
2026-08-10T10:32:10.782,1786332730.78243,0.12099999934434891,3.7,-17.7,286.0,1496,1499,1496,1496,1499,1496,180,175,MANUAL (Remote),,0.0
2026-08-10T10:32:11.282,1786332731.282474,0.12099999934434891,3.7,-17.7,286.0,1496,1499,1496,1496,1499,1496,180,175,MANUAL (Remote),,0.0
2026-08-10T10:32:11.782,1786332731.782577,0.12099999934434891,3.7,-17.7,286.0,1496,1499,1496,1496,1499,1496,180,175,MANUAL (Remote),,0.0
2026-08-10T10:32:12.282,1786332732.282507,0.12099999934434891,3.7,-17.7,286.0,1496,1499,1496,1496,1499,1496,180,175,MANUAL (Remote),,0.0
2026-08-10T10:32:12.782,1786332732.782496,0.12099999934434891,3.7,-17.7,286.0,1496,1499,1496,1496,1499,1496,180,175,MANUAL (Remote),,0.0
2026-08-10T10:32:13.282,1786332733.28254,0.12099999934434891,3.7,-17.7,286.0,1496,1499,1496,1496,1499,1496,180,175,MANUAL (Remote),,0.0
2026-08-10T10:32:13.782,1786332733.78263,0.12099999934434891,3.7,-17.7,286.0,1496,1499,1496,1496,1499,1496,180,175,MANUAL (Remote),,0.0
2026-08-10T10:32:14.282,1786332734.28249,0.12099999934434891,3.7,-17.7,286.0,1496,1499,1496,1496,1499,1496,180,175,MANUAL (Remote),,0.0
2026-08-10T10:32:14.782,1786332734.782653,0.12099999934434891,3.7,-17.7,286.0,1496,1499,1496,1496,1499,1496,180,175,MANUAL (Remote),,0.0
2026-08-10T10:32:15.282,1786332735.282588,0.12099999934434891,3.7,-17.7,286.0,1496,1499,1496,1496,1499,1496,180,175,MANUAL (Remote),,0.0
2026-08-10T10:32:15.783,1786332735.78302,0.12099999934434891,3.7,-17.7,286.0,1496,1499,1496,1496,1499,1496,180,175,MANUAL (Remote),,0.0
2026-08-10T10:32:16.282,1786332736.282424,0.12099999934434891,3.7,-17.7,286.0,1496,1499,1496,1496,1499,1496,180,175,MANUAL (Remote),,0.0
2026-08-10T10:32:16.782,1786332736.782586,0.12099999934434891,3.7,-17.7,286.0,1496,1499,1496,1496,1499,1496,180,175,MANUAL (Remote),,0.0
2026-08-10T10:32:17.282,1786332737.282468,0.12099999934434891,3.7,-17.7,286.0,1496,1499,1496,1496,1499,1496,180,175,MANUAL (Remote),,0.0
2026-08-10T10:32:17.782,1786332737.782496,0.12099999934434891,3.7,-17.7,286.0,1496,1499,1496,1496,1499,1496,180,175,MANUAL (Remote),,0.0
2026-08-10T10:32:18.282,1786332738.282617,0.12099999934434891,3.7,-17.7,286.0,1496,1499,1496,1496,1499,1496,180,175,MANUAL (Remote),,0.0
2026-08-10T10:32:18.782,1786332738.782636,0.12099999934434891,3.7,-17.7,286.0,1496,1499,1496,1496,1499,1496,180,175,MANUAL (Remote),,0.0
2026-08-10T10:32:19.282,1786332739.282342,0.12099999934434891,3.7,-17.7,286.0,1496,1499,1496,1496,1499,1496,180,175,MANUAL (Remote),,0.0
2026-08-10T10:32:19.782,1786332739.782396,0.12099999934434891,3.7,-17.7,286.0,1496,1499,1496,1496,1499,1496,180,175,MANUAL (Remote),,0.0
2026-08-10T10:32:20.282,1786332740.282378,0.12099999934434891,3.7,-17.7,286.0,1496,1499,1496,1496,1499,1496,180,175,MANUAL (Remote),,0.0
2026-08-10T10:32:20.782,1786332740.78237,0.12099999934434891,3.7,-17.7,286.0,1496,1499,1496,1496,1499,1496,180,175,MANUAL (Remote),,0.0
2026-08-10T10:32:21.282,1786332741.282443,0.12099999934434891,3.7,-17.7,286.0,1496,1499,1496,1496,1499,1496,180,175,MANUAL (Remote),,0.0
2026-08-10T10:32:21.782,1786332741.782386,0.12099999934434891,3.7,-17.7,286.0,1496,1499,1496,1496,1499,1496,180,175,MANUAL (Remote),,0.0
2026-08-10T10:32:22.282,1786332742.282387,0.12099999934434891,3.7,-17.7,286.0,1496,1499,1496,1496,1499,1496,180,175,MANUAL (Remote),,0.0
2026-08-10T10:32:22.782,1786332742.782391,0.12099999934434891,3.7,-17.7,286.0,1496,1499,1496,1496,1499,1496,180,175,MANUAL (Remote),,0.0
2026-08-10T10:32:23.282,1786332743.282402,0.12099999934434891,3.7,-17.7,286.0,1496,1499,1496,1496,1499,1496,180,175,MANUAL (Remote),,0.0
2026-08-10T10:32:23.782,1786332743.782385,0.12099999934434891,3.7,-17.7,286.0,1496,1499,1496,1496,1499,1496,180,175,MANUAL (Remote),,0.0
2026-08-10T10:32:24.282,1786332744.282406,0.12099999934434891,3.7,-17.7,286.0,1496,1499,1496,1496,1499,1496,180,175,MANUAL (Remote),,0.0
2026-08-10T10:32:24.782,1786332744.782433,0.12099999934434891,3.7,-17.7,286.0,1496,1499,1496,1496,1499,1496,180,175,MANUAL (Remote),,0.0
2026-08-10T10:32:25.282,1786332745.282427,0.12099999934434891,3.7,-17.7,286.0,1496,1499,1496,1496,1499,1496,180,175,MANUAL (Remote),,0.0
2026-08-10T10:32:25.782,1786332745.78242,0.12099999934434891,3.7,-17.7,286.0,1496,1499,1496,1496,1499,1496,180,175,MANUAL (Remote),,0.0
2026-08-10T10:32:26.282,1786332746.282397,0.12099999934434891,3.7,-17.7,286.0,1496,1499,1496,1496,1499,1496,180,175,MANUAL (Remote),,0.0
2026-08-10T10:32:26.782,1786332746.782353,0.12099999934434891,3.7,-17.7,286.0,1496,1499,1496,1496,1499,1496,180,175,MANUAL (Remote),,0.0
2026-08-10T10:32:27.282,1786332747.282376,0.12099999934434891,3.7,-17.7,286.0,1496,1499,1496,1496,1499,1496,180,175,MANUAL (Remote),,0.0
2026-08-10T10:32:27.782,1786332747.782461,0.12099999934434891,3.7,-17.7,286.0,1496,1499,1496,1496,1499,1496,180,175,MANUAL (Remote),,0.0
2026-08-10T10:32:28.282,1786332748.282528,0.12099999934434891,3.7,-17.7,286.0,1496,1499,1496,1496,1499,1496,180,175,MANUAL (Remote),,0.0
2026-08-10T10:32:28.782,1786332748.782455,0.12099999934434891,3.7,-17.7,286.0,1496,1499,1496,1496,1499,1496,180,175,MANUAL (Remote),,0.0
2026-08-10T10:32:29.282,1786332749.282481,0.12099999934434891,3.7,-17.7,286.0,1496,1499,1496,1496,1499,1496,180,175,MANUAL (Remote),,0.0
2026-08-10T10:32:29.782,1786332749.7827,0.12099999934434891,3.7,-17.7,286.0,1496,1499,1496,1496,1499,1496,180,175,MANUAL (Remote),,0.0
2026-08-10T10:32:30.282,1786332750.282417,0.12099999934434891,3.7,-17.7,286.0,1496,1499,1496,1496,1499,1496,180,175,MANUAL (Remote),,0.0
2026-08-10T10:32:30.782,1786332750.782797,0.12099999934434891,3.7,-17.7,286.0,1496,1499,1496,1496,1499,1496,180,175,MANUAL (Remote),,0.0
2026-08-10T10:32:31.282,1786332751.28261,0.12099999934434891,3.7,-17.7,286.0,1496,1499,1496,1496,1499,1496,180,175,MANUAL (Remote),,0.0
2026-08-10T10:32:31.782,1786332751.782439,0.12099999934434891,3.7,-17.7,286.0,1496,1499,1496,1496,1499,1496,180,175,MANUAL (Remote),,0.0
2026-08-10T10:32:32.282,1786332752.282513,0.12099999934434891,3.7,-17.7,286.0,1496,1499,1496,1496,1499,1496,180,175,MANUAL (Remote),,0.0
2026-08-10T10:32:32.782,1786332752.782579,0.12099999934434891,3.7,-17.7,286.0,1496,1499,1496,1496,1499,1496,180,175,MANUAL (Remote),,0.0
2026-08-10T10:32:33.282,1786332753.282549,0.12099999934434891,3.7,-17.7,286.0,1496,1499,1496,1496,1499,1496,180,175,MANUAL (Remote),,0.0
2026-08-10T10:32:33.782,1786332753.782459,0.12099999934434891,3.7,-17.7,286.0,1496,1499,1496,1496,1499,1496,180,175,MANUAL (Remote),,0.0
2026-08-10T10:32:34.282,1786332754.282516,0.12099999934434891,3.7,-17.7,286.0,1496,1499,1496,1496,1499,1496,180,175,MANUAL (Remote),,0.0
2026-08-10T10:32:34.782,1786332754.782485,0.12099999934434891,3.7,-17.7,286.0,1496,1499,1496,1496,1499,1496,180,175,MANUAL (Remote),,0.0
2026-08-10T10:32:35.282,1786332755.282483,0.12099999934434891,3.7,-17.7,286.0,1496,1499,1496,1496,1499,1496,180,175,MANUAL (Remote),,0.0
2026-08-10T10:32:35.782,1786332755.782554,0.12099999934434891,3.7,-17.7,286.0,1496,1499,1496,1496,1499,1496,180,175,MANUAL (Remote),,0.0
2026-08-10T10:32:36.282,1786332756.282606,0.12099999934434891,3.7,-17.7,286.0,1496,1499,1496,1496,1499,1496,180,175,MANUAL (Remote),,0.0
2026-08-10T10:32:36.782,1786332756.782409,0.12099999934434891,3.7,-17.7,286.0,1496,1499,1496,1496,1499,1496,180,175,MANUAL (Remote),,0.0
2026-08-10T10:32:37.282,1786332757.282588,0.12099999934434891,3.7,-17.7,286.0,1496,1499,1496,1496,1499,1496,180,175,MANUAL (Remote),,0.0
2026-08-10T10:32:37.782,1786332757.782498,0.12099999934434891,3.7,-17.7,286.0,1496,1499,1496,1496,1499,1496,180,175,MANUAL (Remote),,0.0
2026-08-10T10:32:38.282,1786332758.282473,0.12099999934434891,3.7,-17.7,286.0,1496,1499,1496,1496,1499,1496,180,175,MANUAL (Remote),,0.0
2026-08-10T10:32:38.782,1786332758.782592,0.12099999934434891,3.7,-17.7,286.0,1496,1499,1496,1496,1499,1496,180,175,MANUAL (Remote),,0.0
2026-08-10T10:32:39.282,1786332759.2826,0.12099999934434891,3.7,-17.7,286.0,1496,1499,1496,1496,1499,1496,180,175,MANUAL (Remote),,0.0
2026-08-10T10:32:39.782,1786332759.782428,0.12099999934434891,3.7,-17.7,286.0,1496,1499,1496,1496,1499,1496,180,175,MANUAL (Remote),,0.0
2026-08-10T10:32:40.282,1786332760.282471,0.12099999934434891,3.7,-17.7,286.0,1496,1499,1496,1496,1499,1496,180,175,MANUAL (Remote),,0.0
2026-08-10T10:32:40.782,1786332760.782462,0.12099999934434891,3.7,-17.7,286.0,1496,1499,1496,1496,1499,1496,180,175,MANUAL (Remote),,0.0
2026-08-10T10:32:41.282,1786332761.28246,0.12099999934434891,3.7,-17.7,286.0,1496,1499,1496,1496,1499,1496,180,175,MANUAL (Remote),,0.0
2026-08-10T10:32:41.782,1786332761.782447,0.12099999934434891,3.7,-17.7,286.0,1496,1499,1496,1496,1499,1496,180,175,MANUAL (Remote),,0.0
2026-08-10T10:32:42.282,1786332762.282422,0.12099999934434891,3.7,-17.7,286.0,1496,1499,1496,1496,1499,1496,180,175,MANUAL (Remote),,0.0
2026-08-10T10:32:42.784,1786332762.784163,0.12099999934434891,3.7,-17.7,286.0,1496,1499,1496,1496,1499,1496,180,175,MANUAL (Remote),,0.0
2026-08-10T10:32:43.282,1786332763.282466,0.12099999934434891,3.7,-17.7,286.0,1496,1499,1496,1496,1499,1496,180,175,MANUAL (Remote),,0.0
2026-08-10T10:32:43.782,1786332763.782455,0.12099999934434891,3.7,-17.7,286.0,1496,1499,1496,1496,1499,1496,180,175,MANUAL (Remote),,0.0
2026-08-10T10:32:44.282,1786332764.282449,0.12099999934434891,3.7,-17.7,286.0,1496,1499,1496,1496,1499,1496,180,175,MANUAL (Remote),,0.0
2026-08-10T10:32:44.782,1786332764.782466,0.12099999934434891,3.7,-17.7,286.0,1496,1499,1496,1496,1499,1496,180,175,MANUAL (Remote),,0.0
2026-08-10T10:32:45.282,1786332765.282691,0.12099999934434891,3.7,-17.7,286.0,1496,1499,1496,1496,1499,1496,180,175,MANUAL (Remote),,0.0
2026-08-10T10:32:45.782,1786332765.782608,0.12099999934434891,3.7,-17.7,286.0,1496,1499,1496,1496,1499,1496,180,175,MANUAL (Remote),,0.0
2026-08-10T10:32:46.282,1786332766.282584,0.12099999934434891,3.7,-17.7,286.0,1496,1499,1496,1496,1499,1496,180,175,MANUAL (Remote),,0.0
2026-08-10T10:32:46.782,1786332766.782525,0.12099999934434891,3.7,-17.7,286.0,1496,1499,1496,1496,1499,1496,180,175,MANUAL (Remote),,0.0
2026-08-10T10:32:47.282,1786332767.282511,0.12099999934434891,3.7,-17.7,286.0,1496,1499,1496,1496,1499,1496,180,175,MANUAL (Remote),,0.0
2026-08-10T10:32:47.782,1786332767.782516,0.12099999934434891,3.7,-17.7,286.0,1496,1499,1496,1496,1499,1496,180,175,MANUAL (Remote),,0.0
2026-08-10T10:32:48.282,1786332768.282492,0.12099999934434891,3.7,-17.7,286.0,1496,1499,1496,1496,1499,1496,180,175,MANUAL (Remote),,0.0
2026-08-10T10:32:48.782,1786332768.782589,0.12099999934434891,3.7,-17.7,286.0,1496,1499,1496,1496,1499,1496,180,175,MANUAL (Remote),,0.0
2026-08-10T10:32:49.282,1786332769.282393,0.12099999934434891,3.7,-17.7,286.0,1496,1499,1496,1496,1499,1496,180,175,MANUAL (Remote),,0.0
2026-08-10T10:32:49.782,1786332769.782571,0.12099999934434891,3.7,-17.7,286.0,1496,1499,1496,1496,1499,1496,180,175,MANUAL (Remote),,0.0
2026-08-10T10:32:50.282,1786332770.282968,0.12099999934434891,3.7,-17.7,286.0,1496,1499,1496,1496,1499,1496,180,175,MANUAL (Remote),,0.0
2026-08-10T10:32:50.782,1786332770.782469,0.12099999934434891,3.7,-17.7,286.0,1496,1499,1496,1496,1499,1496,180,175,MANUAL (Remote),,0.0
2026-08-10T10:32:51.282,1786332771.282568,0.12099999934434891,3.7,-17.7,286.0,1496,1499,1496,1496,1499,1496,180,175,MANUAL (Remote),,0.0
2026-08-10T10:32:51.782,1786332771.782565,0.12099999934434891,3.7,-17.7,286.0,1496,1499,1496,1496,1499,1496,180,175,MANUAL (Remote),,0.0
2026-08-10T10:32:52.282,1786332772.282491,0.12099999934434891,3.7,-17.7,286.0,1496,1499,1496,1496,1499,1496,180,175,MANUAL (Remote),,0.0
2026-08-10T10:32:52.782,1786332772.782565,0.12099999934434891,3.7,-17.7,286.0,1496,1499,1496,1496,1499,1496,180,175,MANUAL (Remote),,0.0
2026-08-10T10:32:53.282,1786332773.282581,0.12099999934434891,3.7,-17.7,286.0,1496,1499,1496,1496,1499,1496,180,175,MANUAL (Remote),,0.0
2026-08-10T10:32:53.782,1786332773.782447,0.12099999934434891,3.7,-17.7,286.0,1496,1499,1496,1496,1499,1496,180,175,MANUAL (Remote),,0.0
2026-08-10T10:32:54.282,1786332774.282416,0.12099999934434891,3.7,-17.7,286.0,1496,1499,1496,1496,1499,1496,180,175,MANUAL (Remote),,0.0
2026-08-10T10:32:54.782,1786332774.782396,0.12099999934434891,3.7,-17.7,286.0,1496,1499,1496,1496,1499,1496,180,175,MANUAL (Remote),,0.0
2026-08-10T10:32:55.282,1786332775.282487,0.12099999934434891,3.7,-17.7,286.0,1496,1499,1496,1496,1499,1496,180,175,MANUAL (Remote),,0.0
2026-08-10T10:32:55.782,1786332775.782607,0.12099999934434891,3.7,-17.7,286.0,1496,1499,1496,1496,1499,1496,180,175,MANUAL (Remote),,0.0
2026-08-10T10:32:56.282,1786332776.282521,0.12099999934434891,3.7,-17.7,286.0,1496,1499,1496,1496,1499,1496,180,175,MANUAL (Remote),,0.0
2026-08-10T10:32:56.782,1786332776.782525,0.12099999934434891,3.7,-17.7,286.0,1496,1499,1496,1496,1499,1496,180,175,MANUAL (Remote),,0.0
2026-08-10T10:32:57.282,1786332777.282599,0.12099999934434891,3.7,-17.7,286.0,1496,1499,1496,1496,1499,1496,180,175,MANUAL (Remote),,0.0
2026-08-10T10:32:57.782,1786332777.782579,0.12099999934434891,3.7,-17.7,286.0,1496,1499,1496,1496,1499,1496,180,175,MANUAL (Remote),,0.0
2026-08-10T10:32:58.282,1786332778.282713,0.12099999934434891,3.7,-17.7,286.0,1496,1499,1496,1496,1499,1496,180,175,MANUAL (Remote),,0.0
2026-08-10T10:32:58.782,1786332778.782662,0.12099999934434891,3.7,-17.7,286.0,1496,1499,1496,1496,1499,1496,180,175,MANUAL (Remote),,0.0
2026-08-10T10:32:59.282,1786332779.282573,0.12099999934434891,3.7,-17.7,286.0,1496,1499,1496,1496,1499,1496,180,175,MANUAL (Remote),,0.0
2026-08-10T10:32:59.782,1786332779.782954,0.12099999934434891,3.7,-17.7,286.0,1496,1499,1496,1496,1499,1496,180,175,MANUAL (Remote),,0.0
2026-08-10T10:33:00.282,1786332780.282545,0.12099999934434891,3.7,-17.7,286.0,1496,1499,1496,1496,1499,1496,180,175,MANUAL (Remote),,0.0
2026-08-10T10:33:00.782,1786332780.782533,0.12099999934434891,3.7,-17.7,286.0,1496,1499,1496,1496,1499,1496,180,175,MANUAL (Remote),,0.0
2026-08-10T10:33:01.282,1786332781.282543,0.12099999934434891,3.7,-17.7,286.0,1496,1499,1496,1496,1499,1496,180,175,MANUAL (Remote),,0.0
2026-08-10T10:33:01.782,1786332781.782541,0.12099999934434891,3.7,-17.7,286.0,1496,1499,1496,1496,1499,1496,180,175,MANUAL (Remote),,0.0
2026-08-10T10:33:02.282,1786332782.282501,0.12099999934434891,3.7,-17.7,286.0,1496,1499,1496,1496,1499,1496,180,175,MANUAL (Remote),,0.0
2026-08-10T10:33:02.782,1786332782.782512,0.12099999934434891,3.7,-17.7,286.0,1496,1499,1496,1496,1499,1496,180,175,MANUAL (Remote),,0.0
2026-08-10T10:33:03.282,1786332783.282569,0.12099999934434891,3.7,-17.7,286.0,1496,1499,1496,1496,1499,1496,180,175,MANUAL (Remote),,0.0
2026-08-10T10:33:03.782,1786332783.782391,0.12099999934434891,3.7,-17.7,286.0,1496,1499,1496,1496,1499,1496,180,175,MANUAL (Remote),,0.0
2026-08-10T10:33:04.282,1786332784.282387,0.12099999934434891,3.7,-17.7,286.0,1496,1499,1496,1496,1499,1496,180,175,MANUAL (Remote),,0.0
2026-08-10T10:33:04.782,1786332784.782437,0.12099999934434891,3.7,-17.7,286.0,1496,1499,1496,1496,1499,1496,180,175,MANUAL (Remote),,0.0
2026-08-10T10:33:05.282,1786332785.282474,0.12099999934434891,3.7,-17.7,286.0,1496,1499,1496,1496,1499,1496,180,175,MANUAL (Remote),,0.0
2026-08-10T10:33:05.782,1786332785.782488,0.12099999934434891,3.7,-17.7,286.0,1496,1499,1496,1496,1499,1496,180,175,MANUAL (Remote),,0.0
2026-08-10T10:33:06.282,1786332786.282468,0.12099999934434891,3.7,-17.7,286.0,1496,1499,1496,1496,1499,1496,180,175,MANUAL (Remote),,0.0
2026-08-10T10:33:06.782,1786332786.782477,0.12099999934434891,3.7,-17.7,286.0,1496,1499,1496,1496,1499,1496,180,175,MANUAL (Remote),,0.0
2026-08-10T10:33:07.282,1786332787.282397,0.12099999934434891,3.7,-17.7,286.0,1496,1499,1496,1496,1499,1496,180,175,MANUAL (Remote),,0.0
2026-08-10T10:33:07.782,1786332787.782479,0.12099999934434891,3.7,-17.7,286.0,1496,1499,1496,1496,1499,1496,180,175,MANUAL (Remote),,0.0
2026-08-10T10:33:08.282,1786332788.282389,0.12099999934434891,3.7,-17.7,286.0,1496,1499,1496,1496,1499,1496,180,175,MANUAL (Remote),,0.0
2026-08-10T10:33:08.782,1786332788.782387,0.12099999934434891,3.7,-17.7,286.0,1496,1499,1496,1496,1499,1496,180,175,MANUAL (Remote),,0.0
2026-08-10T10:33:09.282,1786332789.282396,0.12099999934434891,3.7,-17.7,286.0,1496,1499,1496,1496,1499,1496,180,175,MANUAL (Remote),,0.0
2026-08-10T10:33:09.782,1786332789.782355,0.12099999934434891,3.7,-17.7,286.0,1496,1499,1496,1496,1499,1496,180,175,MANUAL (Remote),,0.0
2026-08-10T10:33:10.282,1786332790.282424,0.12099999934434891,3.7,-17.7,286.0,1496,1499,1496,1496,1499,1496,180,175,MANUAL (Remote),,0.0
2026-08-10T10:33:10.782,1786332790.782458,0.12099999934434891,3.7,-17.7,286.0,1496,1499,1496,1496,1499,1496,180,175,MANUAL (Remote),,0.0
2026-08-10T10:33:11.282,1786332791.282478,0.12099999934434891,3.7,-17.7,286.0,1496,1499,1496,1496,1499,1496,180,175,MANUAL (Remote),,0.0
2026-08-10T10:33:11.782,1786332791.782589,0.12099999934434891,3.7,-17.7,286.0,1496,1499,1496,1496,1499,1496,180,175,MANUAL (Remote),,0.0
2026-08-10T10:33:12.282,1786332792.282479,0.12099999934434891,3.7,-17.7,286.0,1496,1499,1496,1496,1499,1496,180,175,MANUAL (Remote),,0.0
2026-08-10T10:33:12.782,1786332792.78261,0.12099999934434891,3.7,-17.7,286.0,1496,1499,1496,1496,1499,1496,180,175,MANUAL (Remote),,0.0
2026-08-10T10:33:13.282,1786332793.282525,0.12099999934434891,3.7,-17.7,286.0,1496,1499,1496,1496,1499,1496,180,175,MANUAL (Remote),,0.0
2026-08-10T10:33:13.783,1786332793.783271,0.12099999934434891,3.7,-17.7,286.0,1496,1499,1496,1496,1499,1496,180,175,MANUAL (Remote),,0.0
2026-08-10T10:33:14.282,1786332794.282459,0.10499999672174454,5.2,-18.3,138.5,1500,1500,1500,1500,1500,1500,90,90,MANUAL (Remote),,0.0
2026-08-10T10:33:14.782,1786332794.782717,0.10300000011920929,1.5,-14.0,144.0,1496,1499,1496,1496,1499,1496,180,175,MANUAL (Remote),,0.0
2026-08-10T10:33:15.282,1786332795.282501,0.10400000214576721,-8.3,-4.7,153.3,1496,1499,1496,1496,1499,1496,180,175,MANUAL (Remote),,0.0
2026-08-10T10:33:15.782,1786332795.782437,0.10100000351667404,-19.1,2.3,163.1,1496,1499,1496,1496,1499,1496,180,175,MANUAL (Remote),,0.0
2026-08-10T10:33:16.282,1786332796.282432,0.10300000011920929,-27.5,6.9,172.3,1496,1499,1496,1496,1499,1496,180,175,MANUAL (Remote),,0.0
2026-08-10T10:33:16.782,1786332796.782369,0.10400000214576721,-31.3,8.3,181.3,1496,1499,1496,1496,1499,1496,180,175,MANUAL (Remote),,0.0
2026-08-10T10:33:17.282,1786332797.282497,0.10300000011920929,-33.9,7.5,192.7,1496,1499,1496,1496,1499,1496,180,175,MANUAL (Remote),,0.0
2026-08-10T10:33:17.782,1786332797.782504,0.10499999672174454,-34.5,3.5,206.5,1496,1499,1496,1496,1499,1496,180,175,MANUAL (Remote),,0.0
2026-08-10T10:33:18.282,1786332798.282454,0.10300000011920929,-33.9,-1.5,222.2,1496,1532,1496,1496,1466,1496,180,175,MANUAL (Remote),,-1.0
2026-08-10T10:33:18.782,1786332798.782435,0.10400000214576721,-30.5,-4.0,235.7,1496,1499,1496,1496,1499,1496,180,175,MANUAL (Remote),,0.0
2026-08-10T10:33:19.282,1786332799.282513,0.09799999743700027,-27.3,-6.2,245.2,1496,1711,1496,1496,1709,1496,180,175,MANUAL (Remote),,210.0
2026-08-10T10:33:19.782,1786332799.782422,0.10499999672174454,-27.6,-11.1,257.2,1496,1900,1496,1496,1899,1496,180,175,MANUAL (Remote),,399.5
2026-08-10T10:33:20.282,1786332800.282421,0.10899999737739563,-23.8,-13.1,266.5,1496,1854,1496,1496,1458,1496,180,175,MANUAL (Remote),,156.0
2026-08-10T10:33:20.782,1786332800.782562,0.10000000149011612,-12.8,-12.3,268.2,1496,1859,1496,1496,1411,1496,180,175,MANUAL (Remote),,135.0
2026-08-10T10:33:21.282,1786332801.282468,0.10700000077486038,-11.9,-12.2,266.3,1496,1593,1496,1496,1469,1496,180,175,MANUAL (Remote),,31.0
2026-08-10T10:33:21.782,1786332801.782463,0.10199999809265137,-7.6,-15.0,266.3,1496,1517,1496,1496,1483,1496,180,175,MANUAL (Remote),,0.0
2026-08-10T10:33:22.282,1786332802.282501,0.10899999737739563,-5.5,-16.0,269.7,1496,1826,1496,1496,1174,1496,180,175,MANUAL (Remote),,0.0
2026-08-10T10:33:22.782,1786332802.782486,0.09600000083446503,-3.1,-10.9,264.0,1496,1631,1496,1496,1369,1496,180,175,MANUAL (Remote),,0.0
2026-08-10T10:33:23.282,1786332803.282442,0.10700000077486038,-4.2,-11.7,262.3,1496,1499,1496,1496,1499,1496,180,175,MANUAL (Remote),,0.0
2026-08-10T10:33:23.782,1786332803.7825,0.10199999809265137,-4.1,-16.3,270.0,1496,1499,1496,1496,1499,1496,180,175,MANUAL (Remote),,0.0
2026-08-10T10:33:24.282,1786332804.282398,0.10199999809265137,-0.5,-16.8,278.2,1496,1499,1496,1496,1499,1496,180,130,MANUAL (Remote),,0.0
2026-08-10T10:33:24.782,1786332804.782435,0.09799999743700027,1.5,-15.7,284.4,1496,1499,1496,1496,1499,1496,180,80,MANUAL (Remote),,0.0
2026-08-10T10:33:25.282,1786332805.282535,0.10599999874830246,2.4,-16.5,289.4,1496,1499,1496,1496,1499,1496,180,90,MANUAL (Remote),,0.0
2026-08-10T10:33:25.782,1786332805.782474,0.0989999994635582,4.9,-18.2,292.9,1496,1499,1496,1496,1499,1496,180,135,MANUAL (Remote),,0.0
2026-08-10T10:33:26.282,1786332806.282485,0.10100000351667404,5.2,-17.8,296.0,1496,1499,1496,1496,1499,1496,180,195,MANUAL (Remote),,0.0
2026-08-10T10:33:26.782,1786332806.782536,0.10400000214576721,6.3,-16.8,297.9,1496,1499,1496,1496,1499,1496,180,240,MANUAL (Remote),,0.0
2026-08-10T10:33:27.282,1786332807.28246,0.10000000149011612,6.9,-16.5,299.2,1496,1899,1496,1496,1100,1496,180,240,MANUAL (Remote),,-0.5
2026-08-10T10:33:27.782,1786332807.782445,0.09700000286102295,6.6,-11.8,280.5,1496,1899,1496,1496,1100,1496,180,240,MANUAL (Remote),,-0.5
2026-08-10T10:33:28.282,1786332808.282402,0.10400000214576721,1.0,-6.9,265.3,1496,1499,1496,1496,1499,1496,180,240,MANUAL (Remote),,0.0
2026-08-10T10:33:28.782,1786332808.78253,0.10400000214576721,-2.9,-16.3,270.4,1496,1499,1496,1496,1499,1496,180,240,MANUAL (Remote),,0.0
2026-08-10T10:33:29.282,1786332809.28239,0.10599999874830246,1.7,-22.2,278.7,1496,1514,1496,1496,1514,1496,180,240,MANUAL (Remote),,0.0
2026-08-10T10:33:29.782,1786332809.782423,0.10300000011920929,2.0,-17.2,286.2,1496,1561,1496,1496,1561,1496,180,240,MANUAL (Remote),,61.0
2026-08-10T10:33:30.282,1786332810.28238,0.10400000214576721,3.7,-13.6,289.9,1496,1536,1496,1496,1536,1496,180,240,MANUAL (Remote),,36.0
2026-08-10T10:33:30.782,1786332810.782432,0.10000000149011612,4.4,-16.7,292.3,1496,1900,1496,1496,1900,1496,180,240,MANUAL (Remote),,400.0
2026-08-10T10:33:31.282,1786332811.282472,0.10899999737739563,-2.3,-18.2,289.3,1496,1661,1496,1496,1661,1496,180,240,MANUAL (Remote),,161.0
2026-08-10T10:33:31.782,1786332811.782397,0.09799999743700027,7.3,-16.7,287.9,1496,1499,1496,1496,1499,1496,180,240,MANUAL (Remote),,0.0
2026-08-10T10:33:32.282,1786332812.282736,0.10000000149011612,7.3,-15.1,291.1,1496,1499,1496,1496,1499,1496,180,240,MANUAL (Remote),,0.0
2026-08-10T10:33:32.782,1786332812.782501,0.10300000011920929,4.7,-15.0,293.6,1496,1499,1496,1496,1499,1496,180,240,MANUAL (Remote),,0.0
2026-08-10T10:33:33.282,1786332813.282485,0.10400000214576721,7.5,-17.0,295.2,1496,1499,1496,1496,1499,1496,180,240,MANUAL (Remote),,0.0
2026-08-10T10:33:33.782,1786332813.782408,0.10100000351667404,8.0,-16.5,297.2,1496,1499,1496,1496,1499,1496,180,240,MANUAL (Remote),,0.0
2026-08-10T10:33:34.282,1786332814.282443,0.09799999743700027,7.2,-15.2,298.7,1496,1499,1496,1496,1499,1496,180,240,MANUAL (Remote),,0.0
2026-08-10T10:33:34.782,1786332814.782433,0.10400000214576721,8.5,-15.4,299.6,1496,1499,1496,1496,1499,1496,180,240,MANUAL (Remote),,0.0
2026-08-10T10:33:35.282,1786332815.282461,0.09399999678134918,8.5,-16.1,299.9,1496,1499,1496,1496,1499,1496,180,240,MANUAL (Remote),,0.0
2026-08-10T10:33:35.782,1786332815.782598,0.10400000214576721,7.5,-16.0,300.3,1496,1499,1496,1496,1499,1496,180,240,MANUAL (Remote),,0.0
2026-08-10T10:33:36.282,1786332816.28247,0.10199999809265137,8.6,-15.8,300.5,1496,1499,1496,1496,1499,1496,180,240,MANUAL (Remote),,0.0
2026-08-10T10:33:36.782,1786332816.782478,0.0949999988079071,7.6,-15.8,300.2,1496,1499,1496,1496,1499,1496,180,240,MANUAL (Remote),,0.0
2026-08-10T10:33:37.282,1786332817.282547,0.10400000214576721,7.7,-16.2,299.9,1496,1499,1496,1496,1499,1496,180,240,MANUAL (Remote),,0.0
2026-08-10T10:33:37.782,1786332817.78253,0.09799999743700027,7.6,-16.4,299.1,1496,1499,1496,1496,1499,1496,180,240,MANUAL (Remote),,0.0
2026-08-10T10:33:38.282,1786332818.282472,0.10400000214576721,7.1,-15.9,298.6,1496,1499,1496,1496,1499,1496,180,240,MANUAL (Remote),,0.0
2026-08-10T10:33:38.782,1786332818.782499,0.0989999994635582,7.5,-16.1,297.9,1496,1499,1496,1496,1499,1496,180,240,MANUAL (Remote),,0.0
2026-08-10T10:33:39.282,1786332819.282528,0.10599999874830246,6.4,-16.4,297.4,1496,1499,1496,1496,1499,1496,180,240,MANUAL (Remote),,0.0
2026-08-10T10:33:39.782,1786332819.782567,0.10000000149011612,7.3,-14.4,290.9,1496,1871,1496,1496,1127,1496,180,240,MANUAL (Remote),,-1.0
2026-08-10T10:33:40.282,1786332820.28254,0.09399999678134918,4.7,-5.1,265.5,1496,1816,1496,1496,1182,1496,180,240,MANUAL (Remote),,-1.0
2026-08-10T10:33:40.782,1786332820.782527,0.09399999678134918,-1.2,0.3,255.0,1496,1656,1496,1496,1342,1496,180,240,MANUAL (Remote),,-1.0
2026-08-10T10:33:41.282,1786332821.282491,0.10300000011920929,-7.9,-9.4,255.7,1496,1590,1496,1496,1586,1496,180,240,MANUAL (Remote),,88.0
2026-08-10T10:33:41.782,1786332821.782504,0.10000000149011612,-7.5,-19.8,265.7,1496,1663,1496,1496,1659,1496,180,240,MANUAL (Remote),,161.0
2026-08-10T10:33:42.282,1786332822.282614,0.10199999809265137,-6.4,-16.9,274.1,1496,1732,1496,1496,1728,1496,180,240,MANUAL (Remote),,230.0
2026-08-10T10:33:42.782,1786332822.782546,0.10199999809265137,-4.2,-12.0,278.7,1493,1499,1493,1493,1499,1493,180,240,MANUAL (Remote),,0.0
2026-08-10T10:33:43.282,1786332823.282627,0.09399999678134918,0.9,-14.8,282.4,1466,1499,1466,1466,1499,1466,180,240,MANUAL (Remote),,0.0
2026-08-10T10:33:43.782,1786332823.782469,0.10599999874830246,0.7,-17.9,287.5,1433,1499,1433,1433,1499,1433,180,240,MANUAL (Remote),,0.0
2026-08-10T10:33:44.282,1786332824.282531,0.12300000339746475,2.8,-18.4,290.8,1410,1499,1410,1410,1499,1410,180,240,MANUAL (Remote),,0.0
2026-08-10T10:33:44.782,1786332824.782524,0.1420000046491623,6.2,-19.2,292.7,1410,1499,1410,1410,1499,1410,180,240,MANUAL (Remote),,0.0
2026-08-10T10:33:45.282,1786332825.282559,0.14300000667572021,7.5,-19.9,293.7,1410,1499,1410,1410,1499,1410,180,240,MANUAL (Remote),,0.0
2026-08-10T10:33:45.782,1786332825.782414,0.15399999916553497,7.5,-19.8,294.8,1410,1499,1410,1410,1499,1410,180,240,MANUAL (Remote),,0.0
2026-08-10T10:33:46.282,1786332826.2824,0.1550000011920929,7.3,-19.6,295.1,1410,1499,1410,1410,1499,1410,180,240,MANUAL (Remote),,0.0
2026-08-10T10:33:46.782,1786332826.782581,0.14900000393390656,7.3,-18.9,295.9,1410,1499,1410,1410,1499,1410,180,240,MANUAL (Remote),,0.0
2026-08-10T10:33:47.282,1786332827.282516,0.14900000393390656,7.1,-19.0,296.3,1410,1499,1410,1410,1499,1410,180,240,MANUAL (Remote),,0.0
2026-08-10T10:33:47.782,1786332827.782441,0.15000000596046448,7.4,-19.6,297.3,1410,1499,1410,1410,1499,1410,180,240,MANUAL (Remote),,0.0
2026-08-10T10:33:48.282,1786332828.282415,0.15299999713897705,7.7,-19.7,297.7,1410,1499,1410,1410,1499,1410,180,240,MANUAL (Remote),,0.0
2026-08-10T10:33:48.782,1786332828.782528,0.15399999916553497,7.6,-19.4,298.2,1410,1499,1410,1410,1499,1410,180,240,MANUAL (Remote),,0.0
2026-08-10T10:33:49.282,1786332829.28241,0.15600000321865082,8.1,-19.0,299.1,1391,1499,1391,1391,1499,1391,180,240,MANUAL (Remote),,0.0
2026-08-10T10:33:49.782,1786332829.782524,0.1770000010728836,7.8,-22.1,298.6,1390,1499,1390,1390,1499,1390,180,240,MANUAL (Remote),,0.0
2026-08-10T10:33:50.282,1786332830.282435,0.20800000429153442,8.7,-23.2,297.8,1390,1499,1390,1390,1499,1390,180,240,MANUAL (Remote),,0.0
2026-08-10T10:33:50.782,1786332830.782639,0.22699999809265137,9.2,-22.4,297.6,1390,1499,1390,1390,1499,1390,180,240,MANUAL (Remote),,0.0
2026-08-10T10:33:51.283,1786332831.283201,0.2630000114440918,9.5,-21.3,297.8,1390,1499,1390,1390,1499,1390,180,240,MANUAL (Remote),,0.0
2026-08-10T10:33:51.782,1786332831.782439,0.2930000126361847,9.3,-21.4,298.4,1390,1499,1390,1390,1499,1390,180,240,MANUAL (Remote),,0.0
2026-08-10T10:33:52.282,1786332832.282413,0.3179999887943268,9.1,-21.7,299.4,1390,1499,1390,1390,1499,1390,180,240,MANUAL (Remote),,0.0
2026-08-10T10:33:52.782,1786332832.782507,0.3409999907016754,9.0,-21.1,299.8,1390,1499,1390,1390,1499,1390,180,240,MANUAL (Remote),,0.0
2026-08-10T10:33:53.282,1786332833.282462,0.36500000953674316,9.0,-21.2,300.3,1390,1499,1390,1390,1499,1390,180,240,MANUAL (Remote),,0.0
2026-08-10T10:33:53.782,1786332833.782496,0.37400001287460327,9.6,-21.1,299.9,1390,1499,1390,1390,1499,1390,180,240,MANUAL (Remote),,0.0
2026-08-10T10:33:54.282,1786332834.28245,0.38999998569488525,9.4,-21.7,298.9,1402,1499,1402,1402,1499,1402,180,240,MANUAL (Remote),,0.0
2026-08-10T10:33:54.782,1786332834.782411,0.39399999380111694,9.0,-19.8,297.8,1435,1499,1435,1435,1499,1435,180,240,MANUAL (Remote),,0.0
2026-08-10T10:33:55.282,1786332835.282447,0.3449999988079071,8.3,-15.2,298.0,1447,1499,1447,1447,1499,1447,180,240,MANUAL (Remote),,0.0
2026-08-10T10:33:55.782,1786332835.78248,0.25600001215934753,6.8,-14.7,297.6,1458,1499,1458,1458,1499,1458,180,240,MANUAL (Remote),,0.0
2026-08-10T10:33:56.282,1786332836.282502,0.1379999965429306,5.3,-16.8,296.7,1466,1499,1466,1466,1499,1466,180,240,MANUAL (Remote),,0.0
2026-08-10T10:33:56.782,1786332836.782465,0.07100000232458115,6.0,-17.0,296.4,1478,1499,1478,1478,1499,1478,180,240,MANUAL (Remote),,0.0
2026-08-10T10:33:57.282,1786332837.282438,0.10899999737739563,7.6,-15.9,295.8,1478,1499,1478,1478,1499,1478,180,240,MANUAL (Remote),,0.0
2026-08-10T10:33:57.782,1786332837.782488,0.09600000083446503,8.9,-15.5,295.4,1478,1890,1478,1478,1100,1478,180,240,MANUAL (Remote),,-5.0
2026-08-10T10:33:58.282,1786332838.282543,0.09300000220537186,6.0,-14.0,286.5,1478,1701,1478,1478,1293,1478,180,240,MANUAL (Remote),,-3.0
2026-08-10T10:33:58.782,1786332838.78244,0.09300000220537186,4.5,-10.2,270.1,1478,1852,1478,1478,1146,1478,180,240,MANUAL (Remote),,-1.0
2026-08-10T10:33:59.282,1786332839.282539,0.08900000154972076,-2.5,-4.2,258.7,1478,1500,1478,1478,1500,1478,180,240,MANUAL (Remote),,0.0
2026-08-10T10:33:59.782,1786332839.782506,0.0989999994635582,-10.3,-13.2,265.3,1478,1672,1478,1478,1672,1478,180,240,MANUAL (Remote),,172.0
2026-08-10T10:34:00.282,1786332840.282496,0.0989999994635582,-8.8,-21.9,276.2,1478,1656,1478,1478,1656,1478,180,240,MANUAL (Remote),,156.0
2026-08-10T10:34:00.782,1786332840.782481,0.09700000286102295,-5.6,-19.6,284.8,1478,1716,1478,1478,1716,1478,180,240,MANUAL (Remote),,216.0
2026-08-10T10:34:01.282,1786332841.282493,0.10100000351667404,-7.8,-15.1,289.4,1478,1900,1478,1478,1900,1478,180,240,MANUAL (Remote),,400.0
2026-08-10T10:34:01.782,1786332841.782426,0.09700000286102295,-3.7,-17.1,291.2,1478,1850,1478,1478,1854,1478,180,240,MANUAL (Remote),,352.0
2026-08-10T10:34:02.282,1786332842.282461,0.0949999988079071,2.6,-20.0,294.9,1478,1468,1478,1478,1748,1478,180,240,MANUAL (Remote),,108.0
2026-08-10T10:34:02.782,1786332842.782462,0.09700000286102295,5.1,-19.2,303.5,1478,1477,1478,1478,1747,1478,180,240,MANUAL (Remote),,112.0
2026-08-10T10:34:03.282,1786332843.282526,0.09300000220537186,6.4,-15.6,309.8,1478,1468,1478,1478,1748,1478,180,240,MANUAL (Remote),,108.0
2026-08-10T10:34:03.782,1786332843.78252,0.10000000149011612,9.4,-14.7,316.6,1478,1193,1478,1478,1897,1478,180,240,MANUAL (Remote),,45.0
2026-08-10T10:34:04.282,1786332844.282514,0.09099999815225601,15.6,-13.4,335.5,1478,1193,1478,1478,1897,1478,180,240,MANUAL (Remote),,45.0
2026-08-10T10:34:04.782,1786332844.78252,0.09000000357627869,15.9,-5.6,350.3,1478,1216,1478,1478,1884,1478,180,240,MANUAL (Remote),,50.0
2026-08-10T10:34:05.282,1786332845.282385,0.09399999678134918,12.1,-0.4,359.4,1478,1499,1478,1478,1499,1478,180,240,MANUAL (Remote),,0.0
2026-08-10T10:34:05.782,1786332845.782519,0.09000000357627869,11.6,1.1,350.0,1478,1499,1478,1478,1499,1478,180,240,MANUAL (Remote),,0.0
2026-08-10T10:34:06.282,1786332846.282381,0.09600000083446503,11.0,-1.9,337.3,1478,1499,1478,1478,1499,1478,180,240,MANUAL (Remote),,0.0
2026-08-10T10:34:06.782,1786332846.782395,0.09799999743700027,10.9,-6.6,325.1,1499,1499,1499,1499,1499,1499,180,240,MANUAL (Remote),,0.0
2026-08-10T10:34:07.282,1786332847.282401,0.0949999988079071,10.5,-9.2,316.8,1506,1499,1506,1506,1499,1506,180,240,MANUAL (Remote),,0.0
2026-08-10T10:34:07.782,1786332847.782352,0.09200000017881393,8.8,-10.2,309.7,1481,1499,1481,1481,1499,1481,180,240,MANUAL (Remote),,0.0
2026-08-10T10:34:08.282,1786332848.282379,0.09399999678134918,8.0,-10.9,304.1,1454,1499,1454,1454,1499,1454,180,240,MANUAL (Remote),,0.0
2026-08-10T10:34:08.782,1786332848.782437,0.11400000005960464,6.7,-12.7,299.4,1424,1499,1424,1424,1499,1424,180,240,MANUAL (Remote),,0.0
2026-08-10T10:34:09.282,1786332849.282428,0.12600000202655792,5.6,-16.4,296.3,1416,1102,1416,1416,1900,1416,180,240,MANUAL (Remote),,1.0
2026-08-10T10:34:09.782,1786332849.78238,0.13199999928474426,10.2,-21.3,306.9,1416,1499,1416,1416,1499,1416,180,240,MANUAL (Remote),,0.0
2026-08-10T10:34:10.282,1786332850.282409,0.1420000046491623,8.6,-17.4,306.5,1416,1566,1416,1416,1568,1416,180,240,MANUAL (Remote),,67.0
2026-08-10T10:34:10.782,1786332850.782364,0.14399999380111694,4.7,-16.3,302.2,1416,1657,1416,1416,1677,1416,180,240,MANUAL (Remote),,167.0
2026-08-10T10:34:11.282,1786332851.282435,0.14900000393390656,2.0,-17.3,298.3,1416,1705,1416,1416,1741,1416,180,240,MANUAL (Remote),,223.0
2026-08-10T10:34:11.782,1786332851.782396,0.14100000262260437,0.6,-18.6,295.7,1416,1760,1416,1416,1822,1416,180,240,MANUAL (Remote),,291.0
2026-08-10T10:34:12.282,1786332852.28235,0.13699999451637268,1.8,-19.1,298.1,1416,1414,1416,1416,1846,1416,180,240,MANUAL (Remote),,130.0
2026-08-10T10:34:12.782,1786332852.782388,0.125,6.2,-20.8,305.1,1416,1687,1416,1416,1863,1416,180,240,MANUAL (Remote),,275.0
2026-08-10T10:34:13.282,1786332853.28236,0.13500000536441803,7.0,-18.5,311.0,1416,1676,1416,1416,1858,1416,180,240,MANUAL (Remote),,267.0
2026-08-10T10:34:13.782,1786332853.782378,0.13899999856948853,5.8,-16.8,315.2,1416,1676,1416,1416,1858,1416,180,240,MANUAL (Remote),,267.0
2026-08-10T10:34:14.282,1786332854.282352,0.13600000739097595,6.9,-17.2,317.9,1416,1676,1416,1416,1858,1416,180,240,MANUAL (Remote),,267.0
2026-08-10T10:34:14.782,1786332854.782405,0.12999999523162842,8.0,-17.6,319.4,1414,1504,1414,1414,1504,1414,180,240,MANUAL (Remote),,0.0
2026-08-10T10:34:15.282,1786332855.282509,0.13699999451637268,10.7,-18.0,316.0,1406,1501,1406,1406,1499,1406,180,240,MANUAL (Remote),,0.0
2026-08-10T10:34:15.782,1786332855.782383,0.1340000033378601,12.4,-20.5,308.9,1404,1501,1404,1404,1499,1404,180,240,MANUAL (Remote),,0.0
2026-08-10T10:34:16.282,1786332856.282427,0.1469999998807907,10.6,-20.0,299.8,1404,1826,1404,1404,1174,1404,180,240,MANUAL (Remote),,0.0
2026-08-10T10:34:16.782,1786332856.782413,0.14900000393390656,8.3,-18.2,287.3,1404,1798,1404,1404,1800,1404,180,240,MANUAL (Remote),,299.0
2026-08-10T10:34:17.282,1786332857.282661,0.17100000381469727,-1.1,-19.3,283.6,1404,1892,1404,1404,1900,1404,180,240,MANUAL (Remote),,396.0
2026-08-10T10:34:17.782,1786332857.782396,0.17800000309944153,-5.9,-20.5,285.0,1404,1890,1404,1404,1900,1404,180,240,MANUAL (Remote),,395.0
2026-08-10T10:34:18.282,1786332858.282428,0.15600000321865082,-2.2,-20.2,285.4,1399,1781,1399,1399,1887,1399,180,240,MANUAL (Remote),,334.0
2026-08-10T10:34:18.782,1786332858.782806,0.15800000727176666,3.2,-22.8,289.7,1392,1676,1392,1392,1858,1392,180,240,MANUAL (Remote),,267.0
2026-08-10T10:34:19.282,1786332859.28247,0.17900000512599945,7.2,-26.7,296.8,1392,1499,1392,1392,1499,1392,180,240,MANUAL (Remote),,0.0
2026-08-10T10:34:19.782,1786332859.782513,0.19900000095367432,10.2,-24.6,297.2,1392,1894,1392,1392,1900,1392,180,240,MANUAL (Remote),,397.0
2026-08-10T10:34:20.282,1786332860.282462,0.23600000143051147,3.2,-22.0,294.9,1392,1886,1392,1392,1900,1392,180,240,MANUAL (Remote),,393.0
2026-08-10T10:34:20.782,1786332860.782455,0.27399998903274536,-5.2,-21.7,293.6,1392,1882,1392,1392,1900,1392,180,240,MANUAL (Remote),,391.0
2026-08-10T10:34:21.282,1786332861.282508,0.27799999713897705,-2.9,-23.5,293.9,1392,1660,1392,1392,1858,1392,180,240,MANUAL (Remote),,259.0
2026-08-10T10:34:21.782,1786332861.782429,0.2709999978542328,6.2,-23.9,296.8,1392,1100,1392,1392,1105,1392,180,240,MANUAL (Remote),,-397.5
2026-08-10T10:34:22.282,1786332862.282582,0.2590000033378601,17.1,-21.2,293.0,1392,1100,1392,1392,1117,1392,180,240,MANUAL (Remote),,-391.5
2026-08-10T10:34:22.782,1786332862.782593,0.210999995470047,27.1,-22.8,291.9,1392,1499,1392,1392,1499,1392,180,240,MANUAL (Remote),,0.0
2026-08-10T10:34:23.282,1786332863.282506,0.23000000417232513,14.9,-22.0,292.2,1392,1499,1392,1392,1499,1392,180,240,MANUAL (Remote),,0.0
2026-08-10T10:34:23.782,1786332863.782432,0.289000004529953,-1.9,-20.0,291.1,1392,1499,1392,1392,1499,1392,180,240,MANUAL (Remote),,0.0
2026-08-10T10:34:24.282,1786332864.282536,0.3140000104904175,-4.7,-20.4,286.8,1409,1499,1409,1409,1499,1409,180,240,MANUAL (Remote),,0.0
2026-08-10T10:34:24.782,1786332864.782405,0.2980000078678131,3.0,-21.2,283.3,1437,1499,1437,1437,1499,1437,180,240,MANUAL (Remote),,0.0
2026-08-10T10:34:25.282,1786332865.282405,0.2540000081062317,8.4,-17.7,282.7,1442,1499,1442,1442,1499,1442,180,240,MANUAL (Remote),,0.0
2026-08-10T10:34:25.782,1786332865.78259,0.19099999964237213,5.6,-15.7,282.8,1472,1499,1472,1472,1499,1472,180,240,MANUAL (Remote),,0.0
2026-08-10T10:34:26.282,1786332866.282474,0.11500000208616257,1.5,-15.3,284.0,1472,1499,1472,1472,1499,1472,180,240,MANUAL (Remote),,0.0
2026-08-10T10:34:26.782,1786332866.782439,0.07500000298023224,2.4,-17.4,284.7,1472,1499,1472,1472,1499,1472,180,240,MANUAL (Remote),,0.0
2026-08-10T10:34:27.282,1786332867.282382,0.09799999743700027,4.4,-18.2,284.9,1472,1499,1472,1472,1499,1472,180,240,MANUAL (Remote),,0.0
2026-08-10T10:34:27.782,1786332867.782623,0.09700000286102295,4.5,-16.1,285.7,1485,1499,1485,1485,1499,1485,180,240,MANUAL (Remote),,0.0
2026-08-10T10:34:28.282,1786332868.28246,0.08900000154972076,4.0,-16.2,286.6,1515,1499,1515,1515,1499,1515,180,240,MANUAL (Remote),,0.0
2026-08-10T10:34:28.782,1786332868.782488,0.09600000083446503,5.0,-17.2,287.2,1530,1891,1530,1530,1100,1530,180,240,MANUAL (Remote),,-4.5
2026-08-10T10:34:29.282,1786332869.282461,0.09099999815225601,4.6,-15.4,279.1,1530,1499,1530,1530,1499,1530,180,240,MANUAL (Remote),,0.0
2026-08-10T10:34:29.782,1786332869.782428,0.09600000083446503,0.9,-11.7,268.1,1530,1499,1530,1530,1499,1530,180,240,MANUAL (Remote),,0.0
2026-08-10T10:34:30.282,1786332870.28249,0.08500000089406967,-1.5,-16.5,272.1,1530,1499,1530,1530,1499,1530,180,240,MANUAL (Remote),,0.0
2026-08-10T10:34:30.782,1786332870.782395,0.09600000083446503,0.2,-19.1,277.3,1527,1499,1527,1527,1499,1527,180,240,MANUAL (Remote),,0.0
2026-08-10T10:34:31.282,1786332871.282479,0.09300000220537186,1.9,-17.0,282.0,1503,1499,1503,1503,1499,1503,180,240,MANUAL (Remote),,0.0
2026-08-10T10:34:31.782,1786332871.782412,0.09600000083446503,1.9,-15.4,286.5,1470,1499,1470,1470,1499,1470,180,240,MANUAL (Remote),,0.0
2026-08-10T10:34:32.282,1786332872.282442,0.10100000351667404,3.3,-16.4,289.5,1440,1499,1440,1440,1499,1440,180,240,MANUAL (Remote),,0.0
2026-08-10T10:34:32.782,1786332872.782439,0.11100000143051147,4.4,-18.2,290.3,1418,1499,1418,1418,1499,1418,180,240,MANUAL (Remote),,0.0
2026-08-10T10:34:33.282,1786332873.282501,0.1289999932050705,5.5,-20.4,290.3,1418,1499,1418,1418,1499,1418,180,240,MANUAL (Remote),,0.0
2026-08-10T10:34:33.782,1786332873.782452,0.14300000667572021,6.4,-19.8,290.2,1418,1499,1418,1418,1499,1418,180,240,MANUAL (Remote),,0.0
2026-08-10T10:34:34.282,1786332874.282439,0.13899999856948853,6.8,-19.9,290.5,1418,1499,1418,1418,1499,1418,180,240,MANUAL (Remote),,0.0
2026-08-10T10:34:34.782,1786332874.782394,0.14499999582767487,6.4,-19.6,291.2,1418,1499,1418,1418,1499,1418,180,240,MANUAL (Remote),,0.0
2026-08-10T10:34:35.282,1786332875.282417,0.1459999978542328,5.9,-20.0,292.2,1418,1499,1418,1418,1499,1418,180,240,MANUAL (Remote),,0.0
2026-08-10T10:34:35.782,1786332875.782407,0.1469999998807907,5.6,-19.8,293.1,1418,1499,1418,1418,1499,1418,180,240,MANUAL (Remote),,0.0
2026-08-10T10:34:36.282,1786332876.282427,0.1420000046491623,5.9,-19.5,294.2,1418,1499,1418,1418,1499,1418,180,240,MANUAL (Remote),,0.0
2026-08-10T10:34:36.782,1786332876.782394,0.14100000262260437,5.8,-19.5,295.3,1418,1103,1418,1418,1900,1418,180,240,MANUAL (Remote),,1.5
2026-08-10T10:34:37.282,1786332877.282438,0.14000000059604645,6.1,-19.7,295.7,1418,1499,1418,1418,1499,1418,180,240,MANUAL (Remote),,0.0
2026-08-10T10:34:37.782,1786332877.782479,0.14300000667572021,6.0,-20.0,295.6,1418,1442,1418,1418,1564,1418,180,240,MANUAL (Remote),,3.0
2026-08-10T10:34:38.282,1786332878.282461,0.13500000536441803,7.5,-20.6,300.1,1418,1499,1418,1418,1499,1418,180,240,MANUAL (Remote),,0.0
2026-08-10T10:34:38.782,1786332878.782422,0.14000000059604645,7.3,-18.5,299.5,1418,1112,1418,1418,1900,1418,180,240,MANUAL (Remote),,6.0
2026-08-10T10:34:39.282,1786332879.282442,0.14100000262260437,7.2,-18.4,298.6,1418,1499,1418,1418,1499,1418,180,240,MANUAL (Remote),,0.0
2026-08-10T10:34:39.782,1786332879.782435,0.13600000739097595,7.2,-19.3,297.4,1418,1109,1418,1418,1900,1418,180,240,MANUAL (Remote),,4.5
2026-08-10T10:34:40.282,1786332880.282521,0.13500000536441803,6.9,-20.0,298.1,1418,1499,1418,1418,1499,1418,180,240,MANUAL (Remote),,0.0
2026-08-10T10:34:40.782,1786332880.782481,0.13899999856948853,7.0,-19.4,297.8,1418,1114,1418,1418,1900,1418,180,240,MANUAL (Remote),,7.0
2026-08-10T10:34:41.282,1786332881.282519,0.1379999965429306,8.6,-19.9,303.8,1418,1499,1418,1418,1499,1418,180,240,MANUAL (Remote),,0.0
2026-08-10T10:34:41.782,1786332881.782525,0.1379999965429306,8.8,-18.8,302.3,1409,1499,1409,1409,1499,1409,180,240,MANUAL (Remote),,0.0
2026-08-10T10:34:42.282,1786332882.28243,0.14800000190734863,8.2,-19.5,299.8,1397,1499,1397,1397,1499,1397,180,240,MANUAL (Remote),,0.0
2026-08-10T10:34:42.782,1786332882.782453,0.17000000178813934,7.6,-23.8,297.9,1397,1499,1397,1397,1499,1397,180,240,MANUAL (Remote),,0.0
2026-08-10T10:34:43.282,1786332883.282525,0.1860000044107437,8.6,-24.2,297.1,1397,1499,1397,1397,1499,1397,180,240,MANUAL (Remote),,0.0
2026-08-10T10:34:43.782,1786332883.782447,0.2160000056028366,9.0,-21.6,297.8,1397,1499,1397,1397,1499,1397,180,240,MANUAL (Remote),,0.0
2026-08-10T10:34:44.282,1786332884.282508,0.24300000071525574,8.5,-20.5,298.4,1397,1499,1397,1397,1499,1397,180,240,MANUAL (Remote),,0.0
2026-08-10T10:34:44.782,1786332884.782606,0.2680000066757202,8.5,-21.1,298.5,1421,1499,1421,1421,1499,1421,180,240,MANUAL (Remote),,0.0
2026-08-10T10:34:45.282,1786332885.282404,0.2639999985694885,9.5,-18.2,299.6,1451,1499,1451,1451,1499,1451,180,240,MANUAL (Remote),,0.0
2026-08-10T10:34:45.782,1786332885.782447,0.21199999749660492,9.3,-13.7,302.4,1481,1499,1481,1481,1499,1481,180,240,MANUAL (Remote),,0.0
2026-08-10T10:34:46.282,1786332886.28251,0.12200000137090683,8.2,-13.9,303.7,1485,1499,1485,1485,1499,1485,180,240,MANUAL (Remote),,0.0
2026-08-10T10:34:46.782,1786332886.782405,0.0729999989271164,7.0,-16.7,303.5,1485,1499,1485,1485,1499,1485,180,245,MANUAL (Remote),,0.0
2026-08-10T10:34:47.282,1786332887.282496,0.1080000028014183,8.7,-15.9,301.8,1485,1499,1485,1485,1499,1485,180,290,MANUAL (Remote),,0.0
2026-08-10T10:34:47.782,1786332887.782685,0.08500000089406967,10.5,-15.4,301.5,1485,1499,1485,1485,1499,1485,180,275,MANUAL (Remote),,0.0
2026-08-10T10:34:48.282,1786332888.282513,0.08900000154972076,7.9,-16.1,301.3,1485,1499,1485,1485,1499,1485,180,225,MANUAL (Remote),,0.0
2026-08-10T10:34:48.782,1786332888.782618,0.09000000357627869,9.0,-16.8,300.9,1485,1499,1485,1485,1499,1485,180,200,MANUAL (Remote),,0.0
2026-08-10T10:34:49.282,1786332889.282517,0.08299999684095383,9.4,-15.3,300.7,1485,1499,1485,1485,1499,1485,180,200,MANUAL (Remote),,0.0
2026-08-10T10:34:49.782,1786332889.782473,0.09000000357627869,8.3,-14.8,300.9,1485,1896,1485,1485,1100,1485,180,200,MANUAL (Remote),,-2.0
2026-08-10T10:34:50.282,1786332890.282648,0.08500000089406967,10.7,-15.5,297.0,1485,1678,1485,1485,1320,1485,180,200,MANUAL (Remote),,-1.0
2026-08-10T10:34:50.782,1786332890.782549,0.08799999952316284,10.8,-13.1,285.6,1485,1900,1485,1485,1100,1485,180,200,MANUAL (Remote),,0.0
2026-08-10T10:34:51.282,1786332891.282422,0.08299999684095383,4.6,-7.7,276.2,1485,1499,1485,1485,1499,1485,180,200,MANUAL (Remote),,0.0
2026-08-10T10:34:51.782,1786332891.782502,0.09099999815225601,-1.3,-16.0,281.5,1485,1900,1485,1485,1900,1485,180,200,MANUAL (Remote),,400.0
2026-08-10T10:34:52.282,1786332892.282411,0.0949999988079071,-2.7,-23.1,292.8,1485,1900,1485,1485,1900,1485,180,200,MANUAL (Remote),,400.0
2026-08-10T10:34:52.782,1786332892.782436,0.09300000220537186,-0.8,-18.0,292.8,1485,1900,1485,1485,1899,1485,180,200,MANUAL (Remote),,399.5
2026-08-10T10:34:53.282,1786332893.282517,0.09200000017881393,2.7,-14.0,292.8,1485,1900,1485,1485,1900,1485,180,200,MANUAL (Remote),,400.0
2026-08-10T10:34:53.782,1786332893.782495,0.0860000029206276,3.7,-14.5,294.0,1485,1900,1485,1485,1900,1485,180,200,MANUAL (Remote),,400.0
2026-08-10T10:34:54.282,1786332894.28247,0.08500000089406967,5.8,-16.1,294.4,1485,1759,1485,1485,1759,1485,180,200,MANUAL (Remote),,259.0
2026-08-10T10:34:54.782,1786332894.782478,0.08399999886751175,11.5,-16.6,295.4,1485,1499,1485,1485,1499,1485,180,200,MANUAL (Remote),,0.0
2026-08-10T10:34:55.282,1786332895.28256,0.08900000154972076,9.3,-16.1,296.4,1485,1899,1485,1485,1100,1485,180,200,MANUAL (Remote),,-0.5
2026-08-10T10:34:55.782,1786332895.78245,0.07800000160932541,8.3,-12.0,278.5,1485,1899,1485,1485,1100,1485,180,200,MANUAL (Remote),,-0.5
2026-08-10T10:34:56.282,1786332896.282448,0.07100000232458115,2.7,-8.6,261.0,1485,1775,1485,1485,1223,1485,180,200,MANUAL (Remote),,-1.0
2026-08-10T10:34:56.782,1786332896.782546,0.07900000363588333,-9.6,-10.9,261.4,1485,1562,1485,1485,1438,1485,180,200,MANUAL (Remote),,0.0
2026-08-10T10:34:57.282,1786332897.282413,0.08100000023841858,-11.9,-21.4,273.1,1485,1645,1485,1485,1645,1485,180,200,MANUAL (Remote),,145.0
2026-08-10T10:34:57.782,1786332897.782429,0.08399999886751175,-8.3,-26.0,287.5,1485,1900,1485,1485,1102,1485,180,200,MANUAL (Remote),,1.0
2026-08-10T10:34:58.282,1786332898.282446,0.08799999952316284,-7.0,-16.1,280.9,1485,1900,1485,1485,1102,1485,180,200,MANUAL (Remote),,1.0
2026-08-10T10:34:58.782,1786332898.782455,0.07500000298023224,-8.4,-12.8,272.7,1485,1500,1485,1485,1500,1485,180,200,MANUAL (Remote),,0.0
2026-08-10T10:34:59.282,1786332899.282445,0.08399999886751175,-13.9,-24.9,289.5,1485,1635,1485,1485,1635,1485,180,200,MANUAL (Remote),,135.0
2026-08-10T10:34:59.782,1786332899.782544,0.08799999952316284,-7.9,-29.0,304.3,1485,1618,1485,1485,1580,1485,180,200,MANUAL (Remote),,99.0
2026-08-10T10:35:00.282,1786332900.282508,0.0860000029206276,-1.5,-23.1,313.7,1485,1677,1485,1485,1341,1485,180,200,MANUAL (Remote),,9.0
2026-08-10T10:35:00.782,1786332900.782681,0.08299999684095383,0.2,-16.8,313.2,1485,1900,1485,1485,1101,1485,180,200,MANUAL (Remote),,0.5
2026-08-10T10:35:01.282,1786332901.282513,0.0729999989271164,0.6,-11.3,292.7,1485,1900,1485,1485,1101,1485,180,200,MANUAL (Remote),,0.5
2026-08-10T10:35:01.782,1786332901.782468,0.07599999755620956,-6.8,-9.5,282.4,1485,1499,1485,1485,1499,1485,180,200,MANUAL (Remote),,0.0
2026-08-10T10:35:02.282,1786332902.282392,0.09399999678134918,-13.3,-22.4,291.3,1485,1894,1485,1485,1900,1485,180,200,MANUAL (Remote),,397.0
2026-08-10T10:35:02.782,1786332902.782438,0.08900000154972076,-14.0,-28.0,299.6,1485,1895,1485,1485,1900,1485,180,200,MANUAL (Remote),,397.5
2026-08-10T10:35:03.282,1786332903.282488,0.09000000357627869,-6.3,-23.6,304.3,1485,1592,1485,1485,1598,1485,180,200,MANUAL (Remote),,95.0
2026-08-10T10:35:03.782,1786332903.78243,0.08100000023841858,2.3,-19.8,308.1,1485,1499,1485,1485,1499,1485,180,200,MANUAL (Remote),,0.0
2026-08-10T10:35:04.282,1786332904.282411,0.08799999952316284,0.7,-18.8,311.7,1485,1499,1485,1485,1499,1485,180,200,MANUAL (Remote),,0.0
2026-08-10T10:35:04.782,1786332904.782653,0.09099999815225601,0.6,-20.5,313.1,1485,1499,1485,1485,1499,1485,180,200,MANUAL (Remote),,0.0
2026-08-10T10:35:05.282,1786332905.282448,0.08500000089406967,2.9,-20.4,313.9,1485,1499,1485,1485,1499,1485,180,200,MANUAL (Remote),,0.0
2026-08-10T10:35:05.782,1786332905.7825,0.0860000029206276,3.8,-17.7,315.4,1485,1101,1485,1485,1900,1485,180,200,MANUAL (Remote),,0.5
2026-08-10T10:35:06.282,1786332906.282411,0.0689999982714653,9.3,-22.8,334.8,1485,1177,1485,1485,1827,1485,180,200,MANUAL (Remote),,2.0
2026-08-10T10:35:06.782,1786332906.782625,0.07699999958276749,14.2,-23.4,353.7,1485,1245,1485,1485,1763,1485,180,200,MANUAL (Remote),,4.0
2026-08-10T10:35:07.282,1786332907.282467,0.07999999821186066,12.4,-18.7,3.8,1485,1260,1485,1485,1748,1485,180,200,MANUAL (Remote),,4.0
2026-08-10T10:35:07.782,1786332907.782491,0.08299999684095383,11.4,-15.4,11.0,1485,1268,1485,1485,1742,1485,180,200,MANUAL (Remote),,5.0
2026-08-10T10:35:08.282,1786332908.282801,0.08100000023841858,11.2,-10.6,16.2,1485,1254,1485,1485,1758,1485,180,200,MANUAL (Remote),,6.0
2026-08-10T10:35:08.782,1786332908.782456,0.07599999755620956,9.4,-5.7,21.2,1485,1255,1485,1485,1759,1485,180,200,MANUAL (Remote),,7.0
2026-08-10T10:35:09.282,1786332909.282627,0.0820000022649765,7.8,-0.9,25.3,1485,1263,1485,1485,1751,1485,180,200,MANUAL (Remote),,7.0
2026-08-10T10:35:09.782,1786332909.782469,0.07900000363588333,6.7,2.8,28.2,1485,1248,1485,1485,1766,1485,180,200,MANUAL (Remote),,7.0
2026-08-10T10:35:10.282,1786332910.282574,0.07999999821186066,5.3,6.3,31.2,1485,1255,1485,1485,1759,1485,180,200,MANUAL (Remote),,7.0
2026-08-10T10:35:10.782,1786332910.782431,0.07999999821186066,3.7,6.6,33.5,1485,1255,1485,1485,1759,1485,180,200,MANUAL (Remote),,7.0
2026-08-10T10:35:11.282,1786332911.282448,0.07100000232458115,2.6,8.4,31.3,1485,1499,1485,1485,1499,1485,180,200,MANUAL (Remote),,0.0
2026-08-10T10:35:11.782,1786332911.782618,0.09000000357627869,4.1,15.9,19.7,1485,1500,1485,1485,1500,1485,180,200,MANUAL (Remote),,0.0
2026-08-10T10:35:12.282,1786332912.282675,0.0820000022649765,8.8,17.1,8.4,1485,1245,1485,1485,1877,1485,180,200,MANUAL (Remote),,61.0
2026-08-10T10:35:12.782,1786332912.782561,0.08100000023841858,4.7,5.1,11.0,1485,1499,1485,1485,1499,1485,180,200,MANUAL (Remote),,0.0
2026-08-10T10:35:13.282,1786332913.28237,0.08299999684095383,9.0,5.5,353.5,1485,1499,1485,1485,1499,1485,180,200,MANUAL (Remote),,0.0
2026-08-10T10:35:13.782,1786332913.782479,0.0820000022649765,12.0,4.2,331.7,1485,1499,1485,1485,1499,1485,180,200,MANUAL (Remote),,0.0
2026-08-10T10:35:14.282,1786332914.2824,0.08399999886751175,12.3,-2.5,321.6,1485,1499,1485,1485,1499,1485,180,200,MANUAL (Remote),,0.0
2026-08-10T10:35:14.782,1786332914.782424,0.07900000363588333,11.1,-9.2,313.4,1485,1499,1485,1485,1499,1485,180,200,MANUAL (Remote),,0.0
2026-08-10T10:35:15.282,1786332915.282409,0.08399999886751175,9.2,-12.7,307.5,1485,1499,1485,1485,1499,1485,180,200,MANUAL (Remote),,0.0
2026-08-10T10:35:15.782,1786332915.78243,0.0820000022649765,8.6,-13.3,303.6,1485,1499,1485,1485,1499,1485,180,200,MANUAL (Remote),,0.0
2026-08-10T10:35:16.282,1786332916.282763,0.09099999815225601,7.6,-15.3,300.7,1485,1499,1485,1485,1499,1485,180,200,MANUAL (Remote),,0.0
2026-08-10T10:35:16.782,1786332916.782445,0.07999999821186066,7.1,-16.4,299.0,1485,1499,1485,1485,1499,1485,180,200,MANUAL (Remote),,0.0
2026-08-10T10:35:17.282,1786332917.282471,0.08399999886751175,6.8,-16.2,297.6,1485,1499,1485,1485,1499,1485,180,200,MANUAL (Remote),,0.0
2026-08-10T10:35:17.782,1786332917.782516,0.07699999958276749,6.3,-16.2,296.5,1485,1499,1485,1485,1499,1485,180,200,MANUAL (Remote),,0.0
2026-08-10T10:35:18.282,1786332918.282473,0.08399999886751175,6.0,-17.8,295.3,1485,1499,1485,1485,1499,1485,180,200,MANUAL (Remote),,0.0
2026-08-10T10:35:18.782,1786332918.782525,0.08399999886751175,5.7,-18.5,294.5,1485,1499,1485,1485,1499,1485,180,200,MANUAL (Remote),,0.0
2026-08-10T10:35:19.282,1786332919.282631,0.08500000089406967,6.0,-18.0,294.2,1485,1499,1485,1485,1499,1485,180,200,MANUAL (Remote),,0.0
2026-08-10T10:35:19.782,1786332919.782538,0.09000000357627869,5.8,-16.4,294.5,1485,1499,1485,1485,1499,1485,180,200,MANUAL (Remote),,0.0
2026-08-10T10:35:20.282,1786332920.282511,0.08500000089406967,5.9,-16.5,294.4,1485,1499,1485,1485,1499,1485,180,200,MANUAL (Remote),,0.0
2026-08-10T10:35:20.782,1786332920.782495,0.08799999952316284,5.7,-18.0,294.2,1485,1499,1485,1485,1499,1485,180,200,MANUAL (Remote),,0.0
2026-08-10T10:35:21.282,1786332921.282456,0.0820000022649765,5.7,-19.0,294.1,1485,1499,1485,1485,1499,1485,180,200,MANUAL (Remote),,0.0
2026-08-10T10:35:21.782,1786332921.782579,0.08399999886751175,5.6,-18.0,294.2,1485,1499,1485,1485,1499,1485,180,200,MANUAL (Remote),,0.0
2026-08-10T10:35:22.282,1786332922.282492,0.0820000022649765,6.0,-16.8,294.6,1485,1499,1485,1485,1499,1485,180,200,MANUAL (Remote),,0.0
2026-08-10T10:35:22.782,1786332922.782657,0.08399999886751175,5.8,-16.2,295.0,1485,1499,1485,1485,1499,1485,180,200,MANUAL (Remote),,0.0
2026-08-10T10:35:23.282,1786332923.282495,0.08399999886751175,6.2,-17.6,295.1,1485,1499,1485,1485,1499,1485,180,200,MANUAL (Remote),,0.0
2026-08-10T10:35:23.782,1786332923.782543,0.08399999886751175,5.6,-18.8,295.0,1485,1499,1485,1485,1499,1485,180,200,MANUAL (Remote),,0.0
2026-08-10T10:35:24.282,1786332924.282538,0.08100000023841858,6.0,-18.1,294.9,1485,1499,1485,1485,1499,1485,180,200,MANUAL (Remote),,0.0
2026-08-10T10:35:24.782,1786332924.782537,0.08900000154972076,6.1,-17.2,295.2,1485,1499,1485,1485,1499,1485,180,200,MANUAL (Remote),,0.0
2026-08-10T10:35:25.282,1786332925.282632,0.07800000160932541,6.4,-16.8,295.6,1485,1499,1485,1485,1499,1485,180,200,MANUAL (Remote),,0.0
2026-08-10T10:35:25.782,1786332925.782454,0.08100000023841858,5.9,-16.7,296.1,1485,1499,1485,1485,1499,1485,180,200,MANUAL (Remote),,0.0
2026-08-10T10:35:26.282,1786332926.282521,0.08500000089406967,6.2,-18.0,296.2,1485,1499,1485,1485,1499,1485,180,200,MANUAL (Remote),,0.0
2026-08-10T10:35:26.782,1786332926.782482,0.0820000022649765,6.4,-18.3,296.5,1485,1499,1485,1485,1499,1485,180,200,MANUAL (Remote),,0.0
2026-08-10T10:35:27.282,1786332927.282453,0.08100000023841858,5.8,-17.9,296.7,1485,1499,1485,1485,1499,1485,180,200,MANUAL (Remote),,0.0
2026-08-10T10:35:27.782,1786332927.782526,0.08299999684095383,6.7,-17.4,296.9,1485,1499,1485,1485,1499,1485,180,200,MANUAL (Remote),,0.0
2026-08-10T10:35:28.282,1786332928.282539,0.07800000160932541,6.6,-16.4,297.5,1485,1499,1485,1485,1499,1485,180,200,MANUAL (Remote),,0.0
2026-08-10T10:35:28.782,1786332928.782594,0.0820000022649765,6.2,-17.1,297.9,1485,1499,1485,1485,1499,1485,180,200,MANUAL (Remote),,0.0
2026-08-10T10:35:29.282,1786332929.282686,0.0820000022649765,6.6,-18.4,298.1,1485,1499,1485,1485,1499,1485,180,200,MANUAL (Remote),,0.0
2026-08-10T10:35:29.782,1786332929.782588,0.08299999684095383,6.7,-17.9,298.7,1485,1499,1485,1485,1499,1485,180,200,MANUAL (Remote),,0.0
2026-08-10T10:35:30.282,1786332930.282408,0.0820000022649765,6.6,-16.1,299.4,1485,1499,1485,1485,1499,1485,180,200,MANUAL (Remote),,0.0
2026-08-10T10:35:30.782,1786332930.782613,0.08399999886751175,7.1,-16.4,299.8,1485,1499,1485,1485,1499,1485,180,200,MANUAL (Remote),,0.0
2026-08-10T10:35:31.282,1786332931.282565,0.08100000023841858,6.7,-17.7,300.1,1485,1499,1485,1485,1499,1485,180,200,MANUAL (Remote),,0.0
2026-08-10T10:35:31.782,1786332931.782492,0.08500000089406967,7.0,-17.8,300.6,1485,1499,1485,1485,1499,1485,180,200,MANUAL (Remote),,0.0
2026-08-10T10:35:32.282,1786332932.282513,0.08299999684095383,7.0,-17.0,300.7,1485,1499,1485,1485,1499,1485,180,200,MANUAL (Remote),,0.0
2026-08-10T10:35:32.782,1786332932.782502,0.08500000089406967,6.6,-16.9,300.8,1485,1499,1485,1485,1499,1485,180,200,MANUAL (Remote),,0.0
2026-08-10T10:35:33.282,1786332933.282523,0.07900000363588333,6.8,-18.1,300.9,1485,1499,1485,1485,1499,1485,180,200,MANUAL (Remote),,0.0
2026-08-10T10:35:33.782,1786332933.782492,0.07599999755620956,7.2,-17.9,301.3,1485,1499,1485,1485,1499,1485,180,200,MANUAL (Remote),,0.0
2026-08-10T10:35:34.282,1786332934.282476,0.08100000023841858,6.8,-15.8,302.0,1485,1499,1485,1485,1499,1485,180,200,MANUAL (Remote),,0.0
2026-08-10T10:35:34.782,1786332934.78244,0.08299999684095383,6.8,-16.0,302.5,1485,1499,1485,1485,1499,1485,180,200,MANUAL (Remote),,0.0
2026-08-10T10:35:35.282,1786332935.282406,0.0820000022649765,7.1,-18.5,302.5,1485,1499,1485,1485,1499,1485,180,200,MANUAL (Remote),,0.0
2026-08-10T10:35:35.782,1786332935.782462,0.0820000022649765,6.4,-18.5,302.7,1485,1499,1485,1485,1499,1485,180,200,MANUAL (Remote),,0.0
2026-08-10T10:35:36.282,1786332936.282398,0.08100000023841858,6.9,-17.2,302.8,1485,1499,1485,1485,1499,1485,180,200,MANUAL (Remote),,0.0
2026-08-10T10:35:36.782,1786332936.782511,0.07599999755620956,7.3,-15.9,303.2,1485,1499,1485,1485,1499,1485,180,200,MANUAL (Remote),,0.0
2026-08-10T10:35:37.282,1786332937.28251,0.08399999886751175,6.6,-16.2,303.6,1485,1499,1485,1485,1499,1485,180,200,MANUAL (Remote),,0.0
2026-08-10T10:35:37.782,1786332937.782531,0.0860000029206276,6.8,-18.2,303.8,1485,1499,1485,1485,1499,1485,180,200,MANUAL (Remote),,0.0
2026-08-10T10:35:38.282,1786332938.282412,0.0820000022649765,6.9,-18.4,304.1,1485,1499,1485,1485,1499,1485,180,200,MANUAL (Remote),,0.0
2026-08-10T10:35:38.782,1786332938.782424,0.08299999684095383,6.4,-16.2,304.7,1485,1499,1485,1485,1499,1485,180,200,MANUAL (Remote),,0.0
2026-08-10T10:35:39.282,1786332939.282559,0.0820000022649765,7.0,-15.5,305.2,1485,1499,1485,1485,1499,1485,180,200,MANUAL (Remote),,0.0
2026-08-10T10:35:39.782,1786332939.782433,0.07900000363588333,6.8,-17.3,305.1,1485,1499,1485,1485,1499,1485,180,200,MANUAL (Remote),,0.0
2026-08-10T10:35:40.282,1786332940.282415,0.08799999952316284,6.2,-18.8,305.1,1485,1499,1485,1485,1499,1485,180,200,MANUAL (Remote),,0.0
2026-08-10T10:35:40.783,1786332940.783138,0.08399999886751175,6.4,-17.9,305.2,1485,1499,1485,1485,1499,1485,180,200,MANUAL (Remote),,0.0
2026-08-10T10:35:41.282,1786332941.282525,0.07599999755620956,7.0,-16.2,305.3,1485,1499,1485,1485,1499,1485,180,200,MANUAL (Remote),,0.0
2026-08-10T10:35:41.782,1786332941.782476,0.07699999958276749,6.6,-16.0,305.5,1485,1499,1485,1485,1499,1485,180,200,MANUAL (Remote),,0.0
2026-08-10T10:35:42.282,1786332942.282455,0.07699999958276749,6.8,-17.1,305.6,1485,1499,1485,1485,1499,1485,180,200,MANUAL (Remote),,0.0
2026-08-10T10:35:42.782,1786332942.782446,0.08299999684095383,6.6,-18.2,305.8,1485,1499,1485,1485,1499,1485,180,200,MANUAL (Remote),,0.0
2026-08-10T10:35:43.282,1786332943.282492,0.07900000363588333,6.4,-17.6,306.0,1485,1499,1485,1485,1499,1485,180,200,MANUAL (Remote),,0.0
2026-08-10T10:35:43.782,1786332943.782476,0.0820000022649765,6.5,-17.0,306.3,1485,1499,1485,1485,1499,1485,180,200,MANUAL (Remote),,0.0
2026-08-10T10:35:44.282,1786332944.282447,0.07599999755620956,7.0,-16.5,306.5,1485,1499,1485,1485,1499,1485,180,200,MANUAL (Remote),,0.0
2026-08-10T10:35:44.782,1786332944.782501,0.08500000089406967,6.2,-16.4,307.1,1485,1499,1485,1485,1499,1485,180,200,MANUAL (Remote),,0.0
2026-08-10T10:35:45.282,1786332945.282416,0.08100000023841858,6.8,-17.2,307.0,1485,1499,1485,1485,1499,1485,180,200,MANUAL (Remote),,0.0
2026-08-10T10:35:45.782,1786332945.782494,0.07900000363588333,6.7,-17.9,307.1,1485,1499,1485,1485,1499,1485,180,200,MANUAL (Remote),,0.0
2026-08-10T10:35:46.282,1786332946.282612,0.08399999886751175,5.9,-17.7,307.1,1485,1499,1485,1485,1499,1485,180,200,MANUAL (Remote),,0.0
2026-08-10T10:35:46.782,1786332946.782554,0.07800000160932541,7.2,-16.8,307.5,1485,1499,1485,1485,1499,1485,180,200,MANUAL (Remote),,0.0
2026-08-10T10:35:47.282,1786332947.282603,0.07999999821186066,6.4,-16.0,308.0,1485,1499,1485,1485,1499,1485,180,200,MANUAL (Remote),,0.0
2026-08-10T10:35:47.783,1786332947.783329,0.0820000022649765,6.4,-16.2,308.1,1485,1499,1485,1485,1499,1485,180,200,MANUAL (Remote),,0.0
2026-08-10T10:35:48.282,1786332948.282515,0.07800000160932541,6.8,-17.8,308.2,1485,1499,1485,1485,1499,1485,180,200,MANUAL (Remote),,0.0
2026-08-10T10:35:48.782,1786332948.782591,0.07599999755620956,6.2,-17.9,307.9,1485,1499,1485,1485,1499,1485,180,200,MANUAL (Remote),,0.0
2026-08-10T10:35:49.282,1786332949.282445,0.07900000363588333,6.2,-17.2,308.3,1485,1499,1485,1485,1499,1485,180,200,MANUAL (Remote),,0.0
2026-08-10T10:35:49.782,1786332949.78244,0.07599999755620956,7.0,-16.2,308.5,1485,1499,1485,1485,1499,1485,180,200,MANUAL (Remote),,0.0
2026-08-10T10:35:50.282,1786332950.282411,0.08100000023841858,6.1,-16.5,308.7,1485,1499,1485,1485,1499,1485,180,200,MANUAL (Remote),,0.0
2026-08-10T10:35:50.782,1786332950.782445,0.07599999755620956,6.4,-17.5,308.6,1485,1499,1485,1485,1499,1485,180,200,MANUAL (Remote),,0.0
2026-08-10T10:35:51.282,1786332951.282477,0.08100000023841858,6.4,-18.1,308.2,1485,1499,1485,1485,1499,1485,180,200,MANUAL (Remote),,0.0
2026-08-10T10:35:51.782,1786332951.782421,0.08100000023841858,6.0,-17.9,308.6,1485,1499,1485,1485,1499,1485,180,200,MANUAL (Remote),,0.0
2026-08-10T10:35:52.282,1786332952.28239,0.07699999958276749,6.5,-16.6,308.9,1485,1499,1485,1485,1499,1485,180,200,MANUAL (Remote),,0.0
2026-08-10T10:35:52.782,1786332952.782384,0.07800000160932541,6.6,-15.9,309.4,1485,1499,1485,1485,1499,1485,180,200,MANUAL (Remote),,0.0
2026-08-10T10:35:53.282,1786332953.282518,0.08100000023841858,6.3,-16.7,309.5,1485,1499,1485,1485,1499,1485,180,200,MANUAL (Remote),,0.0
2026-08-10T10:35:53.782,1786332953.782513,0.07900000363588333,6.5,-18.0,309.1,1485,1499,1485,1485,1499,1485,180,200,MANUAL (Remote),,0.0
2026-08-10T10:35:54.282,1786332954.282502,0.07500000298023224,6.2,-17.8,309.2,1485,1499,1485,1485,1499,1485,180,200,MANUAL (Remote),,0.0
2026-08-10T10:35:54.782,1786332954.78292,0.07800000160932541,6.2,-16.9,309.3,1485,1499,1485,1485,1499,1485,180,200,MANUAL (Remote),,0.0
2026-08-10T10:35:55.282,1786332955.28262,0.07800000160932541,6.8,-16.4,309.5,1485,1499,1485,1485,1499,1485,180,200,MANUAL (Remote),,0.0
2026-08-10T10:35:55.782,1786332955.78241,0.07800000160932541,6.1,-16.4,309.6,1485,1499,1485,1485,1499,1485,180,200,MANUAL (Remote),,0.0
2026-08-10T10:35:56.282,1786332956.28244,0.07800000160932541,6.3,-16.9,309.7,1485,1499,1485,1485,1499,1485,180,200,MANUAL (Remote),,0.0
2026-08-10T10:35:56.782,1786332956.78243,0.07500000298023224,6.6,-17.8,309.6,1485,1499,1485,1485,1499,1485,180,200,MANUAL (Remote),,0.0
2026-08-10T10:35:57.282,1786332957.282396,0.08399999886751175,5.8,-17.5,309.7,1485,1499,1485,1485,1499,1485,180,200,MANUAL (Remote),,0.0
2026-08-10T10:35:57.782,1786332957.782511,0.0820000022649765,6.5,-16.9,309.6,1485,1499,1485,1485,1499,1485,180,200,MANUAL (Remote),,0.0
2026-08-10T10:35:58.282,1786332958.282406,0.08100000023841858,6.8,-15.8,309.6,1485,1499,1485,1485,1499,1485,180,200,MANUAL (Remote),,0.0
2026-08-10T10:35:58.782,1786332958.782383,0.08299999684095383,6.0,-16.8,309.7,1485,1499,1485,1485,1499,1485,180,200,MANUAL (Remote),,0.0
2026-08-10T10:35:59.282,1786332959.28256,0.07999999821186066,6.3,-17.5,309.9,1485,1499,1485,1485,1499,1485,180,200,MANUAL (Remote),,0.0
2026-08-10T10:35:59.782,1786332959.782434,0.07999999821186066,6.7,-17.5,310.1,1485,1499,1485,1485,1499,1485,180,200,MANUAL (Remote),,0.0
2026-08-10T10:36:00.282,1786332960.282395,0.07599999755620956,6.2,-16.2,310.3,1485,1499,1485,1485,1499,1485,180,200,MANUAL (Remote),,0.0
2026-08-10T10:36:00.782,1786332960.782411,0.07500000298023224,6.4,-15.8,310.6,1485,1499,1485,1485,1499,1485,180,200,MANUAL (Remote),,0.0
2026-08-10T10:36:01.282,1786332961.282421,0.07699999958276749,6.4,-16.9,310.8,1485,1499,1485,1485,1499,1485,180,200,MANUAL (Remote),,0.0
2026-08-10T10:36:01.782,1786332961.782355,0.07800000160932541,6.4,-17.6,311.1,1485,1499,1485,1485,1499,1485,180,200,MANUAL (Remote),,0.0
2026-08-10T10:36:02.282,1786332962.28241,0.07699999958276749,6.1,-16.8,311.3,1485,1499,1485,1485,1499,1485,180,200,MANUAL (Remote),,0.0
2026-08-10T10:36:02.782,1786332962.782409,0.07999999821186066,6.4,-16.7,311.3,1485,1499,1485,1485,1499,1485,180,200,MANUAL (Remote),,0.0
2026-08-10T10:36:03.282,1786332963.282408,0.07900000363588333,6.3,-17.5,311.3,1485,1499,1485,1485,1499,1485,180,200,MANUAL (Remote),,0.0
2026-08-10T10:36:03.782,1786332963.782393,0.07199999690055847,6.3,-17.8,311.4,1485,1499,1485,1485,1499,1485,180,200,MANUAL (Remote),,0.0
2026-08-10T10:36:04.282,1786332964.282423,0.08299999684095383,6.5,-15.7,311.5,1485,1499,1485,1485,1499,1485,180,200,MANUAL (Remote),,0.0
2026-08-10T10:36:04.782,1786332964.782474,0.07400000095367432,6.5,-15.6,311.8,1485,1499,1485,1485,1499,1485,180,200,MANUAL (Remote),,0.0
2026-08-10T10:36:05.282,1786332965.282704,0.0820000022649765,6.2,-17.8,311.8,1485,1499,1485,1485,1499,1485,180,200,MANUAL (Remote),,0.0
2026-08-10T10:36:05.782,1786332965.782656,0.07599999755620956,6.4,-18.6,312.0,1485,1499,1485,1485,1499,1485,180,200,MANUAL (Remote),,0.0
2026-08-10T10:36:06.282,1786332966.282395,0.07800000160932541,6.1,-17.1,312.2,1485,1499,1485,1485,1499,1485,180,200,MANUAL (Remote),,0.0
2026-08-10T10:36:06.782,1786332966.782424,0.07400000095367432,6.7,-15.4,312.6,1485,1499,1485,1485,1499,1485,180,200,MANUAL (Remote),,0.0
2026-08-10T10:36:07.282,1786332967.282419,0.07699999958276749,6.2,-15.9,312.9,1485,1499,1485,1485,1499,1485,180,200,MANUAL (Remote),,0.0
2026-08-10T10:36:07.782,1786332967.782448,0.07599999755620956,6.4,-18.2,312.6,1485,1499,1485,1485,1499,1485,180,200,MANUAL (Remote),,0.0
2026-08-10T10:36:08.282,1786332968.282421,0.07500000298023224,6.4,-18.2,312.5,1485,1499,1485,1485,1499,1485,180,200,MANUAL (Remote),,0.0
2026-08-10T10:36:08.782,1786332968.782395,0.07500000298023224,6.1,-17.2,312.7,1485,1499,1485,1485,1499,1485,180,200,MANUAL (Remote),,0.0
2026-08-10T10:36:09.282,1786332969.282494,0.07000000029802322,6.9,-16.4,312.8,1485,1499,1485,1485,1499,1485,180,200,MANUAL (Remote),,0.0
2026-08-10T10:36:09.782,1786332969.782424,0.07800000160932541,6.0,-16.2,313.3,1485,1499,1485,1485,1499,1485,180,200,MANUAL (Remote),,0.0
2026-08-10T10:36:10.282,1786332970.282454,0.07599999755620956,6.5,-16.9,313.3,1485,1499,1485,1485,1499,1485,180,200,MANUAL (Remote),,0.0
2026-08-10T10:36:10.782,1786332970.782428,0.07500000298023224,6.5,-17.7,313.0,1485,1499,1485,1485,1499,1485,180,200,MANUAL (Remote),,0.0
2026-08-10T10:36:11.282,1786332971.282471,0.07999999821186066,5.9,-17.3,313.1,1485,1499,1485,1485,1499,1485,180,200,MANUAL (Remote),,0.0
2026-08-10T10:36:11.782,1786332971.782491,0.07999999821186066,6.5,-17.2,313.0,1485,1499,1485,1485,1499,1485,180,200,MANUAL (Remote),,0.0
2026-08-10T10:36:12.282,1786332972.28246,0.07000000029802322,6.6,-16.6,313.3,1485,1499,1485,1485,1499,1485,180,200,MANUAL (Remote),,0.0
2026-08-10T10:36:12.782,1786332972.782736,0.08100000023841858,5.5,-15.9,313.6,1485,1499,1485,1485,1499,1485,180,200,MANUAL (Remote),,0.0
2026-08-10T10:36:13.282,1786332973.282501,0.07699999958276749,6.7,-16.9,313.3,1485,1499,1485,1485,1499,1485,180,200,MANUAL (Remote),,0.0
2026-08-10T10:36:13.782,1786332973.782431,0.07199999690055847,6.5,-18.3,313.0,1485,1499,1485,1485,1499,1485,180,200,MANUAL (Remote),,0.0
2026-08-10T10:36:14.282,1786332974.282602,0.08100000023841858,5.4,-17.8,313.2,1485,1499,1485,1485,1499,1485,180,200,MANUAL (Remote),,0.0
2026-08-10T10:36:14.782,1786332974.782487,0.07699999958276749,7.3,-16.7,313.4,1485,1499,1485,1485,1499,1485,180,200,MANUAL (Remote),,0.0
2026-08-10T10:36:15.282,1786332975.282459,0.07400000095367432,5.9,-15.7,313.9,1485,1499,1485,1485,1499,1485,180,200,MANUAL (Remote),,0.0
2026-08-10T10:36:15.782,1786332975.782502,0.07699999958276749,6.3,-16.6,313.5,1485,1499,1485,1485,1499,1485,180,200,MANUAL (Remote),,0.0
2026-08-10T10:36:16.282,1786332976.282448,0.0729999989271164,6.4,-18.2,313.4,1485,1499,1485,1485,1499,1485,180,200,MANUAL (Remote),,0.0
2026-08-10T10:36:16.782,1786332976.782387,0.07500000298023224,5.9,-17.8,313.3,1485,1499,1485,1485,1499,1485,180,200,MANUAL (Remote),,0.0
2026-08-10T10:36:17.282,1786332977.282421,0.07400000095367432,6.4,-17.1,313.4,1485,1499,1485,1485,1499,1485,180,200,MANUAL (Remote),,0.0
2026-08-10T10:36:17.782,1786332977.782443,0.0729999989271164,6.4,-16.1,313.9,1485,1499,1485,1485,1499,1485,180,200,MANUAL (Remote),,0.0
2026-08-10T10:36:18.282,1786332978.282403,0.0729999989271164,6.3,-16.3,313.9,1485,1499,1485,1485,1499,1485,180,200,MANUAL (Remote),,0.0
2026-08-10T10:36:18.782,1786332978.782437,0.07500000298023224,6.3,-17.5,314.0,1485,1499,1485,1485,1499,1485,180,200,MANUAL (Remote),,0.0
2026-08-10T10:36:19.282,1786332979.282387,0.07599999755620956,6.4,-18.0,313.8,1485,1499,1485,1485,1499,1485,180,200,MANUAL (Remote),,0.0
2026-08-10T10:36:19.782,1786332979.782408,0.07900000363588333,6.0,-17.5,313.8,1485,1499,1485,1485,1499,1485,180,200,MANUAL (Remote),,0.0
2026-08-10T10:36:20.282,1786332980.282418,0.07400000095367432,6.4,-16.4,314.0,1485,1499,1485,1485,1499,1485,180,200,MANUAL (Remote),,0.0
2026-08-10T10:36:20.782,1786332980.782368,0.06800000369548798,6.5,-15.9,314.4,1485,1499,1485,1485,1499,1485,180,200,MANUAL (Remote),,0.0
2026-08-10T10:36:21.282,1786332981.282424,0.07400000095367432,6.1,-16.5,314.6,1485,1499,1485,1485,1499,1485,180,200,MANUAL (Remote),,0.0
2026-08-10T10:36:21.782,1786332981.782443,0.07599999755620956,6.3,-18.1,314.2,1485,1499,1485,1485,1499,1485,180,200,MANUAL (Remote),,0.0
2026-08-10T10:36:22.282,1786332982.282453,0.07400000095367432,5.9,-17.7,314.1,1485,1499,1485,1485,1499,1485,180,200,MANUAL (Remote),,0.0
2026-08-10T10:36:22.782,1786332982.782384,0.07400000095367432,5.9,-16.5,312.8,1485,1900,1485,1485,1100,1485,180,200,MANUAL (Remote),,0.0
2026-08-10T10:36:23.282,1786332983.282381,0.06499999761581421,6.9,-12.7,299.7,1485,1900,1485,1485,1100,1485,180,200,MANUAL (Remote),,0.0
2026-08-10T10:36:23.782,1786332983.782396,0.0729999989271164,3.8,-9.6,287.8,1485,1499,1485,1485,1499,1485,180,200,MANUAL (Remote),,0.0
2026-08-10T10:36:24.282,1786332984.282357,0.07699999958276749,0.6,-16.4,291.4,1485,1499,1485,1485,1499,1485,180,200,MANUAL (Remote),,0.0
2026-08-10T10:36:24.782,1786332984.782428,0.07699999958276749,1.6,-21.9,295.2,1485,1896,1485,1485,1900,1485,180,200,MANUAL (Remote),,398.0
2026-08-10T10:36:25.282,1786332985.282386,0.0860000029206276,-4.4,-18.2,297.8,1485,1900,1485,1485,1899,1485,180,200,MANUAL (Remote),,399.5
2026-08-10T10:36:25.782,1786332985.782419,0.07000000029802322,1.5,-15.6,298.0,1485,1900,1485,1485,1863,1485,180,200,MANUAL (Remote),,381.5
2026-08-10T10:36:26.282,1786332986.28242,0.07500000298023224,4.0,-15.0,297.9,1485,1884,1485,1485,1766,1485,180,200,MANUAL (Remote),,325.0
2026-08-10T10:36:26.782,1786332986.782379,0.06800000369548798,5.2,-17.5,293.4,1485,1872,1485,1485,1694,1485,180,200,MANUAL (Remote),,283.0
2026-08-10T10:36:27.282,1786332987.282401,0.07199999690055847,3.3,-20.6,287.4,1485,1867,1485,1485,1683,1485,180,200,MANUAL (Remote),,275.0
2026-08-10T10:36:27.782,1786332987.782443,0.07500000298023224,2.1,-21.8,281.0,1485,1863,1485,1485,1671,1485,180,200,MANUAL (Remote),,267.0
2026-08-10T10:36:28.282,1786332988.282396,0.07800000160932541,1.4,-20.9,276.7,1485,1851,1485,1485,1505,1485,180,200,MANUAL (Remote),,175.5
2026-08-10T10:36:28.782,1786332988.782447,0.0689999982714653,4.0,-19.9,275.2,1485,1499,1485,1485,1499,1485,180,200,MANUAL (Remote),,0.0
2026-08-10T10:36:29.282,1786332989.282398,0.07000000029802322,3.8,-17.2,278.9,1485,1741,1485,1485,1875,1485,180,200,MANUAL (Remote),,308.0
2026-08-10T10:36:29.782,1786332989.782434,0.07699999958276749,2.6,-15.7,281.7,1485,1101,1485,1485,1100,1485,180,200,MANUAL (Remote),,-399.5
2026-08-10T10:36:30.282,1786332990.282437,0.07100000232458115,5.7,-17.5,283.1,1485,1499,1485,1485,1499,1485,180,200,MANUAL (Remote),,0.0
2026-08-10T10:36:30.782,1786332990.78243,0.07599999755620956,2.6,-18.6,286.0,1485,1499,1485,1485,1499,1485,180,200,MANUAL (Remote),,0.0
2026-08-10T10:36:31.282,1786332991.28246,0.06599999964237213,5.5,-17.4,290.2,1485,1110,1485,1485,1100,1485,180,200,MANUAL (Remote),,-395.0
2026-08-10T10:36:31.782,1786332991.78275,0.05700000002980232,10.8,-16.5,294.4,1485,1499,1485,1485,1499,1485,180,200,MANUAL (Remote),,0.0
2026-08-10T10:36:32.282,1786332992.282414,0.07900000363588333,4.9,-17.0,295.2,1485,1499,1485,1485,1499,1485,180,200,MANUAL (Remote),,0.0
2026-08-10T10:36:32.782,1786332992.782428,0.0729999989271164,8.2,-17.4,296.1,1485,1109,1485,1485,1100,1485,180,200,MANUAL (Remote),,-395.5
2026-08-10T10:36:33.282,1786332993.282405,0.041999999433755875,17.0,-17.1,294.6,1485,1499,1485,1485,1499,1485,180,200,MANUAL (Remote),,0.0
2026-08-10T10:36:33.782,1786332993.782615,0.08900000154972076,1.5,-15.3,294.7,1485,1499,1485,1485,1499,1485,180,200,MANUAL (Remote),,0.0
2026-08-10T10:36:34.282,1786332994.282366,0.08299999684095383,3.5,-17.5,293.5,1485,1128,1485,1485,1100,1485,180,200,MANUAL (Remote),,-386.0
2026-08-10T10:36:34.782,1786332994.782453,0.06599999964237213,8.0,-20.0,293.4,1485,1499,1485,1485,1499,1485,180,200,MANUAL (Remote),,0.0
2026-08-10T10:36:35.282,1786332995.282453,0.07400000095367432,5.1,-17.1,294.1,1485,1499,1485,1485,1499,1485,180,200,MANUAL (Remote),,0.0
2026-08-10T10:36:35.782,1786332995.782464,0.07000000029802322,6.8,-15.7,294.0,1485,1103,1485,1485,1100,1485,180,200,MANUAL (Remote),,-398.5
2026-08-10T10:36:36.282,1786332996.282566,0.07800000160932541,6.5,-16.5,294.6,1485,1416,1485,1485,1414,1485,180,200,MANUAL (Remote),,-85.0
2026-08-10T10:36:36.782,1786332996.782598,0.06800000369548798,6.0,-18.7,294.5,1485,1499,1485,1485,1499,1485,180,200,MANUAL (Remote),,0.0
2026-08-10T10:36:37.282,1786332997.282424,0.07400000095367432,5.6,-16.7,289.5,1485,1896,1485,1485,1100,1485,180,200,MANUAL (Remote),,-2.0
2026-08-10T10:36:37.782,1786332997.782446,0.05999999865889549,3.7,-6.8,268.5,1485,1499,1485,1485,1499,1485,180,200,MANUAL (Remote),,0.0
2026-08-10T10:36:38.282,1786332998.282397,0.0729999989271164,-1.8,-9.2,269.3,1485,1500,1485,1485,1498,1485,180,200,MANUAL (Remote),,0.0
2026-08-10T10:36:38.782,1786332998.782402,0.07199999690055847,-0.5,-13.9,268.2,1485,1499,1485,1485,1499,1485,180,200,MANUAL (Remote),,0.0
2026-08-10T10:36:39.282,1786332999.282707,0.07100000232458115,-3.6,-18.5,277.3,1485,1900,1485,1485,1899,1485,180,200,MANUAL (Remote),,399.5
2026-08-10T10:36:39.782,1786332999.78241,0.08100000023841858,-7.8,-17.6,281.2,1485,1900,1485,1485,1888,1485,180,200,MANUAL (Remote),,394.0
2026-08-10T10:36:40.282,1786333000.282389,0.07800000160932541,-1.7,-16.6,284.5,1485,1900,1485,1485,1883,1485,180,200,MANUAL (Remote),,391.5
2026-08-10T10:36:40.782,1786333000.782578,0.06800000369548798,2.8,-15.8,287.8,1485,1501,1485,1485,1501,1485,180,200,MANUAL (Remote),,0.0
2026-08-10T10:36:41.282,1786333001.282424,0.061000000685453415,8.8,-16.0,291.7,1485,1499,1485,1485,1499,1485,180,200,MANUAL (Remote),,0.0
2026-08-10T10:36:41.782,1786333001.782354,0.07199999690055847,7.1,-15.5,295.4,1485,1499,1485,1485,1499,1485,180,200,MANUAL (Remote),,0.0
2026-08-10T10:36:42.282,1786333002.282398,0.0820000022649765,7.0,-15.9,298.0,1485,1499,1485,1485,1499,1485,180,200,MANUAL (Remote),,0.0
2026-08-10T10:36:42.782,1786333002.782396,0.0689999982714653,8.8,-16.7,300.3,1485,1499,1485,1485,1499,1485,180,200,MANUAL (Remote),,0.0
2026-08-10T10:36:43.282,1786333003.282356,0.0729999989271164,9.0,-15.9,302.9,1485,1505,1485,1485,1493,1485,180,200,MANUAL (Remote),,0.0
2026-08-10T10:36:43.782,1786333003.782398,0.06499999761581421,9.6,-12.9,299.7,1485,1899,1485,1485,1100,1485,180,200,MANUAL (Remote),,-0.5
2026-08-10T10:36:44.282,1786333004.282422,0.05700000002980232,9.9,-6.9,275.3,1485,1899,1485,1485,1100,1485,180,200,MANUAL (Remote),,-0.5
2026-08-10T10:36:44.782,1786333004.782437,0.05700000002980232,3.7,-2.0,259.6,1485,1899,1485,1485,1100,1485,180,200,MANUAL (Remote),,-0.5
2026-08-10T10:36:45.282,1786333005.282474,0.057999998331069946,-7.1,-0.8,246.6,1485,1500,1485,1485,1500,1485,180,200,MANUAL (Remote),,0.0
2026-08-10T10:36:45.782,1786333005.782414,0.07100000232458115,-18.2,-16.8,254.6,1485,1900,1485,1485,1900,1485,180,200,MANUAL (Remote),,400.0
2026-08-10T10:36:46.282,1786333006.28242,0.07100000232458115,-16.7,-23.9,268.5,1485,1499,1485,1485,1499,1485,180,200,MANUAL (Remote),,0.0
2026-08-10T10:36:46.782,1786333006.782378,0.05900000035762787,-9.0,-15.6,276.7,1485,1900,1485,1485,1110,1485,180,200,MANUAL (Remote),,5.0
2026-08-10T10:36:47.282,1786333007.282412,0.057999998331069946,-11.5,-6.5,265.2,1485,1900,1485,1485,1900,1485,180,200,MANUAL (Remote),,400.0
2026-08-10T10:36:47.782,1786333007.782401,0.07199999690055847,-17.9,-18.3,275.7,1485,1899,1485,1485,1900,1485,180,200,MANUAL (Remote),,399.5
2026-08-10T10:36:48.282,1786333008.282398,0.07900000363588333,-19.8,-26.6,285.2,1485,1899,1485,1485,1900,1485,180,200,MANUAL (Remote),,399.5
2026-08-10T10:36:48.782,1786333008.78239,0.0729999989271164,-13.0,-25.3,291.2,1485,1899,1485,1485,1900,1485,180,200,MANUAL (Remote),,399.5
2026-08-10T10:36:49.282,1786333009.282433,0.07100000232458115,-7.8,-21.3,295.0,1485,1499,1485,1485,1499,1485,180,200,MANUAL (Remote),,0.0
2026-08-10T10:36:49.782,1786333009.782447,0.061000000685453415,-2.7,-22.7,302.0,1485,1100,1485,1485,1900,1485,180,200,MANUAL (Remote),,0.0
2026-08-10T10:36:50.282,1786333010.282399,0.05700000002980232,5.4,-29.7,324.9,1485,1100,1485,1485,1900,1485,180,200,MANUAL (Remote),,0.0
2026-08-10T10:36:50.782,1786333010.782409,0.04699999839067459,17.7,-24.5,347.1,1485,1100,1485,1485,1900,1485,180,200,MANUAL (Remote),,0.0
2026-08-10T10:36:51.282,1786333011.282375,0.054999999701976776,18.8,-15.0,0.8,1485,1100,1485,1485,1900,1485,180,200,MANUAL (Remote),,0.0
2026-08-10T10:36:51.782,1786333011.782444,0.05400000140070915,16.9,-7.7,11.8,1485,1100,1485,1485,1900,1485,180,200,MANUAL (Remote),,0.0
2026-08-10T10:36:52.282,1786333012.282368,0.05299999937415123,13.1,-4.6,18.4,1485,1499,1485,1485,1499,1485,180,200,MANUAL (Remote),,0.0
2026-08-10T10:36:52.782,1786333012.782412,0.06300000101327896,9.0,1.4,9.0,1485,1499,1485,1485,1499,1485,180,200,MANUAL (Remote),,0.0
2026-08-10T10:36:53.282,1786333013.282462,0.07500000298023224,10.4,7.7,352.6,1485,1499,1485,1485,1499,1485,180,200,MANUAL (Remote),,0.0
2026-08-10T10:36:53.782,1786333013.78242,0.061000000685453415,13.2,2.1,338.0,1485,1499,1485,1485,1499,1485,180,200,MANUAL (Remote),,0.0
2026-08-10T10:36:54.282,1786333014.282434,0.0820000022649765,10.8,-7.4,323.7,1485,1499,1485,1485,1499,1485,180,200,MANUAL (Remote),,0.0
2026-08-10T10:36:54.782,1786333014.782612,0.0689999982714653,10.8,-10.4,313.0,1485,1900,1485,1485,1900,1485,180,200,MANUAL (Remote),,400.0
2026-08-10T10:36:55.282,1786333015.282588,0.07500000298023224,6.1,-8.9,306.9,1485,1499,1485,1485,1499,1485,180,200,MANUAL (Remote),,0.0
2026-08-10T10:36:55.782,1786333015.78253,0.0729999989271164,6.1,-10.8,302.4,1485,1499,1485,1485,1499,1485,180,200,MANUAL (Remote),,0.0
2026-08-10T10:36:56.282,1786333016.282826,0.05900000035762787,10.3,-16.1,299.5,1485,1894,1485,1485,1900,1485,180,200,MANUAL (Remote),,397.0
2026-08-10T10:36:56.782,1786333016.782491,0.0729999989271164,3.2,-17.1,297.9,1485,1499,1485,1485,1499,1485,180,200,MANUAL (Remote),,0.0
2026-08-10T10:36:57.282,1786333017.282462,0.05900000035762787,7.6,-16.5,296.0,1485,1499,1485,1485,1499,1485,180,200,MANUAL (Remote),,0.0
2026-08-10T10:36:57.782,1786333017.782499,0.06199999898672104,6.7,-15.2,294.5,1485,1499,1485,1485,1499,1485,180,200,MANUAL (Remote),,0.0
2026-08-10T10:36:58.282,1786333018.282438,0.0689999982714653,3.3,-16.3,293.6,1485,1499,1485,1485,1499,1485,180,200,MANUAL (Remote),,0.0
2026-08-10T10:36:58.782,1786333018.782409,0.06499999761581421,4.8,-18.5,291.7,1485,1102,1485,1485,1900,1485,180,200,MANUAL (Remote),,1.0
2026-08-10T10:36:59.282,1786333019.282448,0.057999998331069946,8.7,-20.3,298.9,1485,1441,1485,1485,1557,1485,180,200,MANUAL (Remote),,-1.0
2026-08-10T10:36:59.782,1786333019.782378,0.07100000232458115,9.3,-18.9,308.8,1485,1491,1485,1485,1507,1485,180,200,MANUAL (Remote),,0.0
2026-08-10T10:37:00.282,1786333020.282431,0.06499999761581421,10.2,-15.7,316.3,1485,1499,1485,1485,1499,1485,180,200,MANUAL (Remote),,0.0
2026-08-10T10:37:00.782,1786333020.782485,0.06400000303983688,8.5,-13.0,312.9,1485,1499,1485,1485,1499,1485,180,200,MANUAL (Remote),,0.0
2026-08-10T10:37:01.282,1786333021.282656,0.06300000101327896,8.6,-15.6,308.4,1485,1499,1485,1485,1499,1485,180,200,MANUAL (Remote),,0.0
2026-08-10T10:37:01.783,1786333021.7831,0.07000000029802322,7.6,-18.4,305.0,1485,1499,1485,1485,1499,1485,180,200,MANUAL (Remote),,0.0
2026-08-10T10:37:02.282,1786333022.282416,0.07000000029802322,6.4,-17.8,302.7,1485,1499,1485,1485,1499,1485,180,200,MANUAL (Remote),,0.0
2026-08-10T10:37:02.782,1786333022.782372,0.06199999898672104,6.9,-15.9,301.1,1485,1499,1485,1485,1499,1485,180,200,MANUAL (Remote),,0.0
2026-08-10T10:37:03.282,1786333023.282456,0.06599999964237213,6.6,-14.8,300.0,1485,1499,1485,1485,1499,1485,180,200,MANUAL (Remote),,0.0
2026-08-10T10:37:03.782,1786333023.782433,0.06499999761581421,6.0,-16.6,299.0,1485,1499,1485,1485,1499,1485,180,200,MANUAL (Remote),,0.0
2026-08-10T10:37:04.282,1786333024.282424,0.06599999964237213,5.8,-18.5,298.0,1485,1499,1485,1485,1499,1485,180,200,MANUAL (Remote),,0.0
2026-08-10T10:37:04.782,1786333024.782566,0.06300000101327896,5.7,-17.3,297.4,1485,1499,1485,1485,1499,1485,180,200,MANUAL (Remote),,0.0
2026-08-10T10:37:05.282,1786333025.282391,0.06499999761581421,5.6,-16.9,296.9,1485,1499,1485,1485,1499,1485,180,200,MANUAL (Remote),,0.0
2026-08-10T10:37:05.782,1786333025.782375,0.06300000101327896,5.8,-17.0,296.6,1485,1499,1485,1485,1499,1485,180,200,MANUAL (Remote),,0.0
2026-08-10T10:37:06.282,1786333026.282446,0.0729999989271164,5.5,-16.8,296.0,1485,1500,1485,1485,1500,1485,180,200,MANUAL (Remote),,0.0
2026-08-10T10:37:06.782,1786333026.782515,0.06199999898672104,5.4,-17.6,295.4,1485,1499,1485,1485,1499,1485,180,200,MANUAL (Remote),,0.0
2026-08-10T10:37:07.282,1786333027.282381,0.07400000095367432,5.1,-17.4,294.6,1485,1499,1485,1485,1499,1485,180,200,MANUAL (Remote),,0.0
2026-08-10T10:37:07.782,1786333027.782397,0.07100000232458115,5.4,-18.2,293.9,1485,1499,1485,1485,1499,1485,145,200,MANUAL (Remote),,0.0
2026-08-10T10:37:08.282,1786333028.282411,0.05999999865889549,5.5,-17.9,293.5,1485,1499,1485,1485,1499,1485,145,200,MANUAL (Remote),,0.0
2026-08-10T10:37:08.782,1786333028.782412,0.06800000369548798,4.9,-16.8,293.5,1485,1499,1485,1485,1499,1485,180,200,MANUAL (Remote),,0.0
2026-08-10T10:37:09.282,1786333029.282385,0.0689999982714653,5.6,-16.2,293.1,1485,1499,1485,1485,1499,1485,180,200,MANUAL (Remote),,0.0
2026-08-10T10:37:09.782,1786333029.782399,0.06499999761581421,5.2,-17.6,292.3,1485,1499,1485,1485,1499,1485,195,200,MANUAL (Remote),,0.0
2026-08-10T10:37:10.282,1786333030.282414,0.06599999964237213,5.3,-18.2,291.7,1485,1499,1485,1485,1499,1485,240,200,MANUAL (Remote),,0.0
2026-08-10T10:37:10.782,1786333030.782415,0.06199999898672104,5.7,-18.0,290.6,1485,1499,1485,1485,1499,1485,245,215,MANUAL (Remote),,0.0
2026-08-10T10:37:11.282,1786333031.282412,0.061000000685453415,5.3,-16.8,290.3,1485,1499,1485,1485,1499,1485,245,250,MANUAL (Remote),,0.0
2026-08-10T10:37:11.782,1786333031.782441,0.06400000303983688,5.2,-15.9,289.7,1103,1499,1429,1159,1499,1485,245,215,MANUAL (Remote),,0.0
2026-08-10T10:37:12.282,1786333032.28238,0.08299999684095383,20.3,-43.0,284.9,1485,1499,1485,1485,1499,1485,245,210,MANUAL (Remote),,0.0
2026-08-10T10:37:12.782,1786333032.782359,0.10400000214576721,20.2,-36.9,286.2,1485,1499,1485,1485,1499,1485,245,210,MANUAL (Remote),,0.0
2026-08-10T10:37:13.282,1786333033.282382,0.08100000023841858,7.9,-7.1,291.5,1485,1499,1485,1485,1499,1485,245,210,MANUAL (Remote),,0.0
2026-08-10T10:37:13.782,1786333033.782396,0.05400000140070915,1.9,-7.4,290.6,1485,1499,1485,1485,1499,1485,245,210,MANUAL (Remote),,0.0
2026-08-10T10:37:14.282,1786333034.282395,0.07000000029802322,5.5,-19.4,288.5,1485,1499,1485,1485,1499,1485,245,210,MANUAL (Remote),,0.0
2026-08-10T10:37:14.782,1786333034.782394,0.05900000035762787,6.4,-23.7,286.9,1485,1499,1485,1485,1499,1485,245,210,MANUAL (Remote),,0.0
2026-08-10T10:37:15.282,1786333035.282416,0.0689999982714653,3.0,-17.6,286.2,1485,1499,1485,1485,1499,1485,245,210,MANUAL (Remote),,0.0
2026-08-10T10:37:15.782,1786333035.782401,0.06400000303983688,5.8,-13.6,285.1,1485,1499,1485,1485,1499,1485,245,210,MANUAL (Remote),,0.0
2026-08-10T10:37:16.282,1786333036.282386,0.06199999898672104,4.7,-16.6,284.2,1485,1499,1485,1485,1499,1485,245,210,MANUAL (Remote),,0.0
2026-08-10T10:37:16.782,1786333036.782501,0.07100000232458115,3.0,-19.9,283.4,1485,1499,1485,1485,1499,1485,245,210,MANUAL (Remote),,0.0
2026-08-10T10:37:17.282,1786333037.282576,0.06499999761581421,4.5,-19.6,282.9,1485,1499,1485,1485,1499,1485,245,210,MANUAL (Remote),,0.0
2026-08-10T10:37:17.782,1786333037.782683,0.06199999898672104,4.4,-16.6,283.5,1485,1499,1485,1485,1499,1485,245,210,MANUAL (Remote),,0.0
2026-08-10T10:37:18.282,1786333038.282568,0.06300000101327896,3.8,-16.8,284.0,1485,1499,1485,1485,1499,1485,245,210,MANUAL (Remote),,0.0
2026-08-10T10:37:18.782,1786333038.782457,0.06199999898672104,4.7,-18.5,284.8,1485,1499,1485,1485,1499,1485,245,210,MANUAL (Remote),,0.0
2026-08-10T10:37:19.282,1786333039.282526,0.06800000369548798,4.8,-17.9,285.8,1485,1499,1485,1485,1499,1485,245,210,MANUAL (Remote),,0.0
2026-08-10T10:37:19.782,1786333039.782556,0.07000000029802322,4.5,-17.6,286.2,1485,1499,1485,1485,1499,1485,245,210,MANUAL (Remote),,0.0
2026-08-10T10:37:20.282,1786333040.282483,0.06199999898672104,5.0,-18.5,286.6,1485,1499,1485,1485,1499,1485,245,210,MANUAL (Remote),,0.0
2026-08-10T10:37:20.782,1786333040.782453,0.06499999761581421,4.9,-18.8,287.0,1485,1499,1485,1485,1499,1485,245,210,MANUAL (Remote),,0.0
2026-08-10T10:37:21.282,1786333041.282445,0.061000000685453415,5.5,-17.6,287.6,1485,1499,1485,1485,1499,1485,245,210,MANUAL (Remote),,0.0
2026-08-10T10:37:21.782,1786333041.782427,0.06400000303983688,5.0,-16.2,288.1,1485,1499,1485,1485,1499,1485,245,210,MANUAL (Remote),,0.0
2026-08-10T10:37:22.282,1786333042.282709,0.06599999964237213,5.4,-17.7,288.3,1485,1510,1485,1485,1512,1485,245,210,MANUAL (Remote),,0.0
2026-08-10T10:37:22.782,1786333042.782417,0.05700000002980232,5.6,-19.2,288.6,1485,1515,1485,1485,1517,1485,245,210,MANUAL (Remote),,0.0
2026-08-10T10:37:23.282,1786333043.28238,0.07000000029802322,5.2,-17.5,289.1,1485,1500,1485,1485,1500,1485,245,210,MANUAL (Remote),,0.0
2026-08-10T10:37:23.782,1786333043.782683,0.06400000303983688,6.3,-16.3,289.4,1485,1499,1485,1485,1499,1485,245,210,MANUAL (Remote),,0.0
2026-08-10T10:37:24.282,1786333044.282419,0.057999998331069946,5.3,-17.6,289.6,1485,1556,1485,1485,1556,1485,245,210,MANUAL (Remote),,56.0
2026-08-10T10:37:24.782,1786333044.782454,0.07199999690055847,5.4,-18.2,290.0,1485,1499,1485,1485,1499,1485,245,210,MANUAL (Remote),,0.0
2026-08-10T10:37:25.282,1786333045.282383,0.05700000002980232,6.4,-18.1,289.6,1485,1499,1485,1485,1499,1485,245,210,MANUAL (Remote),,0.0
2026-08-10T10:37:25.782,1786333045.782413,0.061000000685453415,5.5,-17.6,290.1,1485,1500,1485,1485,1500,1485,245,210,MANUAL (Remote),,0.0
2026-08-10T10:37:26.282,1786333046.282398,0.06800000369548798,5.8,-18.5,289.8,1485,1625,1485,1485,1625,1485,245,210,MANUAL (Remote),,125.0
2026-08-10T10:37:26.782,1786333046.782439,0.05999999865889549,6.2,-18.7,290.0,1485,1499,1485,1485,1499,1485,245,210,MANUAL (Remote),,0.0
2026-08-10T10:37:27.282,1786333047.282372,0.06199999898672104,5.5,-17.1,290.9,1485,1500,1485,1485,1500,1485,245,210,MANUAL (Remote),,0.0
2026-08-10T10:37:27.782,1786333047.7824,0.06400000303983688,6.1,-16.2,290.9,1485,1518,1485,1485,1518,1485,245,210,MANUAL (Remote),,0.0
2026-08-10T10:37:28.282,1786333048.282412,0.05999999865889549,6.0,-18.3,290.7,1485,1567,1485,1485,1567,1485,245,210,MANUAL (Remote),,67.0
2026-08-10T10:37:28.782,1786333048.78242,0.06199999898672104,2.0,-18.8,289.7,1485,1899,1485,1485,1900,1485,245,210,MANUAL (Remote),,399.5
2026-08-10T10:37:29.282,1786333049.282449,0.0729999989271164,-2.2,-18.1,289.3,1485,1527,1485,1485,1627,1485,245,210,MANUAL (Remote),,77.0
2026-08-10T10:37:29.782,1786333049.782425,0.05700000002980232,10.0,-18.8,297.0,1485,1119,1485,1485,1900,1485,245,210,MANUAL (Remote),,9.5
2026-08-10T10:37:30.282,1786333050.282356,0.05299999937415123,16.3,-16.0,320.6,1485,1116,1485,1485,1900,1485,245,210,MANUAL (Remote),,8.0
2026-08-10T10:37:30.782,1786333050.782427,0.05400000140070915,14.9,-12.2,330.8,1485,1499,1485,1485,1499,1485,245,210,MANUAL (Remote),,0.0
2026-08-10T10:37:31.282,1786333051.282425,0.06400000303983688,10.4,-10.6,319.6,1485,1289,1485,1485,1709,1485,245,210,MANUAL (Remote),,-1.0
2026-08-10T10:37:31.782,1786333051.782409,0.057999998331069946,12.8,-15.8,316.9,1485,1129,1485,1485,1871,1485,245,210,MANUAL (Remote),,0.0
2026-08-10T10:37:32.282,1786333052.282419,0.05999999865889549,13.8,-18.3,328.3,1485,1499,1485,1485,1499,1485,245,210,MANUAL (Remote),,0.0
2026-08-10T10:37:32.782,1786333052.782386,0.05700000002980232,9.3,-12.8,321.5,1485,1516,1485,1485,1518,1485,245,210,MANUAL (Remote),,0.0
2026-08-10T10:37:33.282,1786333053.28239,0.06199999898672104,8.7,-10.0,310.5,1485,1583,1485,1485,1593,1485,245,210,MANUAL (Remote),,88.0
2026-08-10T10:37:33.782,1786333053.7824,0.07000000029802322,5.4,-14.8,302.3,1485,1886,1485,1485,1900,1485,245,210,MANUAL (Remote),,393.0
2026-08-10T10:37:34.282,1786333054.282421,0.06800000369548798,1.1,-18.2,297.7,1485,1216,1485,1485,1884,1485,245,210,MANUAL (Remote),,50.0
2026-08-10T10:37:34.782,1786333054.782398,0.05000000074505806,12.1,-21.8,309.8,1485,1219,1485,1485,1887,1485,245,210,MANUAL (Remote),,53.0
2026-08-10T10:37:35.282,1786333055.282402,0.057999998331069946,12.4,-16.7,327.7,1485,1500,1485,1485,1844,1485,245,210,MANUAL (Remote),,172.0
2026-08-10T10:37:35.782,1786333055.782399,0.05700000002980232,8.8,-13.0,331.0,1485,1741,1485,1485,1875,1485,245,210,MANUAL (Remote),,308.0
2026-08-10T10:37:36.282,1786333056.282496,0.0689999982714653,6.4,-12.3,328.8,1485,1767,1485,1485,1883,1485,245,210,MANUAL (Remote),,325.0
2026-08-10T10:37:36.782,1786333056.782471,0.06800000369548798,8.7,-16.3,325.5,1485,1823,1485,1485,1900,1485,245,210,MANUAL (Remote),,361.5
2026-08-10T10:37:37.282,1786333057.28257,0.06199999898672104,7.2,-18.7,322.2,1485,1900,1485,1485,1900,1485,245,210,MANUAL (Remote),,400.0
2026-08-10T10:37:37.782,1786333057.782564,0.05999999865889549,7.4,-18.1,317.6,1485,1900,1485,1485,1890,1485,245,210,MANUAL (Remote),,395.0
2026-08-10T10:37:38.282,1786333058.282369,0.06300000101327896,7.9,-17.4,313.5,1485,1888,1485,1485,1780,1485,245,210,MANUAL (Remote),,334.0
2026-08-10T10:37:38.782,1786333058.782524,0.061000000685453415,6.9,-20.9,305.5,1485,1900,1485,1485,1899,1485,245,210,MANUAL (Remote),,399.5
2026-08-10T10:37:39.282,1786333059.282402,0.06199999898672104,7.8,-24.7,306.1,1485,1256,1485,1485,1872,1485,245,210,MANUAL (Remote),,64.0
2026-08-10T10:37:39.782,1786333059.78254,0.0560000017285347,9.9,-22.9,311.4,1485,1499,1485,1485,1499,1485,245,210,MANUAL (Remote),,0.0
2026-08-10T10:37:40.282,1786333060.282482,0.0689999982714653,6.1,-18.6,305.2,1485,1206,1485,1485,1100,1485,245,210,MANUAL (Remote),,-347.0
2026-08-10T10:37:40.782,1786333060.78255,0.06499999761581421,6.2,-19.5,296.2,1485,1459,1485,1485,1439,1485,245,210,MANUAL (Remote),,-51.0
2026-08-10T10:37:41.282,1786333061.282386,0.06800000369548798,2.6,-21.1,288.4,1485,1481,1485,1485,1473,1485,245,210,MANUAL (Remote),,-13.5
2026-08-10T10:37:41.782,1786333061.782514,0.06599999964237213,2.1,-20.1,286.1,1485,1435,1485,1485,1429,1485,245,210,MANUAL (Remote),,-68.0
2026-08-10T10:37:42.282,1786333062.282466,0.05900000035762787,7.0,-19.1,287.6,1485,1109,1485,1485,1100,1485,245,210,MANUAL (Remote),,-395.5
2026-08-10T10:37:42.782,1786333062.782391,0.054999999701976776,11.9,-22.5,290.8,1485,1253,1485,1485,1241,1485,245,210,MANUAL (Remote),,-253.0
2026-08-10T10:37:43.282,1786333063.282469,0.06199999898672104,3.3,-19.1,294.8,1485,1499,1485,1485,1499,1485,245,210,MANUAL (Remote),,0.0
2026-08-10T10:37:43.782,1786333063.782415,0.07800000160932541,1.8,-16.4,297.9,1485,1499,1485,1485,1499,1485,245,210,MANUAL (Remote),,0.0
2026-08-10T10:37:44.282,1786333064.282461,0.05900000035762787,5.5,-18.6,299.4,1485,1103,1485,1485,1100,1485,245,210,MANUAL (Remote),,-398.5
2026-08-10T10:37:44.782,1786333064.782483,0.05900000035762787,11.9,-21.9,300.6,1485,1131,1485,1485,1125,1485,245,210,MANUAL (Remote),,-372.0
2026-08-10T10:37:45.282,1786333065.28261,0.05700000002980232,8.3,-19.8,300.8,1485,1499,1485,1485,1499,1485,245,210,MANUAL (Remote),,0.0
2026-08-10T10:37:45.782,1786333065.782467,0.08299999684095383,-0.6,-16.2,300.1,1485,1499,1485,1485,1499,1485,245,210,MANUAL (Remote),,0.0
2026-08-10T10:37:46.282,1786333066.282489,0.061000000685453415,4.9,-16.8,299.1,1485,1499,1485,1485,1499,1485,245,210,MANUAL (Remote),,0.0
2026-08-10T10:37:46.782,1786333066.782449,0.05900000035762787,6.2,-17.1,298.7,1485,1499,1485,1485,1499,1485,245,210,MANUAL (Remote),,0.0
2026-08-10T10:37:47.282,1786333067.282388,0.0689999982714653,3.7,-18.6,298.6,1485,1499,1350,1485,1499,1350,245,210,MANUAL (Remote),,0.0
2026-08-10T10:37:47.782,1786333067.782368,0.14000000059604645,-7.7,-24.3,295.9,1485,1499,1485,1485,1499,1485,245,210,MANUAL (Remote),,0.0
2026-08-10T10:37:48.282,1786333068.282413,0.10499999672174454,0.2,-19.2,293.7,1485,1499,1485,1485,1499,1485,245,210,MANUAL (Remote),,0.0
2026-08-10T10:37:48.782,1786333068.782445,0.04500000178813934,7.1,-14.6,294.3,1485,1499,1485,1485,1499,1485,245,210,MANUAL (Remote),,0.0
2026-08-10T10:37:49.282,1786333069.282509,0.05999999865889549,4.0,-15.4,295.5,1485,1499,1485,1485,1499,1485,245,210,MANUAL (Remote),,0.0
2026-08-10T10:37:49.782,1786333069.782482,0.06400000303983688,5.4,-18.7,295.3,1485,1506,1485,1485,1506,1485,245,210,MANUAL (Remote),,0.0
2026-08-10T10:37:50.282,1786333070.282445,0.05700000002980232,5.5,-19.7,295.9,1485,1595,1485,1485,1595,1485,245,210,MANUAL (Remote),,95.0
2026-08-10T10:37:50.782,1786333070.782497,0.07500000298023224,-0.3,-18.3,295.2,1485,1899,1485,1485,1900,1485,245,210,MANUAL (Remote),,399.5
2026-08-10T10:37:51.282,1786333071.282451,0.06800000369548798,-1.1,-16.3,292.4,1485,1401,1485,1485,1617,1485,245,210,MANUAL (Remote),,9.0
2026-08-10T10:37:51.782,1786333071.782458,0.05700000002980232,9.1,-18.9,297.9,1485,1104,1485,1485,1900,1485,245,210,MANUAL (Remote),,2.0
2026-08-10T10:37:52.282,1786333072.282414,0.05000000074505806,13.9,-18.8,323.4,1485,1499,1485,1485,1499,1485,245,210,MANUAL (Remote),,0.0
2026-08-10T10:37:52.782,1786333072.782416,0.052000001072883606,9.9,-12.6,324.7,1485,1606,1485,1485,1610,1485,245,210,MANUAL (Remote),,108.0
2026-08-10T10:37:53.282,1786333073.282487,0.0560000017285347,5.0,-11.6,317.7,1485,1877,1485,1485,1885,1485,245,210,MANUAL (Remote),,381.0
2026-08-10T10:37:53.782,1786333073.782425,0.06199999898672104,4.7,-13.1,312.5,1485,1100,1485,1485,1900,1485,245,210,MANUAL (Remote),,0.0
2026-08-10T10:37:54.282,1786333074.282404,0.04899999871850014,13.2,-19.6,325.4,1485,1102,1485,1485,1900,1485,245,210,MANUAL (Remote),,1.0
2026-08-10T10:37:54.782,1786333074.782484,0.05700000002980232,10.9,-12.6,335.7,1485,1888,1485,1485,1780,1485,245,210,MANUAL (Remote),,334.0
2026-08-10T10:37:55.282,1786333075.282446,0.05299999937415123,7.6,-4.2,322.9,1485,1891,1485,1485,1221,1485,245,210,MANUAL (Remote),,56.0
2026-08-10T10:37:55.782,1786333075.782473,0.052000001072883606,12.3,-12.7,302.4,1485,1499,1485,1485,1499,1485,245,210,MANUAL (Remote),,0.0
2026-08-10T10:37:56.282,1786333076.28252,0.057999998331069946,6.6,-20.4,301.1,1485,1499,1485,1485,1499,1485,245,210,MANUAL (Remote),,0.0
2026-08-10T10:37:56.782,1786333076.782473,0.05400000140070915,4.6,-17.6,302.2,1485,1499,1485,1485,1499,1485,245,210,MANUAL (Remote),,0.0
2026-08-10T10:37:57.282,1786333077.282564,0.05999999865889549,6.6,-14.1,298.8,1485,1900,1485,1485,1100,1485,245,210,MANUAL (Remote),,0.0
2026-08-10T10:37:57.782,1786333077.782587,0.04699999839067459,5.7,-14.1,289.3,1485,1499,1485,1485,1499,1485,245,210,MANUAL (Remote),,0.0
2026-08-10T10:37:58.282,1786333078.282527,0.061000000685453415,1.5,-17.6,287.9,1485,1499,1485,1485,1499,1485,245,210,MANUAL (Remote),,0.0
2026-08-10T10:37:58.782,1786333078.782543,0.05000000074505806,3.6,-19.6,289.8,1485,1499,1485,1485,1499,1485,245,210,MANUAL (Remote),,0.0
2026-08-10T10:37:59.282,1786333079.282655,0.057999998331069946,4.3,-18.1,292.2,1485,1499,1482,1485,1499,1482,245,210,MANUAL (Remote),,0.0
2026-08-10T10:37:59.782,1786333079.782583,0.057999998331069946,4.0,-17.6,294.1,1485,1499,1485,1485,1499,1485,245,210,MANUAL (Remote),,0.0
2026-08-10T10:38:00.282,1786333080.282406,0.0560000017285347,4.9,-17.3,296.1,1478,1499,1478,1478,1499,1478,245,210,MANUAL (Remote),,0.0
2026-08-10T10:38:00.782,1786333080.782407,0.05400000140070915,5.6,-17.6,297.2,1478,1499,1478,1478,1499,1478,245,210,MANUAL (Remote),,0.0
2026-08-10T10:38:01.282,1786333081.282435,0.07500000298023224,1.5,-18.1,298.2,1468,1499,1468,1468,1499,1468,245,210,MANUAL (Remote),,0.0
2026-08-10T10:38:01.782,1786333081.782525,0.14800000190734863,-6.2,-17.6,296.8,1468,1499,1468,1468,1499,1468,245,210,MANUAL (Remote),,0.0
2026-08-10T10:38:02.282,1786333082.282554,0.09700000286102295,4.0,-16.1,295.6,1468,1499,1468,1468,1499,1468,245,210,MANUAL (Remote),,0.0
2026-08-10T10:38:02.782,1786333082.782518,0.04600000008940697,7.0,-16.8,296.0,1458,1499,1458,1458,1499,1458,245,210,MANUAL (Remote),,0.0
2026-08-10T10:38:03.282,1786333083.28249,0.11299999803304672,-3.6,-20.7,296.2,1458,1499,1450,1458,1499,1450,245,210,MANUAL (Remote),,0.0
2026-08-10T10:38:03.782,1786333083.782496,0.13199999928474426,-2.6,-19.4,294.2,1458,1499,1458,1458,1499,1458,245,210,MANUAL (Remote),,0.0
2026-08-10T10:38:04.282,1786333084.282439,0.0729999989271164,6.1,-14.2,294.0,1451,1499,1451,1451,1499,1451,245,210,MANUAL (Remote),,0.0
2026-08-10T10:38:04.782,1786333084.782613,0.054999999701976776,5.9,-13.0,295.9,1427,1499,1427,1427,1499,1427,245,210,MANUAL (Remote),,0.0
2026-08-10T10:38:05.282,1786333085.282528,0.0949999988079071,4.7,-18.4,296.0,1395,1499,1395,1395,1499,1395,245,210,MANUAL (Remote),,0.0
2026-08-10T10:38:05.782,1786333085.782457,0.1289999932050705,6.6,-24.1,293.4,1391,1499,1391,1391,1499,1391,245,210,MANUAL (Remote),,0.0
2026-08-10T10:38:06.282,1786333086.282651,0.18199999630451202,7.4,-25.4,291.1,1391,1499,1391,1391,1499,1391,245,210,MANUAL (Remote),,0.0
2026-08-10T10:38:06.782,1786333086.782525,0.24300000071525574,7.1,-22.7,290.3,1391,1499,1391,1391,1499,1391,245,210,MANUAL (Remote),,0.0
2026-08-10T10:38:07.282,1786333087.282559,0.3089999854564667,6.3,-21.2,289.9,1391,1499,1391,1391,1499,1391,245,210,MANUAL (Remote),,0.0
2026-08-10T10:38:07.782,1786333087.78252,0.35499998927116394,6.7,-20.8,289.8,1391,1499,1391,1391,1499,1391,245,210,MANUAL (Remote),,0.0
2026-08-10T10:38:08.282,1786333088.282519,0.4099999964237213,18.7,-26.0,288.6,1100,1499,1391,1100,1499,1391,245,210,MANUAL (Remote),,0.0
2026-08-10T10:38:08.782,1786333088.782459,0.5220000147819519,50.2,-63.8,264.5,1100,1499,1404,1100,1499,1403,245,210,MANUAL (Remote),,0.0
2026-08-10T10:38:09.282,1786333089.282559,0.4970000088214874,49.2,-63.6,256.4,1100,1499,1417,1100,1499,1417,245,210,MANUAL (Remote),,0.0
2026-08-10T10:38:09.782,1786333089.782453,0.5130000114440918,45.4,-56.5,248.3,1422,1499,1422,1422,1499,1422,245,210,MANUAL (Remote),,0.0
2026-08-10T10:38:10.282,1786333090.282484,0.5490000247955322,29.5,-19.1,262.1,1440,1499,1440,1440,1499,1440,245,210,MANUAL (Remote),,0.0
2026-08-10T10:38:10.782,1786333090.782465,0.5820000171661377,1.6,0.6,270.0,1440,1499,1440,1440,1499,1440,245,210,MANUAL (Remote),,0.0
2026-08-10T10:38:11.282,1786333091.282404,0.5419999957084656,-8.1,-12.1,271.4,1440,1499,1440,1440,1499,1440,245,210,MANUAL (Remote),,0.0
2026-08-10T10:38:11.782,1786333091.78241,0.4560000002384186,-7.3,-25.9,273.9,1440,1889,1440,1440,1900,1440,245,210,MANUAL (Remote),,394.5
2026-08-10T10:38:12.282,1786333092.282448,0.35499998927116394,-5.3,-22.8,278.0,1440,1898,1440,1440,1900,1440,245,210,MANUAL (Remote),,399.0
2026-08-10T10:38:12.782,1786333092.782424,0.2630000114440918,5.8,-15.6,281.8,1451,1499,1451,1451,1499,1451,245,210,MANUAL (Remote),,0.0
2026-08-10T10:38:13.282,1786333093.282443,0.15800000727176666,12.6,-14.1,287.3,1461,1402,1461,1461,1848,1461,245,210,MANUAL (Remote),,125.0
2026-08-10T10:38:13.782,1786333093.782396,0.07800000160932541,9.9,-15.6,299.8,1474,1324,1474,1474,1858,1474,245,210,MANUAL (Remote),,91.0
2026-08-10T10:38:14.282,1786333094.282426,0.028999999165534973,9.7,-11.9,313.0,1483,1890,1483,1483,1900,1483,245,210,MANUAL (Remote),,395.0
2026-08-10T10:38:14.782,1786333094.78254,0.04899999871850014,11.1,-8.9,323.2,1483,1899,1483,1483,1900,1483,245,210,MANUAL (Remote),,399.5
2026-08-10T10:38:15.282,1786333095.282409,0.054999999701976776,12.4,-8.9,329.3,1483,1837,1483,1483,1900,1483,245,210,MANUAL (Remote),,368.5
2026-08-10T10:38:15.782,1786333095.782441,0.0560000017285347,11.1,-9.9,333.7,1483,1593,1483,1483,1853,1483,245,210,MANUAL (Remote),,223.0
2026-08-10T10:38:16.282,1786333096.282414,0.054999999701976776,13.0,-7.8,335.4,1483,1499,1483,1483,1499,1483,245,210,MANUAL (Remote),,0.0
2026-08-10T10:38:16.782,1786333096.782444,0.05400000140070915,12.0,-7.6,330.7,1483,1499,1483,1483,1499,1483,245,210,MANUAL (Remote),,0.0
2026-08-10T10:38:17.282,1786333097.282428,0.05900000035762787,10.3,-11.0,326.0,1483,1499,1483,1483,1499,1483,245,210,MANUAL (Remote),,0.0
2026-08-10T10:38:17.782,1786333097.782462,0.054999999701976776,9.7,-13.6,322.5,1483,1499,1483,1483,1499,1483,245,210,MANUAL (Remote),,0.0
2026-08-10T10:38:18.282,1786333098.282413,0.057999998331069946,10.0,-12.8,320.6,1483,1499,1483,1483,1499,1483,245,210,MANUAL (Remote),,0.0
2026-08-10T10:38:18.782,1786333098.782472,0.057999998331069946,8.5,-12.5,318.9,1483,1499,1483,1483,1499,1483,245,210,MANUAL (Remote),,0.0
2026-08-10T10:38:19.282,1786333099.282393,0.05900000035762787,8.0,-14.5,317.5,1483,1499,1483,1483,1499,1483,245,210,MANUAL (Remote),,0.0
2026-08-10T10:38:19.782,1786333099.782387,0.0560000017285347,8.1,-16.4,316.7,1483,1499,1483,1483,1499,1483,245,210,MANUAL (Remote),,0.0
2026-08-10T10:38:20.282,1786333100.282433,0.054999999701976776,7.7,-15.7,316.0,1483,1499,1483,1483,1499,1483,245,210,MANUAL (Remote),,0.0
2026-08-10T10:38:20.782,1786333100.782435,0.054999999701976776,7.2,-15.2,315.8,1483,1499,1483,1483,1499,1483,245,210,MANUAL (Remote),,0.0
2026-08-10T10:38:21.282,1786333101.28252,0.05700000002980232,7.7,-15.6,315.3,1483,1499,1483,1483,1499,1483,245,210,MANUAL (Remote),,0.0
2026-08-10T10:38:21.782,1786333101.782557,0.052000001072883606,7.0,-17.3,314.3,1483,1499,1483,1483,1499,1483,245,210,MANUAL (Remote),,0.0
2026-08-10T10:38:22.282,1786333102.282388,0.0560000017285347,6.4,-16.8,313.2,1483,1499,1483,1483,1499,1483,245,210,MANUAL (Remote),,0.0
2026-08-10T10:38:22.782,1786333102.782396,0.06199999898672104,6.7,-16.9,312.3,1483,1499,1483,1483,1499,1483,245,210,MANUAL (Remote),,0.0
2026-08-10T10:38:23.282,1786333103.282462,0.05900000035762787,6.2,-17.5,310.7,1483,1499,1483,1483,1499,1483,245,210,MANUAL (Remote),,0.0
2026-08-10T10:38:23.782,1786333103.78246,0.04899999871850014,6.0,-18.5,310.1,1483,1499,1483,1483,1499,1483,245,210,MANUAL (Remote),,0.0
2026-08-10T10:38:24.282,1786333104.282567,0.061000000685453415,6.1,-16.2,309.8,1483,1499,1483,1483,1499,1483,245,210,MANUAL (Remote),,0.0
2026-08-10T10:38:24.782,1786333104.782482,0.05299999937415123,6.6,-16.8,308.7,1483,1499,1483,1483,1499,1483,245,210,MANUAL (Remote),,0.0
2026-08-10T10:38:25.282,1786333105.282587,0.052000001072883606,5.3,-18.1,307.5,1483,1499,1483,1483,1499,1483,245,210,MANUAL (Remote),,0.0
2026-08-10T10:38:25.782,1786333105.782603,0.057999998331069946,5.5,-18.8,305.9,1483,1499,1483,1483,1499,1483,245,210,MANUAL (Remote),,0.0
2026-08-10T10:38:26.282,1786333106.282409,0.04899999871850014,5.3,-18.4,305.3,1483,1499,1483,1483,1499,1483,245,210,MANUAL (Remote),,0.0
2026-08-10T10:38:26.782,1786333106.782442,0.05000000074505806,5.2,-16.3,304.1,1483,1899,1483,1483,1100,1483,245,210,MANUAL (Remote),,-0.5
2026-08-10T10:38:27.282,1786333107.282437,0.050999999046325684,4.5,-13.4,293.9,1483,1499,1483,1483,1499,1483,245,210,MANUAL (Remote),,0.0
2026-08-10T10:38:27.782,1786333107.782446,0.054999999701976776,2.0,-13.3,282.5,1483,1899,1483,1483,1100,1483,245,210,MANUAL (Remote),,-0.5
2026-08-10T10:38:28.282,1786333108.282453,0.05000000074505806,0.8,-14.4,275.0,1483,1499,1483,1483,1499,1483,245,210,MANUAL (Remote),,0.0
2026-08-10T10:38:28.782,1786333108.782546,0.057999998331069946,0.0,-15.4,275.7,1483,1899,1483,1483,1100,1483,245,210,MANUAL (Remote),,-0.5
2026-08-10T10:38:29.282,1786333109.282564,0.050999999046325684,-0.4,-12.3,267.1,1483,1506,1483,1483,1506,1483,245,210,MANUAL (Remote),,0.0
2026-08-10T10:38:29.782,1786333109.782431,0.05400000140070915,-3.0,-14.3,273.0,1483,1900,1483,1483,1899,1483,245,210,MANUAL (Remote),,399.5
2026-08-10T10:38:30.282,1786333110.28256,0.06800000369548798,-8.5,-14.4,276.1,1483,1900,1483,1483,1875,1483,245,210,MANUAL (Remote),,387.5
2026-08-10T10:38:30.782,1786333110.782622,0.05400000140070915,-1.7,-14.7,275.0,1483,1854,1483,1483,1540,1483,245,210,MANUAL (Remote),,197.0
2026-08-10T10:38:31.282,1786333111.28252,0.0560000017285347,0.5,-17.1,269.7,1483,1851,1483,1483,1493,1483,245,210,MANUAL (Remote),,175.5
2026-08-10T10:38:31.782,1786333111.782469,0.05400000140070915,-2.4,-19.4,266.0,1483,1852,1483,1483,1482,1483,245,210,MANUAL (Remote),,176.0
2026-08-10T10:38:32.282,1786333112.282438,0.05400000140070915,-4.5,-17.5,262.0,1483,1867,1483,1483,1315,1483,245,210,MANUAL (Remote),,91.0
2026-08-10T10:38:32.782,1786333112.782426,0.04899999871850014,-4.6,-16.4,261.0,1483,1499,1483,1483,1499,1483,245,210,MANUAL (Remote),,0.0
2026-08-10T10:38:33.282,1786333113.282454,0.050999999046325684,-2.1,-18.5,269.5,1483,1100,1483,1483,1101,1483,245,210,MANUAL (Remote),,-399.5
2026-08-10T10:38:33.782,1786333113.782429,0.019999999552965164,3.3,-20.1,279.3,1483,1101,1483,1483,1100,1483,245,210,MANUAL (Remote),,-399.5
2026-08-10T10:38:34.282,1786333114.282399,0.050999999046325684,-2.1,-22.0,288.0,1483,1501,1483,1483,1497,1483,245,210,MANUAL (Remote),,0.0
2026-08-10T10:38:34.782,1786333114.782452,0.06400000303983688,-5.6,-19.1,287.8,1483,1900,1483,1483,1100,1483,245,210,MANUAL (Remote),,0.0
2026-08-10T10:38:35.282,1786333115.282442,0.05000000074505806,-6.3,-9.4,272.8,1483,1515,1483,1483,1519,1483,245,210,MANUAL (Remote),,0.0
2026-08-10T10:38:35.782,1786333115.782361,0.04800000041723251,-13.8,-18.9,279.5,1483,1879,1483,1483,1900,1483,245,210,MANUAL (Remote),,389.5
2026-08-10T10:38:36.282,1786333116.282396,0.06400000303983688,-17.4,-26.2,285.2,1483,1898,1483,1483,1900,1483,245,210,MANUAL (Remote),,399.0
2026-08-10T10:38:36.782,1786333116.782418,0.057999998331069946,-13.1,-26.9,290.3,1483,1900,1483,1483,1820,1483,245,210,MANUAL (Remote),,360.0
2026-08-10T10:38:37.282,1786333117.282433,0.05299999937415123,-10.4,-23.7,293.6,1483,1884,1483,1483,1766,1483,245,210,MANUAL (Remote),,325.0
2026-08-10T10:38:37.782,1786333117.782437,0.050999999046325684,-8.2,-22.9,296.0,1483,1867,1483,1483,1683,1483,245,210,MANUAL (Remote),,275.0
2026-08-10T10:38:38.282,1786333118.282436,0.04899999871850014,-4.1,-25.8,299.4,1483,1499,1483,1483,1499,1483,245,210,MANUAL (Remote),,0.0
2026-08-10T10:38:38.782,1786333118.782437,0.04899999871850014,-3.8,-26.8,307.9,1483,1899,1483,1483,1100,1483,245,210,MANUAL (Remote),,-0.5
2026-08-10T10:38:39.282,1786333119.282405,0.04800000041723251,-5.9,-20.3,301.5,1483,1499,1483,1483,1499,1483,245,210,MANUAL (Remote),,0.0
2026-08-10T10:38:39.782,1786333119.782394,0.050999999046325684,-6.0,-23.7,299.0,1483,1499,1483,1483,1499,1483,245,210,MANUAL (Remote),,0.0
2026-08-10T10:38:40.282,1786333120.282691,0.052000001072883606,-5.8,-26.4,308.1,1483,1100,1483,1483,1834,1483,245,210,MANUAL (Remote),,-33.0
2026-08-10T10:38:40.782,1786333120.782429,0.04899999871850014,0.6,-26.9,322.4,1483,1100,1483,1483,1834,1483,245,210,MANUAL (Remote),,-33.0
2026-08-10T10:38:41.282,1786333121.282417,0.039000000804662704,12.8,-27.6,350.9,1483,1100,1483,1483,1834,1483,245,210,MANUAL (Remote),,-33.0
2026-08-10T10:38:41.782,1786333121.782509,0.03799999877810478,15.4,-24.3,10.2,1483,1100,1483,1483,1820,1483,245,210,MANUAL (Remote),,-40.0
2026-08-10T10:38:42.282,1786333122.282495,0.039000000804662704,15.2,-16.6,20.9,1483,1100,1483,1483,1820,1483,245,210,MANUAL (Remote),,-40.0
2026-08-10T10:38:42.782,1786333122.782432,0.03999999910593033,12.5,-7.3,31.3,1483,1100,1483,1483,1820,1483,245,210,MANUAL (Remote),,-40.0
2026-08-10T10:38:43.282,1786333123.282519,0.04100000113248825,7.3,-3.2,40.9,1483,1100,1483,1483,1820,1483,245,210,MANUAL (Remote),,-40.0
2026-08-10T10:38:43.782,1786333123.782447,0.04399999976158142,1.8,-2.9,52.0,1483,1100,1483,1483,1863,1483,245,210,MANUAL (Remote),,-18.5
2026-08-10T10:38:44.282,1786333124.282436,0.057999998331069946,-5.3,4.0,50.1,1483,1535,1483,1483,1533,1483,245,210,MANUAL (Remote),,34.0
2026-08-10T10:38:44.782,1786333124.782432,0.057999998331069946,-5.2,18.2,39.9,1483,1900,1483,1483,1899,1483,245,210,MANUAL (Remote),,399.5
2026-08-10T10:38:45.282,1786333125.282429,0.05900000035762787,-6.0,21.8,29.3,1483,1900,1483,1483,1899,1483,245,210,MANUAL (Remote),,399.5
2026-08-10T10:38:45.782,1786333125.782443,0.0560000017285347,6.3,16.1,19.8,1483,1103,1483,1483,1100,1483,245,210,MANUAL (Remote),,-398.5
2026-08-10T10:38:46.282,1786333126.282427,0.041999999433755875,12.2,11.0,6.3,1483,1900,1483,1483,1897,1483,245,210,MANUAL (Remote),,398.5
2026-08-10T10:38:46.782,1786333126.782413,0.06300000101327896,7.9,8.0,343.1,1483,1876,1483,1483,1292,1483,245,210,MANUAL (Remote),,84.0
2026-08-10T10:38:47.282,1786333127.282438,0.04699999839067459,16.7,-0.3,313.2,1483,1876,1483,1483,1292,1483,245,210,MANUAL (Remote),,84.0
2026-08-10T10:38:47.782,1786333127.782456,0.050999999046325684,14.8,-12.9,290.7,1483,1876,1483,1483,1292,1483,245,210,MANUAL (Remote),,84.0
2026-08-10T10:38:48.282,1786333128.282461,0.05400000140070915,6.8,-18.2,272.3,1483,1876,1483,1483,1292,1483,245,210,MANUAL (Remote),,84.0
2026-08-10T10:38:48.782,1786333128.782546,0.05299999937415123,1.0,-17.0,259.3,1483,1894,1483,1483,1792,1483,245,210,MANUAL (Remote),,343.0
2026-08-10T10:38:49.282,1786333129.282414,0.0560000017285347,-9.0,-19.9,260.2,1483,1900,1483,1483,1875,1483,245,210,MANUAL (Remote),,387.5
2026-08-10T10:38:49.782,1786333129.782584,0.05700000002980232,-5.9,-18.6,261.0,1483,1861,1483,1483,1627,1483,245,210,MANUAL (Remote),,244.0
2026-08-10T10:38:50.282,1786333130.28244,0.05000000074505806,-7.7,-16.3,258.2,1483,1861,1483,1483,1627,1483,245,210,MANUAL (Remote),,244.0
2026-08-10T10:38:50.782,1786333130.782417,0.05400000140070915,-13.1,-17.2,254.6,1483,1854,1483,1483,1552,1483,245,210,MANUAL (Remote),,203.0
2026-08-10T10:38:51.282,1786333131.282754,0.05400000140070915,-18.7,-16.2,249.4,1483,1852,1483,1483,1482,1483,245,210,MANUAL (Remote),,176.0
2026-08-10T10:38:51.782,1786333131.782553,0.05700000002980232,-24.2,-14.8,243.8,1483,1865,1483,1483,1359,1483,245,210,MANUAL (Remote),,112.0
2026-08-10T10:38:52.282,1786333132.282407,0.05400000140070915,-28.4,-10.8,234.0,1483,1865,1483,1483,1359,1483,245,210,MANUAL (Remote),,112.0
2026-08-10T10:38:52.782,1786333132.782442,0.054999999701976776,-31.0,-6.1,220.9,1483,1499,1483,1483,1499,1483,245,210,MANUAL (Remote),,0.0
2026-08-10T10:38:53.282,1786333133.282442,0.04800000041723251,-30.4,-12.2,224.1,1483,1100,1483,1483,1878,1483,245,210,MANUAL (Remote),,-11.0
2026-08-10T10:38:53.782,1786333133.78241,0.029999999329447746,-24.2,-37.8,264.6,1483,1100,1483,1483,1877,1483,245,210,MANUAL (Remote),,-11.5
2026-08-10T10:38:54.282,1786333134.282358,0.03400000184774399,-7.0,-49.8,304.1,1483,1100,1483,1483,1877,1483,245,210,MANUAL (Remote),,-11.5
2026-08-10T10:38:54.782,1786333134.782381,0.039000000804662704,6.3,-42.5,330.0,1483,1499,1483,1483,1499,1483,245,210,MANUAL (Remote),,0.0
2026-08-10T10:38:55.282,1786333135.282416,0.05299999937415123,6.3,-25.5,332.9,1474,1499,1474,1474,1499,1474,245,210,MANUAL (Remote),,0.0
2026-08-10T10:38:55.782,1786333135.78238,0.04600000008940697,8.8,-18.4,332.0,1473,1499,1473,1473,1499,1473,245,210,MANUAL (Remote),,0.0
2026-08-10T10:38:56.282,1786333136.282431,0.05000000074505806,9.0,-20.0,330.0,1461,1499,1461,1461,1499,1461,245,210,MANUAL (Remote),,0.0
2026-08-10T10:38:56.782,1786333136.782361,0.05700000002980232,7.5,-18.3,328.3,1446,1499,1446,1446,1499,1446,245,210,MANUAL (Remote),,0.0
2026-08-10T10:38:57.282,1786333137.282395,0.06400000303983688,7.6,-14.3,326.8,1446,1499,1446,1446,1499,1446,245,210,MANUAL (Remote),,0.0
2026-08-10T10:38:57.782,1786333137.782417,0.07000000029802322,8.2,-14.5,326.0,1426,1499,1426,1426,1499,1426,245,210,MANUAL (Remote),,0.0
2026-08-10T10:38:58.282,1786333138.282417,0.07500000298023224,7.7,-18.2,324.1,1408,1499,1408,1408,1499,1408,245,210,MANUAL (Remote),,0.0
2026-08-10T10:38:58.782,1786333138.782434,0.09700000286102295,8.1,-21.1,322.9,1408,1499,1408,1408,1499,1408,245,210,MANUAL (Remote),,0.0
2026-08-10T10:38:59.282,1786333139.282406,0.12300000339746475,10.7,-22.3,327.5,1408,1103,1408,1408,1900,1408,245,210,MANUAL (Remote),,1.5
2026-08-10T10:38:59.782,1786333139.782445,0.12999999523162842,18.4,-22.0,345.2,1408,1103,1408,1408,1900,1408,245,210,MANUAL (Remote),,1.5
2026-08-10T10:39:00.282,1786333140.28244,0.1289999932050705,21.0,-18.5,355.3,1408,1102,1408,1408,1900,1408,245,210,MANUAL (Remote),,1.0
2026-08-10T10:39:00.782,1786333140.78246,0.12700000405311584,19.4,-17.2,358.5,1408,1499,1408,1408,1499,1408,245,210,MANUAL (Remote),,0.0
2026-08-10T10:39:01.282,1786333141.282433,0.14499999582767487,11.9,-14.0,341.7,1408,1100,1408,1408,1900,1408,245,210,MANUAL (Remote),,0.0
2026-08-10T10:39:01.782,1786333141.782432,0.1379999965429306,11.2,-13.9,335.6,1408,1499,1408,1408,1499,1408,245,210,MANUAL (Remote),,0.0
2026-08-10T10:39:02.282,1786333142.282394,0.13500000536441803,9.0,-14.1,324.8,1408,1900,1408,1408,1898,1408,245,210,MANUAL (Remote),,399.0
2026-08-10T10:39:02.782,1786333142.782421,0.1509999930858612,0.1,-11.2,313.2,1408,1900,1408,1408,1898,1408,245,210,MANUAL (Remote),,399.0
2026-08-10T10:39:03.282,1786333143.28237,0.12800000607967377,2.0,-13.2,306.3,1408,1499,1408,1408,1499,1408,245,210,MANUAL (Remote),,0.0
2026-08-10T10:39:03.782,1786333143.782418,0.09000000357627869,14.7,-16.8,306.9,1408,1101,1408,1408,1900,1408,245,210,MANUAL (Remote),,0.5
2026-08-10T10:39:04.282,1786333144.282404,0.07199999690055847,21.0,-14.4,317.6,1408,1499,1408,1408,1499,1408,245,210,MANUAL (Remote),,0.0
2026-08-10T10:39:04.782,1786333144.782435,0.0949999988079071,14.0,-13.7,312.3,1394,1499,1394,1394,1499,1394,245,210,MANUAL (Remote),,0.0
2026-08-10T10:39:05.282,1786333145.282494,0.12099999934434891,9.2,-20.5,305.8,1394,1499,1394,1394,1499,1394,245,210,MANUAL (Remote),,0.0
2026-08-10T10:39:05.782,1786333145.782424,0.1469999998807907,8.6,-24.1,300.0,1394,1900,1394,1394,1900,1394,245,210,MANUAL (Remote),,400.0
2026-08-10T10:39:06.282,1786333146.282462,0.1809999942779541,6.0,-21.5,296.0,1394,1900,1394,1394,1900,1394,245,210,MANUAL (Remote),,400.0
2026-08-10T10:39:06.782,1786333146.782587,0.23399999737739563,-5.6,-19.6,293.8,1394,1900,1394,1394,1900,1394,245,210,MANUAL (Remote),,400.0
2026-08-10T10:39:07.282,1786333147.282468,0.24300000071525574,1.8,-21.2,293.5,1394,1100,1394,1394,1899,1394,245,210,MANUAL (Remote),,-0.5
2026-08-10T10:39:07.782,1786333147.782408,0.21899999678134918,18.3,-23.7,312.0,1394,1100,1394,1394,1899,1394,245,210,MANUAL (Remote),,-0.5
2026-08-10T10:39:08.282,1786333148.282416,0.25200000405311584,20.4,-20.9,314.9,1394,1100,1394,1394,1900,1394,245,210,MANUAL (Remote),,0.0
2026-08-10T10:39:08.782,1786333148.782376,0.2879999876022339,14.1,-20.5,313.3,1394,1500,1394,1394,1500,1394,245,210,MANUAL (Remote),,0.0
2026-08-10T10:39:09.282,1786333149.282412,0.3230000138282776,7.5,-21.8,307.6,1394,1499,1394,1394,1499,1394,245,210,MANUAL (Remote),,0.0
2026-08-10T10:39:09.782,1786333149.78239,0.3569999933242798,3.3,-22.0,299.8,1394,1893,1394,1394,1900,1394,245,210,MANUAL (Remote),,396.5
2026-08-10T10:39:10.282,1786333150.282457,0.4000000059604645,-5.7,-21.9,297.3,1394,1631,1394,1394,1639,1394,245,210,MANUAL (Remote),,135.0
2026-08-10T10:39:10.782,1786333150.782426,0.4059999883174896,-0.2,-22.3,295.3,1394,1499,1394,1394,1499,1394,245,210,MANUAL (Remote),,0.0
2026-08-10T10:39:11.282,1786333151.282455,0.40799999237060547,9.9,-22.7,293.7,1394,1499,1394,1394,1499,1394,245,210,MANUAL (Remote),,0.0
2026-08-10T10:39:11.782,1786333151.78242,0.4300000071525574,11.5,-21.8,292.6,1411,1499,1411,1411,1499,1411,245,210,MANUAL (Remote),,0.0
2026-08-10T10:39:12.282,1786333152.282489,0.45899999141693115,8.0,-18.7,292.3,1429,1499,1429,1429,1499,1429,245,210,MANUAL (Remote),,0.0
2026-08-10T10:39:12.782,1786333152.782431,0.45899999141693115,4.5,-16.6,291.9,1444,1499,1444,1444,1499,1444,245,210,MANUAL (Remote),,0.0
2026-08-10T10:39:13.282,1786333153.282428,0.414000004529953,4.1,-16.8,291.5,1444,1499,1444,1444,1499,1444,245,210,MANUAL (Remote),,0.0
2026-08-10T10:39:13.782,1786333153.782488,0.33899998664855957,4.6,-18.4,291.6,1444,1499,1444,1444,1499,1444,245,210,MANUAL (Remote),,0.0
2026-08-10T10:39:14.282,1786333154.282363,0.25600001215934753,4.4,-18.7,291.9,1444,1499,1444,1444,1499,1444,245,210,MANUAL (Remote),,0.0
2026-08-10T10:39:14.782,1786333154.78242,0.15399999916553497,4.1,-18.1,292.4,1465,1499,1465,1465,1499,1465,245,210,MANUAL (Remote),,0.0
2026-08-10T10:39:15.282,1786333155.282392,0.039000000804662704,4.4,-17.0,294.0,1495,1499,1495,1495,1499,1495,245,210,MANUAL (Remote),,0.0
2026-08-10T10:39:15.782,1786333155.782558,0.0430000014603138,4.8,-17.3,295.5,1522,1499,1522,1522,1499,1522,245,210,MANUAL (Remote),,0.0
2026-08-10T10:39:16.282,1786333156.282428,0.05700000002980232,7.1,-17.3,295.5,1531,1499,1531,1531,1499,1531,245,210,MANUAL (Remote),,0.0
2026-08-10T10:39:16.782,1786333156.782372,0.04899999871850014,6.3,-16.9,295.7,1541,1499,1541,1541,1499,1541,245,210,MANUAL (Remote),,0.0
2026-08-10T10:39:17.282,1786333157.282414,0.04600000008940697,4.3,-16.9,295.8,1558,1499,1558,1558,1499,1558,245,210,MANUAL (Remote),,0.0
2026-08-10T10:39:17.782,1786333157.782394,0.04600000008940697,4.8,-16.7,296.5,1571,1499,1571,1571,1499,1571,245,210,MANUAL (Remote),,0.0
2026-08-10T10:39:18.282,1786333158.282412,0.03799999877810478,5.3,-16.6,296.5,1587,1499,1587,1587,1499,1587,245,210,MANUAL (Remote),,0.0
2026-08-10T10:39:18.782,1786333158.782392,0.03200000151991844,4.9,-18.3,297.7,1612,1499,1612,1612,1499,1612,245,210,MANUAL (Remote),,0.0
2026-08-10T10:39:19.282,1786333159.282404,0.039000000804662704,4.7,-16.7,299.0,1621,1499,1621,1621,1499,1621,245,210,MANUAL (Remote),,0.0
2026-08-10T10:39:19.782,1786333159.7824,0.03400000184774399,6.7,-16.7,300.0,1621,1499,1621,1621,1499,1621,245,245,MANUAL (Remote),,0.0
2026-08-10T10:39:20.282,1786333160.282424,0.0430000014603138,4.3,-18.8,301.0,1621,1499,1621,1621,1499,1621,245,295,MANUAL (Remote),,0.0
2026-08-10T10:39:20.782,1786333160.782358,0.03500000014901161,7.6,-16.0,301.4,1621,1499,1621,1621,1499,1621,245,325,MANUAL (Remote),,0.0
2026-08-10T10:39:21.282,1786333161.282411,0.03700000047683716,6.2,-15.7,303.0,1621,1499,1621,1621,1499,1621,245,325,MANUAL (Remote),,0.0
2026-08-10T10:39:21.782,1786333161.782391,0.03500000014901161,6.9,-17.9,303.9,1621,1499,1621,1621,1499,1621,245,285,MANUAL (Remote),,0.0
2026-08-10T10:39:22.282,1786333162.282363,0.03200000151991844,6.6,-16.0,304.2,1621,1499,1621,1621,1499,1621,245,260,MANUAL (Remote),,0.0
2026-08-10T10:39:22.782,1786333162.782597,0.035999998450279236,5.7,-15.0,304.4,1590,1499,1590,1590,1499,1590,245,260,MANUAL (Remote),,0.0
2026-08-10T10:39:23.282,1786333163.282368,0.03700000047683716,6.9,-19.4,302.8,1586,1499,1586,1586,1499,1586,245,260,MANUAL (Remote),,0.0
2026-08-10T10:39:23.782,1786333163.782425,0.041999999433755875,5.4,-18.3,302.9,1583,1499,1583,1583,1499,1583,245,260,MANUAL (Remote),,0.0
2026-08-10T10:39:24.282,1786333164.282424,0.03799999877810478,5.6,-15.1,302.9,1563,1499,1563,1563,1499,1563,245,260,MANUAL (Remote),,0.0
2026-08-10T10:39:24.782,1786333164.782447,0.04600000008940697,6.8,-16.2,303.0,1551,1499,1551,1551,1499,1551,245,260,MANUAL (Remote),,0.0
2026-08-10T10:39:25.282,1786333165.282392,0.04100000113248825,6.2,-18.2,302.2,1539,1499,1539,1539,1499,1539,245,260,MANUAL (Remote),,0.0
2026-08-10T10:39:25.782,1786333165.782413,0.039000000804662704,6.0,-18.7,301.3,1533,1499,1533,1533,1499,1533,245,260,MANUAL (Remote),,0.0
2026-08-10T10:39:26.282,1786333166.282405,0.04399999976158142,6.8,-16.7,300.1,1525,1499,1525,1525,1499,1525,245,260,MANUAL (Remote),,0.0
2026-08-10T10:39:26.782,1786333166.782593,0.04500000178813934,6.4,-16.2,299.4,1517,1499,1517,1517,1499,1517,245,260,MANUAL (Remote),,0.0
2026-08-10T10:39:27.282,1786333167.282409,0.04500000178813934,5.6,-18.1,298.7,1517,1897,1517,1517,1100,1517,245,260,MANUAL (Remote),,-1.5
2026-08-10T10:39:27.782,1786333167.782495,0.04399999976158142,4.7,-16.5,289.4,1517,1499,1517,1517,1499,1517,245,260,MANUAL (Remote),,0.0
2026-08-10T10:39:28.282,1786333168.282417,0.0430000014603138,2.6,-12.8,278.9,1517,1900,1517,1517,1900,1517,245,260,MANUAL (Remote),,400.0
2026-08-10T10:39:28.782,1786333168.782394,0.05000000074505806,-2.1,-15.8,281.3,1517,1891,1517,1517,1221,1517,245,260,MANUAL (Remote),,56.0
2026-08-10T10:39:29.282,1786333169.28261,0.03700000047683716,2.3,-14.5,268.8,1517,1499,1517,1517,1499,1517,245,260,MANUAL (Remote),,0.0
2026-08-10T10:39:29.782,1786333169.782468,0.04100000113248825,1.8,-19.0,270.9,1517,1499,1517,1517,1499,1517,245,260,MANUAL (Remote),,0.0
2026-08-10T10:39:30.282,1786333170.282413,0.04399999976158142,-0.0,-17.8,276.3,1517,1499,1517,1517,1499,1517,245,250,MANUAL (Remote),,0.0
2026-08-10T10:39:30.782,1786333170.782434,0.04899999871850014,2.8,-15.4,281.4,1517,1499,1517,1517,1499,1517,245,250,MANUAL (Remote),,0.0
2026-08-10T10:39:31.282,1786333171.282442,0.03999999910593033,4.2,-15.0,281.0,1517,1499,1517,1517,1499,1517,245,250,MANUAL (Remote),,0.0
2026-08-10T10:39:31.782,1786333171.78244,0.04399999976158142,2.0,-17.0,277.1,1517,1499,1517,1517,1499,1517,245,275,MANUAL (Remote),,0.0
2026-08-10T10:39:32.282,1786333172.282574,0.04600000008940697,1.4,-18.7,277.8,1517,1499,1517,1517,1499,1517,245,330,MANUAL (Remote),,0.0
2026-08-10T10:39:32.782,1786333172.782421,0.04100000113248825,3.2,-18.3,280.1,1517,1499,1517,1517,1499,1517,245,315,MANUAL (Remote),,0.0
2026-08-10T10:39:33.282,1786333173.282454,0.04100000113248825,3.6,-17.2,282.8,1517,1499,1517,1517,1499,1517,245,270,MANUAL (Remote),,0.0
2026-08-10T10:39:33.782,1786333173.782448,0.05000000074505806,3.5,-16.8,285.2,1517,1499,1517,1517,1499,1517,245,220,MANUAL (Remote),,0.0
2026-08-10T10:39:34.282,1786333174.282449,0.04100000113248825,4.6,-17.0,287.5,1517,1133,1517,1517,1900,1517,245,205,MANUAL (Remote),,16.5
2026-08-10T10:39:34.782,1786333174.782427,0.029999999329447746,10.9,-23.2,310.6,1517,1114,1517,1517,1900,1517,245,205,MANUAL (Remote),,7.0
2026-08-10T10:39:35.282,1786333175.28254,0.027000000700354576,15.9,-25.7,330.7,1517,1114,1517,1517,1900,1517,245,205,MANUAL (Remote),,7.0
2026-08-10T10:39:35.782,1786333175.782407,0.028999999165534973,15.9,-23.9,344.2,1517,1114,1517,1517,1900,1517,245,205,MANUAL (Remote),,7.0
2026-08-10T10:39:36.282,1786333176.282448,0.02800000086426735,15.1,-23.9,355.3,1517,1114,1517,1517,1900,1517,245,205,MANUAL (Remote),,7.0
2026-08-10T10:39:36.782,1786333176.782467,0.027000000700354576,13.7,-21.3,6.7,1517,1114,1517,1517,1900,1517,245,205,MANUAL (Remote),,7.0
2026-08-10T10:39:37.282,1786333177.282446,0.03799999877810478,10.1,-18.1,5.5,1517,1795,1517,1517,1891,1517,245,205,MANUAL (Remote),,343.0
2026-08-10T10:39:37.782,1786333177.78238,0.05700000002980232,2.9,-6.9,355.1,1517,1807,1517,1517,1897,1517,245,205,MANUAL (Remote),,352.0
2026-08-10T10:39:38.282,1786333178.282418,0.05000000074505806,2.0,-8.4,349.7,1517,1811,1517,1517,1893,1517,245,205,MANUAL (Remote),,352.0
2026-08-10T10:39:38.782,1786333178.78244,0.04699999839067459,6.4,-13.1,345.1,1517,1823,1517,1517,1900,1517,245,205,MANUAL (Remote),,361.5
2026-08-10T10:39:39.282,1786333179.282406,0.04699999839067459,7.8,-13.2,342.6,1517,1499,1517,1517,1499,1517,245,205,MANUAL (Remote),,0.0
2026-08-10T10:39:39.782,1786333179.782414,0.03999999910593033,13.1,-11.3,338.4,1517,1227,1517,1517,1103,1517,245,205,MANUAL (Remote),,-335.0
2026-08-10T10:39:40.282,1786333180.282434,0.03200000151991844,15.9,-13.4,319.4,1517,1170,1517,1517,1100,1517,245,205,MANUAL (Remote),,-365.0
2026-08-10T10:39:40.782,1786333180.782434,0.024000000208616257,12.5,-14.2,313.2,1517,1612,1517,1517,1136,1517,245,205,MANUAL (Remote),,-126.0
2026-08-10T10:39:41.282,1786333181.282421,0.04800000041723251,3.6,-11.7,303.2,1517,1790,1517,1517,1102,1517,245,205,MANUAL (Remote),,-54.0
2026-08-10T10:39:41.782,1786333181.7824,0.04100000113248825,1.4,-3.9,288.2,1517,1500,1517,1517,1500,1517,245,205,MANUAL (Remote),,0.0
2026-08-10T10:39:42.282,1786333182.282419,0.041999999433755875,0.2,-14.8,291.3,1517,1499,1517,1517,1499,1517,245,205,MANUAL (Remote),,0.0
2026-08-10T10:39:42.782,1786333182.782353,0.04500000178813934,2.5,-22.9,296.1,1517,1756,1517,1517,1778,1517,245,205,MANUAL (Remote),,267.0
2026-08-10T10:39:43.282,1786333183.282404,0.0560000017285347,-1.8,-19.1,299.0,1517,1778,1517,1517,1788,1517,245,205,MANUAL (Remote),,283.0
2026-08-10T10:39:43.782,1786333183.782423,0.05299999937415123,-1.6,-17.6,299.1,1517,1793,1517,1517,1805,1517,245,205,MANUAL (Remote),,299.0
2026-08-10T10:39:44.282,1786333184.282424,0.04699999839067459,2.6,-19.2,300.4,1517,1562,1517,1517,1444,1517,245,205,MANUAL (Remote),,3.0
2026-08-10T10:39:44.782,1786333184.782431,0.03700000047683716,6.0,-16.6,287.3,1517,1900,1517,1517,1101,1517,245,205,MANUAL (Remote),,0.5
2026-08-10T10:39:45.282,1786333185.282425,0.0430000014603138,-1.2,-15.1,277.7,1517,1900,1517,1517,1893,1517,245,205,MANUAL (Remote),,396.5
2026-08-10T10:39:45.782,1786333185.782347,0.05299999937415123,-5.4,-18.2,280.9,1517,1852,1517,1517,1470,1517,245,205,MANUAL (Remote),,161.0
2026-08-10T10:39:46.282,1786333186.28236,0.04100000113248825,1.7,-16.1,276.7,1517,1854,1517,1517,1458,1517,245,205,MANUAL (Remote),,156.0
2026-08-10T10:39:46.782,1786333186.782398,0.04899999871850014,0.5,-15.5,268.6,1517,1867,1517,1517,1315,1517,245,205,MANUAL (Remote),,91.0
2026-08-10T10:39:47.282,1786333187.282363,0.03999999910593033,-2.4,-15.1,254.8,1517,1872,1517,1517,1304,1517,245,205,MANUAL (Remote),,88.0
2026-08-10T10:39:47.782,1786333187.782429,0.04899999871850014,-7.7,-18.0,251.3,1517,1900,1517,1517,1893,1517,245,205,MANUAL (Remote),,396.5
2026-08-10T10:39:48.282,1786333188.282419,0.03700000047683716,-4.2,-20.6,260.4,1517,1499,1517,1517,1499,1517,245,250,MANUAL (Remote),,0.0
2026-08-10T10:39:48.782,1786333188.782421,0.032999999821186066,0.0,-17.0,269.7,1517,1499,1517,1517,1499,1517,245,245,MANUAL (Remote),,0.0
2026-08-10T10:39:49.282,1786333189.28237,0.041999999433755875,-0.7,-14.8,275.1,1517,1499,1517,1517,1499,1517,245,205,MANUAL (Remote),,0.0
2026-08-10T10:39:49.782,1786333189.782403,0.04100000113248825,0.6,-16.4,280.3,1517,1499,1517,1517,1499,1517,245,185,MANUAL (Remote),,0.0
2026-08-10T10:39:50.282,1786333190.282505,0.04600000008940697,2.7,-18.9,284.7,1517,1592,1517,1517,1408,1517,245,185,MANUAL (Remote),,0.0
2026-08-10T10:39:50.782,1786333190.782371,0.04600000008940697,3.8,-19.1,288.1,1517,1499,1517,1517,1499,1517,245,200,MANUAL (Remote),,0.0
2026-08-10T10:39:51.282,1786333191.282469,0.0430000014603138,4.9,-16.2,291.2,1517,1499,1517,1517,1499,1517,245,230,MANUAL (Remote),,0.0
2026-08-10T10:39:51.782,1786333191.782685,0.04100000113248825,6.7,-15.5,293.3,1517,1499,1517,1517,1499,1517,245,190,MANUAL (Remote),,0.0
2026-08-10T10:39:52.282,1786333192.282515,0.041999999433755875,7.3,-18.2,295.2,1517,1499,1517,1517,1499,1517,245,135,MANUAL (Remote),,0.0
2026-08-10T10:39:52.782,1786333192.782421,0.04500000178813934,6.9,-17.8,296.5,1517,1499,1517,1517,1499,1517,245,130,MANUAL (Remote),,0.0
2026-08-10T10:39:53.282,1786333193.282416,0.04500000178813934,8.1,-15.1,297.9,1517,1499,1517,1517,1499,1517,245,100,MANUAL (Remote),,0.0
2026-08-10T10:39:53.782,1786333193.782437,0.04100000113248825,8.2,-14.5,298.6,1517,1899,1517,1517,1100,1517,245,100,MANUAL (Remote),,-0.5
2026-08-10T10:39:54.282,1786333194.282439,0.03999999910593033,7.9,-14.7,293.6,1517,1557,1517,1517,1555,1517,245,100,MANUAL (Remote),,56.0
2026-08-10T10:39:54.782,1786333194.782575,0.0430000014603138,2.1,-15.6,284.4,1517,1900,1517,1517,1900,1517,245,100,MANUAL (Remote),,400.0
2026-08-10T10:39:55.282,1786333195.282472,0.04699999839067459,-0.9,-17.5,282.4,1517,1900,1517,1517,1900,1517,245,100,MANUAL (Remote),,400.0
2026-08-10T10:39:55.782,1786333195.78236,0.04899999871850014,1.9,-17.5,283.2,1517,1900,1517,1517,1900,1517,245,100,MANUAL (Remote),,400.0
2026-08-10T10:39:56.282,1786333196.282388,0.04899999871850014,1.9,-18.4,283.4,1517,1900,1517,1517,1900,1517,245,100,MANUAL (Remote),,400.0
2026-08-10T10:39:56.782,1786333196.782449,0.04399999976158142,1.7,-17.6,285.0,1517,1900,1517,1517,1900,1517,245,100,MANUAL (Remote),,400.0
2026-08-10T10:39:57.282,1786333197.282568,0.0430000014603138,2.7,-16.9,286.2,1517,1900,1517,1517,1900,1517,245,100,MANUAL (Remote),,400.0
2026-08-10T10:39:57.782,1786333197.782681,0.052000001072883606,3.3,-14.7,288.6,1517,1900,1517,1517,1900,1517,245,100,MANUAL (Remote),,400.0
2026-08-10T10:39:58.282,1786333198.282464,0.04699999839067459,2.9,-15.4,290.3,1517,1900,1517,1517,1900,1517,245,100,MANUAL (Remote),,400.0
2026-08-10T10:39:58.782,1786333198.782551,0.04800000041723251,4.1,-19.1,289.3,1517,1499,1517,1517,1499,1517,245,100,MANUAL (Remote),,0.0
2026-08-10T10:39:59.282,1786333199.282363,0.041999999433755875,9.5,-19.7,289.8,1517,1499,1517,1517,1499,1517,245,100,MANUAL (Remote),,0.0
2026-08-10T10:39:59.782,1786333199.782544,0.04100000113248825,7.3,-16.4,291.9,1517,1883,1517,1517,1100,1517,245,100,MANUAL (Remote),,-8.5
2026-08-10T10:40:00.282,1786333200.282394,0.04600000008940697,5.7,-11.8,280.4,1517,1882,1517,1517,1100,1517,245,100,MANUAL (Remote),,-9.0
2026-08-10T10:40:00.782,1786333200.782364,0.035999998450279236,2.1,-11.0,260.5,1517,1635,1517,1517,1363,1517,245,100,MANUAL (Remote),,-1.0
2026-08-10T10:40:01.282,1786333201.282395,0.03799999877810478,-9.4,-19.6,264.9,1517,1900,1517,1517,1899,1517,245,100,MANUAL (Remote),,399.5
2026-08-10T10:40:01.782,1786333201.782387,0.05000000074505806,-17.1,-25.9,278.2,1517,1900,1517,1517,1899,1517,245,100,MANUAL (Remote),,399.5
2026-08-10T10:40:02.282,1786333202.28248,0.052000001072883606,-13.6,-23.4,283.1,1517,1820,1517,1517,1684,1517,245,100,MANUAL (Remote),,252.0
2026-08-10T10:40:02.782,1786333202.782432,0.041999999433755875,-5.4,-19.9,284.9,1517,1753,1517,1517,1429,1517,245,100,MANUAL (Remote),,91.0
2026-08-10T10:40:03.282,1786333203.282399,0.0430000014603138,-6.4,-20.4,285.2,1517,1750,1517,1517,1288,1517,245,100,MANUAL (Remote),,19.0
2026-08-10T10:40:03.782,1786333203.782435,0.0430000014603138,-9.2,-21.5,286.4,1517,1499,1517,1517,1499,1517,245,100,MANUAL (Remote),,0.0
2026-08-10T10:40:04.282,1786333204.282418,0.03999999910593033,-7.1,-23.6,294.2,1517,1499,1517,1517,1499,1517,245,100,MANUAL (Remote),,0.0
2026-08-10T10:40:04.782,1786333204.782432,0.04100000113248825,-4.8,-23.1,302.5,1517,1499,1517,1517,1499,1517,245,100,MANUAL (Remote),,0.0
2026-08-10T10:40:05.282,1786333205.282388,0.035999998450279236,-3.0,-22.5,308.9,1517,1899,1517,1517,1900,1517,245,100,MANUAL (Remote),,399.5
2026-08-10T10:40:05.782,1786333205.782357,0.050999999046325684,-6.1,-21.3,313.5,1517,1550,1517,1517,1550,1517,245,100,MANUAL (Remote),,50.0
2026-08-10T10:40:06.282,1786333206.282357,0.04399999976158142,1.5,-20.4,315.8,1517,1887,1517,1517,1100,1517,245,100,MANUAL (Remote),,-6.5
2026-08-10T10:40:06.782,1786333206.782428,0.029999999329447746,3.4,-17.6,307.1,1517,1898,1517,1517,1900,1517,245,100,MANUAL (Remote),,399.0
2026-08-10T10:40:07.282,1786333207.282422,0.057999998331069946,-8.3,-21.9,308.8,1517,1898,1517,1517,1900,1517,245,100,MANUAL (Remote),,399.0
2026-08-10T10:40:07.782,1786333207.782388,0.04600000008940697,-5.7,-21.5,311.1,1517,1852,1517,1517,1418,1517,245,100,MANUAL (Remote),,135.0
2026-08-10T10:40:08.282,1786333208.28241,0.035999998450279236,1.2,-22.0,305.4,1517,1873,1517,1517,1397,1517,245,100,MANUAL (Remote),,135.0
2026-08-10T10:40:08.782,1786333208.782447,0.04600000008940697,-3.6,-22.8,300.4,1517,1566,1517,1517,1496,1517,245,100,MANUAL (Remote),,33.0
2026-08-10T10:40:09.282,1786333209.282419,0.03700000047683716,-1.1,-24.9,303.7,1517,1100,1517,1517,1100,1517,245,100,MANUAL (Remote),,-400.0
2026-08-10T10:40:09.782,1786333209.782497,0.03400000184774399,3.7,-23.5,308.9,1517,1499,1517,1517,1499,1517,245,100,MANUAL (Remote),,0.0
2026-08-10T10:40:10.282,1786333210.282403,0.04800000041723251,0.2,-22.5,315.3,1517,1499,1517,1517,1499,1517,245,100,MANUAL (Remote),,0.0
2026-08-10T10:40:10.782,1786333210.782487,0.05900000035762787,-1.7,-17.6,323.6,1517,1499,1517,1517,1499,1517,245,100,MANUAL (Remote),,0.0
2026-08-10T10:40:11.282,1786333211.28249,0.03200000151991844,1.3,-23.8,328.5,1517,1499,1517,1517,1499,1517,245,100,MANUAL (Remote),,0.0
2026-08-10T10:40:11.782,1786333211.782415,0.026000000536441803,4.5,-18.1,330.8,1517,1499,1517,1517,1499,1517,245,100,MANUAL (Remote),,0.0
2026-08-10T10:40:12.282,1786333212.282411,0.035999998450279236,3.4,-14.3,333.0,1517,1499,1517,1517,1499,1517,245,100,MANUAL (Remote),,0.0
2026-08-10T10:40:12.782,1786333212.782419,0.027000000700354576,0.2,-15.4,328.1,1517,1499,1517,1517,1499,1517,245,100,MANUAL (Remote),,0.0
2026-08-10T10:40:13.282,1786333213.282738,0.020999999716877937,-2.6,-13.1,330.8,1517,1499,1517,1517,1499,1517,245,100,MANUAL (Remote),,0.0
2026-08-10T10:40:13.782,1786333213.782625,0.00800000037997961,-5.2,-8.9,337.9,1517,1499,1517,1517,1499,1517,245,100,MANUAL (Remote),,0.0
2026-08-10T10:40:14.282,1786333214.282416,-0.004000000189989805,2.0,-9.1,333.2,1517,1499,1517,1517,1499,1517,245,100,MANUAL (Remote),,0.0
2026-08-10T10:40:14.782,1786333214.782353,-0.041999999433755875,4.5,-15.0,340.1,1517,1499,1517,1517,1499,1517,245,100,MANUAL (Remote),,0.0
2026-08-10T10:40:15.282,1786333215.282445,-0.041999999433755875,3.2,-15.0,352.6,1517,1499,1517,1517,1499,1517,245,100,MANUAL (Remote),,0.0
2026-08-10T10:40:15.782,1786333215.782574,-0.0430000014603138,2.9,-18.1,358.0,1517,1499,1517,1517,1499,1517,245,100,MANUAL (Remote),,0.0
2026-08-10T10:40:16.282,1786333216.28255,-0.0430000014603138,7.2,-11.5,6.6,1517,1499,1517,1517,1499,1517,245,100,MANUAL (Remote),,0.0
2026-08-10T10:40:16.782,1786333216.782458,-0.04500000178813934,5.1,-2.6,9.3,1517,1499,1517,1517,1499,1517,245,100,MANUAL (Remote),,0.0
2026-08-10T10:40:17.282,1786333217.282423,-0.04699999839067459,8.3,0.8,5.5,1517,1499,1517,1517,1499,1517,245,100,MANUAL (Remote),,0.0
2026-08-10T10:40:17.782,1786333217.782491,-0.0430000014603138,6.2,7.2,7.7,1517,1499,1517,1517,1499,1517,245,100,MANUAL (Remote),,0.0
2026-08-10T10:40:18.282,1786333218.28245,-0.041999999433755875,4.4,8.8,3.3,1517,1499,1517,1517,1499,1517,245,100,MANUAL (Remote),,0.0
2026-08-10T10:40:18.782,1786333218.782498,-0.04899999871850014,2.6,10.2,358.7,1517,1499,1517,1517,1499,1517,245,100,MANUAL (Remote),,0.0
2026-08-10T10:40:19.282,1786333219.282443,-0.04500000178813934,1.9,9.5,354.1,1517,1499,1517,1517,1499,1517,245,100,MANUAL (Remote),,0.0
2026-08-10T10:40:19.782,1786333219.78244,-0.04100000113248825,1.6,7.5,350.5,1517,1499,1517,1517,1499,1517,245,100,MANUAL (Remote),,0.0
2026-08-10T10:40:20.282,1786333220.282762,-0.04699999839067459,1.1,6.3,347.3,1517,1499,1517,1517,1499,1517,245,100,MANUAL (Remote),,0.0
2026-08-10T10:40:20.782,1786333220.782418,-0.04399999976158142,1.4,6.9,344.1,1517,1499,1517,1517,1499,1517,245,100,MANUAL (Remote),,0.0
2026-08-10T10:40:21.282,1786333221.282505,-0.041999999433755875,2.3,10.6,340.5,1517,1499,1517,1517,1499,1517,245,100,MANUAL (Remote),,0.0
2026-08-10T10:40:21.782,1786333221.78236,-0.04500000178813934,-0.7,13.0,336.9,1517,1499,1517,1517,1499,1517,245,100,MANUAL (Remote),,0.0
2026-08-10T10:40:22.282,1786333222.282439,-0.04399999976158142,2.8,13.4,336.7,1517,1499,1517,1517,1499,1517,245,100,MANUAL (Remote),,0.0
2026-08-10T10:40:22.782,1786333222.782457,-0.03799999877810478,8.3,6.8,335.6,1517,1499,1517,1517,1499,1517,245,100,MANUAL (Remote),,0.0
2026-08-10T10:40:23.282,1786333223.282462,-0.0430000014603138,9.5,-4.8,332.6,1517,1499,1517,1517,1499,1517,245,100,MANUAL (Remote),,0.0
2026-08-10T10:40:23.782,1786333223.782415,-0.04600000008940697,22.1,-11.5,330.1,1517,1499,1517,1517,1499,1517,245,100,MANUAL (Remote),,0.0
2026-08-10T10:40:24.282,1786333224.282363,-0.041999999433755875,29.9,-12.7,327.6,1517,1499,1517,1517,1499,1517,245,100,MANUAL (Remote),,0.0
2026-08-10T10:40:24.782,1786333224.782428,-0.04500000178813934,29.9,-13.6,326.3,1517,1499,1517,1517,1499,1517,245,100,MANUAL (Remote),,0.0
2026-08-10T10:40:25.282,1786333225.282419,-0.04600000008940697,31.2,-14.3,325.0,1517,1499,1517,1517,1499,1517,245,100,MANUAL (Remote),,0.0
2026-08-10T10:40:25.782,1786333225.78241,-0.04100000113248825,26.7,-15.0,324.1,1517,1499,1517,1517,1499,1517,245,100,MANUAL (Remote),,0.0
2026-08-10T10:40:26.282,1786333226.282392,-0.04600000008940697,17.6,-14.6,324.1,1517,1499,1517,1517,1499,1517,245,100,MANUAL (Remote),,0.0
2026-08-10T10:40:26.782,1786333226.782409,-0.04600000008940697,7.2,-14.7,323.6,1517,1499,1517,1517,1499,1517,245,100,MANUAL (Remote),,0.0
2026-08-10T10:40:27.282,1786333227.282448,-0.04699999839067459,6.4,-13.7,322.5,1517,1499,1517,1517,1499,1517,245,100,MANUAL (Remote),,0.0
2026-08-10T10:40:27.782,1786333227.782416,-0.04699999839067459,6.2,-13.7,321.4,1517,1499,1517,1517,1499,1517,245,100,MANUAL (Remote),,0.0
2026-08-10T10:40:28.282,1786333228.282452,-0.04699999839067459,6.1,-14.0,320.6,1517,1499,1517,1517,1499,1517,245,100,MANUAL (Remote),,0.0
2026-08-10T10:40:28.782,1786333228.782413,-0.04699999839067459,6.0,-14.1,319.8,1517,1499,1517,1517,1499,1517,245,100,MANUAL (Remote),,0.0
2026-08-10T10:40:29.282,1786333229.282451,-0.04500000178813934,6.0,-14.3,319.2,1517,1499,1517,1517,1499,1517,245,100,MANUAL (Remote),,0.0
2026-08-10T10:40:29.782,1786333229.782376,-0.04600000008940697,5.8,-14.4,318.6,1517,1499,1517,1517,1499,1517,245,105,MANUAL (Remote),,0.0
2026-08-10T10:40:30.282,1786333230.282415,-0.04399999976158142,5.7,-14.5,318.1,1517,1499,1517,1517,1499,1517,245,85,MANUAL (Remote),,0.0
2026-08-10T10:40:30.782,1786333230.782403,-0.04600000008940697,5.6,-14.7,317.8,1517,1499,1517,1517,1499,1517,245,35,MANUAL (Remote),,0.0
2026-08-10T10:40:31.282,1786333231.282416,-0.04699999839067459,5.5,-14.9,317.6,1517,1499,1517,1517,1499,1517,245,15,MANUAL (Remote),,0.0
2026-08-10T10:40:31.782,1786333231.782367,-0.04399999976158142,5.4,-15.0,317.4,1517,1499,1517,1517,1499,1517,245,15,MANUAL (Remote),,0.0
2026-08-10T10:40:32.282,1786333232.28241,-0.0430000014603138,5.4,-15.1,317.1,1517,1499,1517,1517,1499,1517,245,15,MANUAL (Remote),,0.0
2026-08-10T10:40:32.782,1786333232.782397,-0.041999999433755875,5.3,-15.2,317.0,1517,1499,1517,1517,1499,1517,245,15,MANUAL (Remote),,0.0
2026-08-10T10:40:33.282,1786333233.282438,-0.04899999871850014,5.1,-15.2,317.1,1517,1499,1517,1517,1499,1517,245,15,MANUAL (Remote),,0.0
2026-08-10T10:40:33.782,1786333233.78245,-0.04600000008940697,5.0,-15.3,317.1,1517,1499,1517,1517,1499,1517,245,15,MANUAL (Remote),,0.0
2026-08-10T10:40:34.282,1786333234.282475,-0.04800000041723251,5.1,-15.3,317.0,1517,1499,1517,1517,1499,1517,245,55,MANUAL (Remote),,0.0
2026-08-10T10:40:34.782,1786333234.782365,-0.04600000008940697,5.2,-15.2,316.7,1517,1499,1517,1517,1499,1517,245,55,MANUAL (Remote),,0.0
2026-08-10T10:40:35.282,1786333235.282432,-0.04899999871850014,5.2,-15.1,316.7,1517,1499,1517,1517,1499,1517,245,5,MANUAL (Remote),,0.0
2026-08-10T10:40:35.782,1786333235.782421,-0.04600000008940697,5.0,-15.3,316.9,1517,1499,1517,1517,1499,1517,245,0,MANUAL (Remote),,0.0
2026-08-10T10:40:36.282,1786333236.282439,-0.04100000113248825,4.9,-15.3,316.7,1517,1499,1517,1517,1499,1517,245,0,MANUAL (Remote),,0.0
2026-08-10T10:40:36.782,1786333236.782432,-0.04100000113248825,5.0,-15.3,316.6,1517,1499,1517,1517,1499,1517,245,0,MANUAL (Remote),,0.0
2026-08-10T10:40:37.282,1786333237.282553,-0.04500000178813934,5.1,-15.3,316.5,1517,1499,1517,1517,1499,1517,245,50,MANUAL (Remote),,0.0
2026-08-10T10:40:37.782,1786333237.78266,-0.041999999433755875,5.1,-15.3,316.5,1517,1499,1517,1517,1499,1517,245,100,MANUAL (Remote),,0.0
2026-08-10T10:40:38.282,1786333238.282428,-0.04600000008940697,5.0,-15.4,316.5,1517,1499,1517,1517,1499,1517,245,150,MANUAL (Remote),,0.0
2026-08-10T10:40:38.782,1786333238.782426,-0.0430000014603138,4.9,-15.3,316.5,1517,1499,1517,1517,1499,1517,245,185,MANUAL (Remote),,0.0
2026-08-10T10:40:39.282,1786333239.28247,-0.04899999871850014,4.9,-15.3,316.3,1517,1499,1517,1517,1499,1517,245,185,MANUAL (Remote),,0.0
2026-08-10T10:40:39.782,1786333239.782468,-0.04699999839067459,4.9,-15.4,316.2,1517,1499,1517,1517,1499,1517,245,185,MANUAL (Remote),,0.0
2026-08-10T10:40:40.282,1786333240.282419,-0.04600000008940697,4.8,-15.5,316.3,1517,1499,1517,1517,1499,1517,245,170,MANUAL (Remote),,0.0
2026-08-10T10:40:40.782,1786333240.78261,-0.04100000113248825,4.9,-15.4,316.2,1517,1499,1517,1517,1499,1517,245,170,MANUAL (Remote),,0.0
2026-08-10T10:40:41.282,1786333241.282554,-0.04399999976158142,5.1,-15.4,316.2,1517,1499,1517,1517,1499,1517,245,160,MANUAL (Remote),,0.0
2026-08-10T10:40:41.782,1786333241.782412,-0.04500000178813934,5.0,-15.7,316.5,1517,1499,1517,1517,1499,1517,245,175,MANUAL (Remote),,0.0
2026-08-10T10:40:42.282,1786333242.282419,-0.04399999976158142,5.0,-15.6,316.3,1517,1499,1517,1517,1499,1517,245,170,MANUAL (Remote),,0.0
2026-08-10T10:40:42.782,1786333242.782405,-0.0430000014603138,5.1,-15.4,316.2,1517,1499,1517,1517,1499,1517,245,160,MANUAL (Remote),,0.0
2026-08-10T10:40:43.282,1786333243.282768,-0.04699999839067459,5.1,-15.3,316.0,1517,1499,1517,1517,1499,1517,245,160,MANUAL (Remote),,0.0
2026-08-10T10:40:43.782,1786333243.782587,-0.0430000014603138,5.0,-15.4,316.0,1517,1499,1517,1517,1499,1517,245,160,MANUAL (Remote),,0.0
2026-08-10T10:40:44.282,1786333244.282367,-0.04399999976158142,5.0,-15.5,316.0,1517,1499,1517,1517,1499,1517,245,160,MANUAL (Remote),,0.0
2026-08-10T10:40:44.782,1786333244.782378,-0.041999999433755875,5.0,-15.5,316.2,1517,1499,1517,1517,1499,1517,245,160,MANUAL (Remote),,0.0
2026-08-10T10:40:45.282,1786333245.282432,-0.052000001072883606,5.0,-15.4,316.0,1517,1499,1517,1517,1499,1517,245,160,MANUAL (Remote),,0.0
2026-08-10T10:40:45.782,1786333245.782369,-0.04800000041723251,4.9,-15.5,316.2,1517,1499,1517,1517,1499,1517,245,160,MANUAL (Remote),,0.0
2026-08-10T10:40:46.282,1786333246.282594,-0.04800000041723251,4.8,-15.6,316.4,1517,1499,1517,1517,1499,1517,245,160,MANUAL (Remote),,0.0
2026-08-10T10:40:46.782,1786333246.782419,-0.04399999976158142,4.8,-15.6,316.6,1520,1499,1520,1520,1499,1520,245,160,MANUAL (Remote),,0.0
2026-08-10T10:40:47.282,1786333247.28236,-0.04699999839067459,4.7,-15.7,316.7,1530,1499,1530,1530,1499,1530,245,160,MANUAL (Remote),,0.0
2026-08-10T10:40:47.782,1786333247.78242,-0.04899999871850014,4.9,-15.6,316.3,1544,1499,1544,1544,1499,1544,245,160,MANUAL (Remote),,0.0
2026-08-10T10:40:48.282,1786333248.282439,-0.052000001072883606,4.7,-15.6,316.5,1534,1499,1534,1534,1499,1534,245,160,MANUAL (Remote),,0.0
2026-08-10T10:40:48.782,1786333248.78243,-0.04399999976158142,5.0,-15.6,316.5,1518,1499,1518,1518,1499,1518,245,160,MANUAL (Remote),,0.0
2026-08-10T10:40:49.282,1786333249.282447,-0.04399999976158142,4.9,-15.5,316.5,1503,1499,1503,1503,1499,1503,245,160,MANUAL (Remote),,0.0
2026-08-10T10:40:49.782,1786333249.782413,-0.0430000014603138,4.9,-15.5,316.6,1491,1499,1491,1491,1499,1491,245,160,MANUAL (Remote),,0.0
2026-08-10T10:40:50.282,1786333250.282418,-0.04399999976158142,4.9,-15.5,316.6,1491,1499,1491,1491,1499,1491,245,160,MANUAL (Remote),,0.0
2026-08-10T10:40:50.782,1786333250.782419,-0.04899999871850014,5.0,-15.5,316.7,1499,1499,1499,1499,1499,1499,245,160,MANUAL (Remote),,0.0
2026-08-10T10:40:51.282,1786333251.282419,-0.04500000178813934,5.0,-15.5,316.7,1499,1499,1499,1499,1499,1499,245,160,MANUAL (Remote),,0.0
2026-08-10T10:40:51.782,1786333251.78243,-0.04800000041723251,5.0,-15.5,316.7,1499,1499,1499,1499,1499,1499,245,160,MANUAL (Remote),,0.0
2026-08-10T10:40:52.282,1786333252.282424,-0.04699999839067459,5.0,-15.5,316.6,1499,1499,1499,1499,1499,1499,245,160,MANUAL (Remote),,0.0
2026-08-10T10:40:52.782,1786333252.782438,-0.04399999976158142,5.0,-15.5,316.7,1499,1499,1499,1499,1499,1499,245,160,MANUAL (Remote),,0.0
2026-08-10T10:40:53.282,1786333253.282399,-0.04600000008940697,5.0,-15.4,316.6,1499,1499,1499,1499,1499,1499,245,160,MANUAL (Remote),,0.0
2026-08-10T10:40:53.782,1786333253.782408,-0.04600000008940697,5.0,-15.5,316.6,1499,1499,1499,1499,1499,1499,245,160,MANUAL (Remote),,0.0
2026-08-10T10:40:54.282,1786333254.282401,-0.04899999871850014,4.9,-15.5,316.6,1499,1499,1499,1499,1499,1499,245,160,MANUAL (Remote),,0.0
2026-08-10T10:40:54.782,1786333254.782411,-0.04500000178813934,4.9,-15.5,316.7,1499,1499,1499,1499,1499,1499,245,160,MANUAL (Remote),,0.0
2026-08-10T10:40:55.282,1786333255.282405,-0.04800000041723251,5.0,-15.4,316.6,1499,1499,1499,1499,1499,1499,245,160,MANUAL (Remote),,0.0
2026-08-10T10:40:55.782,1786333255.782622,-0.04399999976158142,4.9,-15.4,316.7,1499,1499,1499,1499,1499,1499,245,160,MANUAL (Remote),,0.0
2026-08-10T10:40:56.282,1786333256.282417,-0.04600000008940697,4.9,-15.3,316.7,1499,1499,1499,1499,1499,1499,245,160,MANUAL (Remote),,0.0
2026-08-10T10:40:56.782,1786333256.782498,-0.04800000041723251,4.9,-15.4,316.7,1499,1499,1499,1499,1499,1499,245,160,MANUAL (Remote),,0.0
2026-08-10T10:40:57.282,1786333257.282446,-0.05000000074505806,4.9,-15.4,316.7,1499,1499,1499,1499,1499,1499,245,160,MANUAL (Remote),,0.0
2026-08-10T10:40:57.782,1786333257.782428,-0.04800000041723251,4.9,-15.3,316.7,1499,1499,1499,1499,1499,1499,245,160,MANUAL (Remote),,0.0
2026-08-10T10:40:58.282,1786333258.282449,-0.04699999839067459,4.9,-15.3,316.7,1499,1499,1499,1499,1499,1499,245,160,MANUAL (Remote),,0.0
2026-08-10T10:40:58.782,1786333258.782455,-0.05000000074505806,4.9,-15.4,316.7,1499,1499,1499,1499,1499,1499,245,160,MANUAL (Remote),,0.0
2026-08-10T10:40:59.282,1786333259.28245,-0.04899999871850014,4.8,-15.4,316.7,1499,1499,1499,1499,1499,1499,245,160,MANUAL (Remote),,0.0
2026-08-10T10:40:59.782,1786333259.782446,-0.04500000178813934,4.9,-15.3,316.7,1499,1499,1499,1499,1499,1499,245,160,MANUAL (Remote),,0.0
2026-08-10T10:41:00.282,1786333260.282394,-0.04600000008940697,5.0,-15.3,316.7,1499,1499,1499,1499,1499,1499,245,160,MANUAL (Remote),,0.0
2026-08-10T10:41:00.782,1786333260.782621,-0.04699999839067459,4.9,-15.4,316.8,1499,1499,1499,1499,1499,1499,245,160,MANUAL (Remote),,0.0
2026-08-10T10:41:01.282,1786333261.28244,-0.04399999976158142,5.0,-15.4,316.7,1499,1499,1499,1499,1499,1499,245,160,MANUAL (Remote),,0.0
2026-08-10T10:41:01.782,1786333261.78243,-0.052000001072883606,4.9,-15.5,316.7,1499,1499,1499,1499,1499,1499,245,160,MANUAL (Remote),,0.0
2026-08-10T10:41:02.282,1786333262.282422,-0.04600000008940697,5.0,-15.5,316.7,1499,1499,1499,1499,1499,1499,245,160,MANUAL (Remote),,0.0
2026-08-10T10:41:02.782,1786333262.78275,-0.05299999937415123,5.0,-15.5,316.7,1499,1499,1499,1499,1499,1499,245,160,MANUAL (Remote),,0.0
2026-08-10T10:41:03.282,1786333263.282555,-0.04699999839067459,5.0,-15.4,316.6,1499,1499,1499,1499,1499,1499,245,160,MANUAL (Remote),,0.0
2026-08-10T10:41:03.782,1786333263.782584,-0.05400000140070915,5.0,-15.4,316.7,1499,1499,1499,1499,1499,1499,245,160,MANUAL (Remote),,0.0
2026-08-10T10:41:04.282,1786333264.282538,-0.04699999839067459,5.0,-15.4,316.7,1499,1499,1499,1499,1499,1499,245,160,MANUAL (Remote),,0.0
2026-08-10T10:41:04.782,1786333264.782476,-0.05299999937415123,5.0,-15.4,316.7,1499,1499,1499,1499,1499,1499,245,160,MANUAL (Remote),,0.0
2026-08-10T10:41:05.282,1786333265.282405,-0.04899999871850014,5.0,-15.4,316.7,1499,1499,1499,1499,1499,1499,245,160,MANUAL (Remote),,0.0
2026-08-10T10:41:05.782,1786333265.782426,-0.04800000041723251,5.0,-15.4,316.7,1499,1499,1499,1499,1499,1499,245,160,MANUAL (Remote),,0.0
2026-08-10T10:41:06.282,1786333266.282399,-0.052000001072883606,5.0,-15.3,316.7,1499,1499,1499,1499,1499,1499,245,160,MANUAL (Remote),,0.0
2026-08-10T10:41:06.782,1786333266.782453,-0.04800000041723251,4.9,-15.4,316.7,1499,1499,1499,1499,1499,1499,245,135,MANUAL (Remote),,0.0
2026-08-10T10:41:07.282,1786333267.282379,-0.05299999937415123,4.9,-15.4,316.7,1499,1499,1499,1499,1499,1499,245,130,MANUAL (Remote),,0.0
2026-08-10T10:41:07.782,1786333267.78239,-0.0430000014603138,5.0,-15.3,316.7,1499,1499,1499,1499,1499,1499,245,170,MANUAL (Remote),,0.0
2026-08-10T10:41:08.282,1786333268.282442,-0.052000001072883606,4.8,-15.3,316.7,1499,1499,1499,1499,1499,1499,245,145,MANUAL (Remote),,0.0
2026-08-10T10:41:08.782,1786333268.782432,-0.050999999046325684,4.8,-15.3,316.8,1499,1499,1499,1499,1499,1499,245,170,MANUAL (Remote),,0.0
2026-08-10T10:41:09.282,1786333269.282416,-0.04899999871850014,5.0,-15.4,316.7,1499,1499,1499,1499,1499,1499,245,170,MANUAL (Remote),,0.0
2026-08-10T10:41:09.782,1786333269.782474,-0.04800000041723251,5.0,-15.4,316.7,1499,1499,1499,1499,1499,1499,245,145,MANUAL (Remote),,0.0
2026-08-10T10:41:10.282,1786333270.282435,-0.05000000074505806,5.0,-15.4,316.7,1499,1499,1499,1499,1499,1499,245,135,MANUAL (Remote),,0.0
2026-08-10T10:41:10.782,1786333270.78243,-0.05000000074505806,5.0,-15.5,316.7,1499,1499,1499,1499,1499,1499,245,145,MANUAL (Remote),,0.0
2026-08-10T10:41:11.282,1786333271.28241,-0.04699999839067459,5.2,-15.4,316.6,1499,1499,1499,1499,1499,1499,245,130,MANUAL (Remote),,0.0
2026-08-10T10:41:11.782,1786333271.782402,-0.050999999046325684,5.1,-15.5,316.7,1499,1499,1499,1499,1499,1499,245,130,MANUAL (Remote),,0.0
2026-08-10T10:41:12.282,1786333272.282415,-0.04899999871850014,5.3,-15.4,316.6,1499,1499,1499,1499,1499,1499,245,125,MANUAL (Remote),,0.0
2026-08-10T10:41:12.782,1786333272.782439,-0.05400000140070915,4.9,-15.4,316.7,1499,1499,1499,1499,1499,1499,245,160,MANUAL (Remote),,0.0
2026-08-10T10:41:13.282,1786333273.282414,-0.05299999937415123,5.1,-15.4,316.6,1499,1499,1499,1499,1499,1499,245,160,MANUAL (Remote),,0.0
2026-08-10T10:41:13.782,1786333273.78241,-0.050999999046325684,5.0,-15.4,316.7,1499,1499,1499,1499,1499,1499,245,175,MANUAL (Remote),,0.0
2026-08-10T10:41:14.282,1786333274.282374,-0.04899999871850014,5.1,-15.4,316.7,1499,1499,1499,1499,1499,1499,245,175,MANUAL (Remote),,0.0
2026-08-10T10:41:14.782,1786333274.782401,-0.05299999937415123,5.1,-15.4,316.8,1499,1499,1499,1499,1499,1499,245,175,MANUAL (Remote),,0.0
2026-08-10T10:41:15.282,1786333275.282433,-0.04899999871850014,5.0,-15.4,316.8,1499,1499,1499,1499,1499,1499,245,175,MANUAL (Remote),,0.0
2026-08-10T10:41:15.782,1786333275.7825,-0.050999999046325684,5.0,-15.4,316.8,1499,1499,1499,1499,1499,1499,245,175,MANUAL (Remote),,0.0
2026-08-10T10:41:16.282,1786333276.282417,-0.04699999839067459,5.0,-15.4,316.7,1499,1499,1499,1499,1499,1499,245,175,MANUAL (Remote),,0.0
2026-08-10T10:41:16.782,1786333276.782417,-0.052000001072883606,5.0,-15.4,316.8,1499,1499,1499,1499,1499,1499,245,175,MANUAL (Remote),,0.0
2026-08-10T10:41:17.282,1786333277.282461,-0.04800000041723251,5.1,-15.5,316.7,1499,1499,1499,1499,1499,1499,245,175,MANUAL (Remote),,0.0
2026-08-10T10:41:17.782,1786333277.782512,-0.05400000140070915,5.0,-15.5,316.7,1499,1499,1499,1499,1499,1499,245,175,MANUAL (Remote),,0.0
2026-08-10T10:41:18.282,1786333278.282423,-0.052000001072883606,5.0,-15.5,316.7,1499,1499,1499,1499,1499,1499,245,175,MANUAL (Remote),,0.0
2026-08-10T10:41:18.782,1786333278.78258,-0.0560000017285347,5.1,-15.4,316.7,1499,1499,1499,1499,1499,1499,245,175,MANUAL (Remote),,0.0
2026-08-10T10:41:19.282,1786333279.282655,-0.050999999046325684,5.0,-15.4,316.8,1499,1499,1499,1499,1499,1499,245,175,MANUAL (Remote),,0.0
2026-08-10T10:41:19.782,1786333279.782561,-0.054999999701976776,5.0,-15.4,316.8,1499,1499,1499,1499,1499,1499,245,175,MANUAL (Remote),,0.0
2026-08-10T10:41:20.282,1786333280.282449,-0.052000001072883606,5.0,-15.4,316.8,1499,1499,1499,1499,1499,1499,245,175,MANUAL (Remote),,0.0
2026-08-10T10:41:20.782,1786333280.782471,-0.052000001072883606,5.0,-15.3,316.8,1499,1499,1499,1499,1499,1499,245,175,MANUAL (Remote),,0.0
2026-08-10T10:41:21.282,1786333281.282536,-0.04800000041723251,5.0,-15.4,316.7,1499,1499,1499,1499,1499,1499,245,175,MANUAL (Remote),,0.0
2026-08-10T10:41:21.782,1786333281.78247,-0.050999999046325684,5.0,-15.5,316.7,1499,1499,1499,1499,1499,1499,245,175,MANUAL (Remote),,0.0
2026-08-10T10:41:22.282,1786333282.282453,-0.052000001072883606,5.0,-15.5,316.7,1499,1499,1499,1499,1499,1499,245,175,MANUAL (Remote),,0.0
2026-08-10T10:41:22.782,1786333282.782464,-0.05700000002980232,5.0,-15.4,316.7,1499,1499,1499,1499,1499,1499,245,175,MANUAL (Remote),,0.0
2026-08-10T10:41:23.282,1786333283.282444,-0.052000001072883606,5.0,-15.4,316.7,1499,1499,1499,1499,1499,1499,245,175,MANUAL (Remote),,0.0
2026-08-10T10:41:23.782,1786333283.782532,-0.0560000017285347,4.9,-15.4,316.8,1499,1499,1499,1499,1499,1499,245,175,MANUAL (Remote),,0.0
2026-08-10T10:41:24.282,1786333284.282538,-0.05299999937415123,5.0,-15.4,316.7,1499,1499,1499,1499,1499,1499,245,175,MANUAL (Remote),,0.0
2026-08-10T10:41:24.782,1786333284.782486,-0.050999999046325684,4.9,-15.4,316.7,1499,1499,1499,1499,1499,1499,245,175,MANUAL (Remote),,0.0
2026-08-10T10:41:25.282,1786333285.282386,-0.04800000041723251,4.9,-15.4,316.7,1499,1499,1499,1499,1499,1499,245,175,MANUAL (Remote),,0.0
2026-08-10T10:41:25.782,1786333285.782476,-0.05299999937415123,5.0,-15.5,316.7,1499,1499,1499,1499,1499,1499,245,175,MANUAL (Remote),,0.0
2026-08-10T10:41:26.282,1786333286.282538,-0.057999998331069946,5.0,-15.5,316.7,1499,1499,1499,1499,1499,1499,245,175,MANUAL (Remote),,0.0
2026-08-10T10:41:26.782,1786333286.782473,-0.052000001072883606,5.0,-15.5,316.7,1499,1499,1499,1499,1499,1499,245,175,MANUAL (Remote),,0.0
2026-08-10T10:41:27.282,1786333287.282443,-0.05299999937415123,5.0,-15.5,316.7,1499,1499,1499,1499,1499,1499,245,175,MANUAL (Remote),,0.0
2026-08-10T10:41:27.782,1786333287.782445,-0.0560000017285347,5.0,-15.5,316.7,1499,1499,1499,1499,1499,1499,245,175,MANUAL (Remote),,0.0
2026-08-10T10:41:28.282,1786333288.282476,-0.054999999701976776,4.9,-15.4,316.7,1499,1499,1499,1499,1499,1499,245,175,MANUAL (Remote),,0.0
2026-08-10T10:41:28.782,1786333288.782447,-0.05400000140070915,5.0,-15.4,316.7,1499,1499,1499,1499,1499,1499,245,175,MANUAL (Remote),,0.0
2026-08-10T10:41:29.282,1786333289.282402,-0.05400000140070915,4.9,-15.4,316.7,1499,1499,1499,1499,1499,1499,245,175,MANUAL (Remote),,0.0
2026-08-10T10:41:29.782,1786333289.782422,-0.04699999839067459,5.0,-15.4,316.7,1499,1499,1499,1499,1499,1499,245,175,MANUAL (Remote),,0.0
2026-08-10T10:41:30.282,1786333290.282401,-0.05400000140070915,4.9,-15.4,316.8,1499,1499,1499,1499,1499,1499,245,175,MANUAL (Remote),,0.0
2026-08-10T10:41:30.782,1786333290.782418,-0.0560000017285347,5.0,-15.4,316.7,1499,1499,1499,1499,1499,1499,245,160,MANUAL (Remote),,0.0
2026-08-10T10:41:31.282,1786333291.282401,-0.050999999046325684,5.0,-15.5,316.7,1499,1499,1499,1499,1499,1499,245,175,MANUAL (Remote),,0.0
2026-08-10T10:41:31.782,1786333291.782437,-0.05299999937415123,5.0,-15.4,316.8,1499,1499,1499,1499,1499,1499,245,175,MANUAL (Remote),,0.0
2026-08-10T10:41:32.282,1786333292.28241,-0.050999999046325684,5.0,-15.3,316.8,1499,1499,1499,1499,1499,1499,245,175,MANUAL (Remote),,0.0
2026-08-10T10:41:32.782,1786333292.782406,-0.05400000140070915,5.0,-15.4,316.7,1499,1499,1499,1499,1499,1499,245,175,MANUAL (Remote),,0.0
2026-08-10T10:41:33.282,1786333293.282443,-0.054999999701976776,5.0,-15.4,316.8,1499,1499,1499,1499,1499,1499,245,175,MANUAL (Remote),,0.0
2026-08-10T10:41:33.782,1786333293.782399,-0.05400000140070915,5.0,-15.4,316.8,1499,1499,1499,1499,1499,1499,245,175,MANUAL (Remote),,0.0
2026-08-10T10:41:34.282,1786333294.282382,-0.050999999046325684,5.0,-15.5,316.8,1499,1499,1499,1499,1499,1499,245,175,MANUAL (Remote),,0.0
2026-08-10T10:41:34.782,1786333294.78238,-0.054999999701976776,5.0,-15.4,316.8,1499,1499,1499,1499,1499,1499,245,175,MANUAL (Remote),,0.0
2026-08-10T10:41:35.282,1786333295.282414,-0.052000001072883606,5.0,-15.5,316.7,1499,1499,1499,1499,1499,1499,245,175,MANUAL (Remote),,0.0
2026-08-10T10:41:35.782,1786333295.78242,-0.05299999937415123,5.0,-15.5,316.7,1499,1499,1499,1499,1499,1499,245,175,MANUAL (Remote),,0.0
2026-08-10T10:41:36.282,1786333296.282391,-0.052000001072883606,4.9,-15.5,316.7,1499,1499,1499,1499,1499,1499,245,175,MANUAL (Remote),,0.0
2026-08-10T10:41:36.782,1786333296.782385,-0.05000000074505806,4.9,-15.4,316.7,1499,1499,1499,1499,1499,1499,245,175,MANUAL (Remote),,0.0
2026-08-10T10:41:37.282,1786333297.28242,-0.05299999937415123,4.9,-15.4,316.7,1499,1499,1499,1499,1499,1499,245,175,MANUAL (Remote),,0.0
2026-08-10T10:41:37.782,1786333297.782464,-0.054999999701976776,4.9,-15.5,316.6,1499,1499,1499,1499,1499,1499,245,175,MANUAL (Remote),,0.0
2026-08-10T10:41:38.282,1786333298.282393,-0.05000000074505806,5.0,-15.4,316.7,1499,1499,1499,1499,1499,1499,245,175,MANUAL (Remote),,0.0
2026-08-10T10:41:38.782,1786333298.782423,-0.054999999701976776,5.0,-15.5,316.6,1499,1499,1499,1499,1499,1499,245,175,MANUAL (Remote),,0.0
2026-08-10T10:41:39.282,1786333299.282424,-0.05400000140070915,5.0,-15.5,316.7,1499,1499,1499,1499,1499,1499,245,175,MANUAL (Remote),,0.0
2026-08-10T10:41:39.782,1786333299.782452,-0.052000001072883606,5.0,-15.5,316.7,1499,1499,1499,1499,1499,1499,245,175,MANUAL (Remote),,0.0
2026-08-10T10:41:40.282,1786333300.282436,-0.050999999046325684,5.0,-15.4,316.8,1499,1499,1499,1499,1499,1499,245,175,MANUAL (Remote),,0.0
2026-08-10T10:41:40.782,1786333300.78244,-0.0560000017285347,5.0,-15.4,316.7,1499,1499,1499,1499,1499,1499,245,175,MANUAL (Remote),,0.0
2026-08-10T10:41:41.282,1786333301.282414,-0.061000000685453415,5.0,-15.4,316.7,1499,1499,1499,1499,1499,1499,245,175,MANUAL (Remote),,0.0
2026-08-10T10:41:41.782,1786333301.782408,-0.05400000140070915,5.1,-15.4,316.7,1499,1499,1499,1499,1499,1499,245,175,MANUAL (Remote),,0.0
2026-08-10T10:41:42.282,1786333302.282504,-0.0560000017285347,5.0,-15.5,316.8,1499,1499,1499,1499,1499,1499,245,175,MANUAL (Remote),,0.0
2026-08-10T10:41:42.782,1786333302.782488,-0.05299999937415123,5.0,-15.5,316.8,1499,1499,1499,1499,1499,1499,245,175,MANUAL (Remote),,0.0
2026-08-10T10:41:43.282,1786333303.282687,-0.05299999937415123,5.0,-15.5,316.8,1499,1499,1499,1499,1499,1499,245,175,MANUAL (Remote),,0.0
2026-08-10T10:41:43.782,1786333303.782523,-0.052000001072883606,5.0,-15.4,316.7,1499,1499,1499,1499,1499,1499,245,175,MANUAL (Remote),,0.0
2026-08-10T10:41:44.282,1786333304.282411,-0.052000001072883606,5.0,-15.4,316.8,1499,1499,1499,1499,1499,1499,245,175,MANUAL (Remote),,0.0
2026-08-10T10:41:44.782,1786333304.782567,-0.054999999701976776,4.9,-15.4,316.8,1499,1499,1499,1499,1499,1499,245,175,MANUAL (Remote),,0.0
2026-08-10T10:41:45.282,1786333305.282454,-0.0560000017285347,4.9,-15.5,316.8,1499,1499,1499,1499,1499,1499,245,175,MANUAL (Remote),,0.0
2026-08-10T10:41:45.782,1786333305.782428,-0.057999998331069946,4.9,-15.4,316.8,1499,1499,1499,1499,1499,1499,245,175,MANUAL (Remote),,0.0
2026-08-10T10:41:46.282,1786333306.282529,-0.05299999937415123,4.9,-15.4,316.8,1499,1499,1499,1499,1499,1499,245,175,MANUAL (Remote),,0.0
2026-08-10T10:41:46.782,1786333306.782554,-0.054999999701976776,5.0,-15.4,316.7,1499,1499,1499,1499,1499,1499,245,175,MANUAL (Remote),,0.0
2026-08-10T10:41:47.282,1786333307.28246,-0.05400000140070915,5.0,-15.5,316.8,1499,1499,1499,1499,1499,1499,245,175,MANUAL (Remote),,0.0
2026-08-10T10:41:47.782,1786333307.782451,-0.0560000017285347,5.0,-15.4,316.8,1499,1499,1499,1499,1499,1499,245,175,MANUAL (Remote),,0.0
2026-08-10T10:41:48.282,1786333308.28245,-0.054999999701976776,5.0,-15.4,316.7,1499,1499,1499,1499,1499,1499,245,175,MANUAL (Remote),,0.0
2026-08-10T10:41:48.782,1786333308.782593,-0.05700000002980232,5.0,-15.4,316.7,1499,1499,1499,1499,1499,1499,245,175,MANUAL (Remote),,0.0
2026-08-10T10:41:49.282,1786333309.282564,-0.054999999701976776,5.0,-15.4,316.7,1499,1499,1499,1499,1499,1499,245,175,MANUAL (Remote),,0.0
2026-08-10T10:41:49.782,1786333309.782406,-0.057999998331069946,5.0,-15.4,316.7,1499,1499,1499,1499,1499,1499,245,175,MANUAL (Remote),,0.0
2026-08-10T10:41:50.282,1786333310.28257,-0.057999998331069946,5.0,-15.5,316.7,1499,1499,1499,1499,1499,1499,245,175,MANUAL (Remote),,0.0
2026-08-10T10:41:50.782,1786333310.782439,-0.05700000002980232,5.0,-15.5,316.6,1499,1499,1499,1499,1499,1499,245,175,MANUAL (Remote),,0.0
2026-08-10T10:41:51.282,1786333311.282525,-0.050999999046325684,5.1,-15.5,316.7,1499,1499,1499,1499,1499,1499,245,175,MANUAL (Remote),,0.0
2026-08-10T10:41:51.782,1786333311.782414,-0.0560000017285347,5.0,-15.4,316.6,1499,1499,1499,1499,1499,1499,245,175,MANUAL (Remote),,0.0
2026-08-10T10:41:52.282,1786333312.282414,-0.061000000685453415,5.0,-15.5,316.6,1499,1499,1499,1499,1499,1499,245,175,MANUAL (Remote),,0.0
2026-08-10T10:41:52.782,1786333312.782424,-0.052000001072883606,5.0,-15.4,316.7,1499,1499,1499,1499,1499,1499,245,175,MANUAL (Remote),,0.0
2026-08-10T10:41:53.282,1786333313.282442,-0.05700000002980232,5.0,-15.5,316.7,1499,1499,1499,1499,1499,1499,245,175,MANUAL (Remote),,0.0
2026-08-10T10:41:53.782,1786333313.782438,-0.0560000017285347,5.0,-15.5,316.7,1499,1499,1499,1499,1499,1499,245,175,MANUAL (Remote),,0.0
2026-08-10T10:41:54.282,1786333314.282414,-0.057999998331069946,5.0,-15.5,316.7,1499,1499,1499,1499,1499,1499,245,175,MANUAL (Remote),,0.0
2026-08-10T10:41:54.782,1786333314.782423,-0.05700000002980232,5.0,-15.5,316.7,1499,1499,1499,1499,1499,1499,245,175,MANUAL (Remote),,0.0
2026-08-10T10:41:55.282,1786333315.282413,-0.052000001072883606,5.0,-15.5,316.7,1499,1499,1499,1499,1499,1499,245,175,MANUAL (Remote),,0.0
2026-08-10T10:41:55.782,1786333315.78238,-0.05700000002980232,5.0,-15.4,316.7,1499,1499,1499,1499,1499,1499,245,175,MANUAL (Remote),,0.0
2026-08-10T10:41:56.282,1786333316.282359,-0.05400000140070915,5.0,-15.4,316.7,1499,1556,1499,1499,1556,1499,245,175,MANUAL (Remote),,56.0
2026-08-10T10:41:56.782,1786333316.78241,-0.057999998331069946,5.0,-15.4,316.8,1499,1500,1499,1499,1500,1499,245,175,MANUAL (Remote),,0.0
2026-08-10T10:41:57.282,1786333317.2824,-0.05400000140070915,5.0,-15.5,316.9,1499,1521,1499,1499,1521,1499,245,175,MANUAL (Remote),,21.0
2026-08-10T10:41:57.782,1786333317.782415,-0.05900000035762787,5.0,-15.5,316.8,1499,1499,1499,1499,1499,1499,245,175,MANUAL (Remote),,0.0
2026-08-10T10:41:58.282,1786333318.282429,-0.054999999701976776,5.0,-15.4,316.8,1499,1499,1499,1499,1499,1499,245,195,MANUAL (Remote),,0.0
2026-08-10T10:41:58.782,1786333318.782376,-0.0560000017285347,4.9,-15.4,316.8,1499,1499,1499,1499,1499,1499,245,175,MANUAL (Remote),,0.0
2026-08-10T10:41:59.282,1786333319.282398,-0.05299999937415123,5.0,-15.3,316.7,1499,1499,1499,1499,1499,1499,245,165,MANUAL (Remote),,0.0
2026-08-10T10:41:59.782,1786333319.78243,-0.06300000101327896,5.1,-15.4,316.7,1499,1499,1499,1499,1499,1499,245,165,MANUAL (Remote),,0.0
2026-08-10T10:42:00.282,1786333320.282442,-0.06400000303983688,5.0,-15.4,316.8,1499,1499,1499,1499,1499,1499,245,170,MANUAL (Remote),,0.0
2026-08-10T10:42:00.782,1786333320.782456,-0.06199999898672104,5.0,-15.4,316.7,1499,1499,1499,1499,1499,1499,245,160,MANUAL (Remote),,0.0
2026-08-10T10:42:01.282,1786333321.282383,-0.06199999898672104,5.0,-15.4,316.7,1499,1499,1499,1499,1499,1499,245,180,MANUAL (Remote),,0.0
2026-08-10T10:42:01.782,1786333321.782381,-0.05999999865889549,5.0,-15.4,316.7,1499,1499,1499,1499,1499,1499,245,145,MANUAL (Remote),,0.0
2026-08-10T10:42:02.282,1786333322.282426,-0.05700000002980232,5.1,-15.4,316.7,1499,1499,1499,1499,1499,1499,245,135,MANUAL (Remote),,0.0
2026-08-10T10:42:02.782,1786333322.782454,-0.0560000017285347,5.0,-15.4,316.6,1499,1499,1499,1499,1499,1499,245,120,MANUAL (Remote),,0.0
2026-08-10T10:42:03.282,1786333323.282431,-0.05999999865889549,5.0,-15.4,316.7,1499,1499,1499,1499,1499,1499,245,110,MANUAL (Remote),,0.0
2026-08-10T10:42:03.782,1786333323.782427,-0.06499999761581421,5.0,-15.4,316.7,1499,1499,1499,1499,1499,1499,245,95,MANUAL (Remote),,0.0
2026-08-10T10:42:04.282,1786333324.282424,-0.05900000035762787,5.0,-15.3,316.7,1499,1499,1499,1499,1499,1499,245,150,MANUAL (Remote),,0.0
2026-08-10T10:42:04.782,1786333324.782422,-0.05900000035762787,4.9,-15.4,316.6,1499,1499,1499,1499,1499,1499,245,155,MANUAL (Remote),,0.0
2026-08-10T10:42:05.282,1786333325.282445,-0.06199999898672104,4.9,-15.3,316.7,1499,1499,1499,1499,1499,1499,245,165,MANUAL (Remote),,0.0
2026-08-10T10:42:05.782,1786333325.782413,-0.05700000002980232,5.0,-15.3,316.6,1499,1499,1499,1499,1499,1499,245,165,MANUAL (Remote),,0.0
2026-08-10T10:42:06.282,1786333326.282452,-0.05700000002980232,4.8,-15.3,316.7,1499,1499,1499,1499,1499,1499,245,165,MANUAL (Remote),,0.0
2026-08-10T10:42:06.782,1786333326.782416,-0.06300000101327896,4.9,-15.3,316.6,1499,1499,1499,1499,1499,1499,245,165,MANUAL (Remote),,0.0
2026-08-10T10:42:07.282,1786333327.282461,-0.054999999701976776,5.0,-15.3,316.6,1499,1499,1499,1499,1499,1499,245,165,MANUAL (Remote),,0.0
2026-08-10T10:42:07.782,1786333327.782439,-0.05400000140070915,5.0,-15.3,316.6,1499,1499,1499,1499,1499,1499,245,165,MANUAL (Remote),,0.0
2026-08-10T10:42:08.282,1786333328.282398,-0.05900000035762787,5.0,-15.4,316.7,1499,1499,1499,1499,1499,1499,245,165,MANUAL (Remote),,0.0
2026-08-10T10:42:08.782,1786333328.782402,-0.05299999937415123,5.0,-15.3,316.6,1499,1499,1499,1499,1499,1499,245,165,MANUAL (Remote),,0.0
2026-08-10T10:42:09.282,1786333329.282521,-0.05900000035762787,5.0,-15.4,316.6,1499,1499,1499,1499,1499,1499,245,165,MANUAL (Remote),,0.0
2026-08-10T10:42:09.782,1786333329.782407,-0.06300000101327896,4.9,-15.3,316.6,1499,1499,1499,1499,1499,1499,245,165,MANUAL (Remote),,0.0
2026-08-10T10:42:10.282,1786333330.282453,-0.05700000002980232,4.9,-15.4,316.7,1499,1499,1499,1499,1499,1499,245,165,MANUAL (Remote),,0.0
2026-08-10T10:42:10.782,1786333330.782436,-0.054999999701976776,4.9,-15.4,316.6,1499,1499,1499,1499,1499,1499,245,165,MANUAL (Remote),,0.0
2026-08-10T10:42:11.282,1786333331.282427,-0.06300000101327896,4.9,-15.4,316.7,1499,1499,1499,1499,1499,1499,245,165,MANUAL (Remote),,0.0
2026-08-10T10:42:11.782,1786333331.782401,-0.061000000685453415,5.0,-15.4,316.6,1499,1499,1499,1499,1499,1499,245,165,MANUAL (Remote),,0.0
2026-08-10T10:42:12.282,1786333332.282422,-0.05700000002980232,5.0,-15.4,316.6,1499,1499,1499,1499,1499,1499,245,165,MANUAL (Remote),,0.0
2026-08-10T10:42:12.782,1786333332.782437,-0.06400000303983688,5.0,-15.4,316.6,1499,1499,1499,1499,1499,1499,245,165,MANUAL (Remote),,0.0
2026-08-10T10:42:13.282,1786333333.282456,-0.0560000017285347,5.0,-15.4,316.7,1499,1499,1499,1499,1499,1499,245,165,MANUAL (Remote),,0.0
2026-08-10T10:42:13.782,1786333333.782494,-0.057999998331069946,5.0,-15.4,316.6,1499,1499,1499,1499,1499,1499,245,165,MANUAL (Remote),,0.0
2026-08-10T10:42:14.282,1786333334.282459,-0.061000000685453415,5.1,-15.4,316.6,1499,1499,1499,1499,1499,1499,245,190,MANUAL (Remote),,0.0
2026-08-10T10:42:14.782,1786333334.782377,-0.06199999898672104,5.0,-15.4,316.7,1499,1499,1499,1499,1499,1499,245,180,MANUAL (Remote),,0.0
2026-08-10T10:42:15.282,1786333335.282472,-0.05700000002980232,5.0,-15.4,316.7,1499,1499,1499,1499,1499,1499,245,180,MANUAL (Remote),,0.0
2026-08-10T10:42:15.782,1786333335.78243,-0.06199999898672104,5.1,-15.3,316.5,1499,1499,1499,1499,1499,1499,245,180,MANUAL (Remote),,0.0
2026-08-10T10:42:16.282,1786333336.282419,-0.057999998331069946,5.1,-15.4,316.5,1499,1499,1499,1499,1499,1499,245,180,MANUAL (Remote),,0.0
2026-08-10T10:42:16.782,1786333336.782418,-0.057999998331069946,4.9,-15.1,316.4,1499,1499,1499,1499,1499,1499,245,180,MANUAL (Remote),,0.0
2026-08-10T10:42:17.282,1786333337.282406,-0.05999999865889549,5.0,-15.0,316.2,1499,1499,1499,1499,1499,1499,245,180,MANUAL (Remote),,0.0
2026-08-10T10:42:17.782,1786333337.782372,-0.05999999865889549,4.8,-15.2,316.2,1499,1499,1499,1499,1499,1499,245,180,MANUAL (Remote),,0.0
2026-08-10T10:42:18.282,1786333338.282402,-0.061000000685453415,4.8,-15.4,316.2,1499,1499,1499,1499,1499,1499,245,180,MANUAL (Remote),,0.0
2026-08-10T10:42:18.782,1786333338.782371,-0.06199999898672104,5.0,-16.1,316.1,1499,1499,1499,1499,1499,1499,245,180,MANUAL (Remote),,0.0
2026-08-10T10:42:19.282,1786333339.28248,-0.05900000035762787,4.8,-15.8,316.0,1499,1499,1499,1499,1499,1499,245,180,MANUAL (Remote),,0.0
2026-08-10T10:42:19.782,1786333339.782419,-0.05900000035762787,5.2,-15.3,315.9,1499,1499,1499,1499,1499,1499,245,180,MANUAL (Remote),,0.0
2026-08-10T10:42:20.282,1786333340.282473,-0.054999999701976776,7.8,-14.6,315.7,1499,1499,1499,1499,1499,1499,245,180,MANUAL (Remote),,0.0
2026-08-10T10:42:20.782,1786333340.782484,-0.05999999865889549,3.5,-14.0,316.4,1499,1499,1499,1499,1499,1499,245,180,MANUAL (Remote),,0.0
2026-08-10T10:42:21.282,1786333341.282426,-0.06499999761581421,3.4,-14.5,316.3,1499,1499,1499,1499,1499,1499,245,180,MANUAL (Remote),,0.0
2026-08-10T10:42:21.782,1786333341.782429,-0.054999999701976776,3.4,-14.4,316.1,1499,1499,1499,1499,1499,1499,245,180,MANUAL (Remote),,0.0
2026-08-10T10:42:22.282,1786333342.282384,-0.06199999898672104,3.6,-14.4,316.0,1499,1499,1499,1499,1499,1499,245,180,MANUAL (Remote),,0.0
2026-08-10T10:42:22.782,1786333342.782422,-0.061000000685453415,3.6,-14.3,315.9,1499,1499,1499,1499,1499,1499,245,180,MANUAL (Remote),,0.0
2026-08-10T10:42:23.282,1786333343.282446,-0.06499999761581421,3.6,-14.3,315.9,1499,1499,1499,1499,1499,1499,245,180,MANUAL (Remote),,0.0
2026-08-10T10:42:23.782,1786333343.782397,-0.057999998331069946,3.5,-14.3,315.8,1499,1499,1499,1499,1499,1499,245,180,MANUAL (Remote),,0.0
2026-08-10T10:42:24.282,1786333344.282411,-0.05999999865889549,3.9,-14.1,315.8,1499,1499,1499,1499,1499,1499,245,180,MANUAL (Remote),,0.0
2026-08-10T10:42:24.782,1786333344.782467,-0.05900000035762787,3.7,-14.3,315.8,1499,1499,1499,1499,1499,1499,245,180,MANUAL (Remote),,0.0
2026-08-10T10:42:25.282,1786333345.282409,-0.05900000035762787,3.7,-14.4,315.8,1499,1499,1499,1499,1499,1499,245,180,MANUAL (Remote),,0.0
2026-08-10T10:42:25.782,1786333345.782454,-0.06599999964237213,3.6,-14.4,315.9,1499,1499,1499,1499,1499,1499,245,180,MANUAL (Remote),,0.0
2026-08-10T10:42:26.282,1786333346.282435,-0.061000000685453415,3.6,-14.5,316.0,1499,1499,1499,1499,1499,1499,245,180,MANUAL (Remote),,0.0
2026-08-10T10:42:26.782,1786333346.782406,-0.0560000017285347,3.5,-14.4,316.1,1499,1499,1499,1499,1499,1499,245,180,MANUAL (Remote),,0.0
2026-08-10T10:42:27.282,1786333347.282476,-0.06199999898672104,3.6,-14.5,316.1,1499,1499,1499,1499,1499,1499,245,180,MANUAL (Remote),,0.0
2026-08-10T10:42:27.782,1786333347.782536,-0.0689999982714653,3.6,-14.4,316.2,1499,1499,1499,1499,1499,1499,245,180,MANUAL (Remote),,0.0
2026-08-10T10:42:28.282,1786333348.282381,-0.05999999865889549,3.6,-14.4,316.2,1499,1499,1499,1499,1499,1499,245,180,MANUAL (Remote),,0.0
2026-08-10T10:42:28.782,1786333348.782421,-0.0560000017285347,3.5,-14.4,316.2,1499,1499,1499,1499,1499,1499,245,180,MANUAL (Remote),,0.0
2026-08-10T10:42:29.282,1786333349.282472,-0.06199999898672104,3.5,-14.4,316.1,1499,1499,1499,1499,1499,1499,245,180,MANUAL (Remote),,0.0
2026-08-10T10:42:29.782,1786333349.78255,-0.05999999865889549,3.5,-14.5,316.2,1499,1499,1499,1499,1499,1499,245,180,MANUAL (Remote),,0.0
2026-08-10T10:42:30.282,1786333350.282451,-0.06300000101327896,3.5,-14.4,316.2,1499,1499,1499,1499,1499,1499,245,180,MANUAL (Remote),,0.0
2026-08-10T10:42:30.782,1786333350.782494,-0.061000000685453415,3.6,-14.4,316.1,1499,1499,1499,1499,1499,1499,245,180,MANUAL (Remote),,0.0
2026-08-10T10:42:31.282,1786333351.282574,-0.06300000101327896,3.6,-14.4,316.2,1499,1499,1499,1499,1499,1499,245,180,MANUAL (Remote),,0.0
2026-08-10T10:42:31.782,1786333351.782538,-0.05999999865889549,3.6,-14.4,316.1,1499,1499,1499,1499,1499,1499,245,180,MANUAL (Remote),,0.0
2026-08-10T10:42:32.282,1786333352.282409,-0.06400000303983688,3.6,-14.5,316.1,1499,1499,1499,1499,1499,1499,245,180,MANUAL (Remote),,0.0
2026-08-10T10:42:32.782,1786333352.782441,-0.05900000035762787,3.6,-14.4,316.1,1499,1499,1499,1499,1499,1499,245,180,MANUAL (Remote),,0.0
2026-08-10T10:42:33.282,1786333353.282655,-0.05900000035762787,3.6,-14.4,316.1,1499,1499,1499,1499,1499,1499,245,180,MANUAL (Remote),,0.0
2026-08-10T10:42:33.782,1786333353.782413,-0.05999999865889549,3.5,-14.3,316.1,1499,1499,1499,1499,1499,1499,245,180,MANUAL (Remote),,0.0
2026-08-10T10:42:34.282,1786333354.282398,-0.06199999898672104,3.5,-14.3,316.2,1499,1499,1499,1499,1499,1499,245,180,MANUAL (Remote),,0.0
2026-08-10T10:42:34.782,1786333354.782428,-0.06599999964237213,3.5,-14.4,316.2,1499,1499,1499,1499,1499,1499,245,180,MANUAL (Remote),,0.0
2026-08-10T10:42:35.282,1786333355.282406,-0.06199999898672104,3.5,-14.3,316.1,1499,1499,1499,1499,1499,1499,245,180,MANUAL (Remote),,0.0
2026-08-10T10:42:35.782,1786333355.782436,-0.06199999898672104,3.5,-14.3,316.1,1499,1499,1499,1499,1499,1499,245,180,MANUAL (Remote),,0.0
2026-08-10T10:42:36.282,1786333356.282417,-0.07000000029802322,3.5,-14.4,316.1,1499,1499,1499,1499,1499,1499,245,180,MANUAL (Remote),,0.0
2026-08-10T10:42:36.782,1786333356.78238,-0.06199999898672104,3.5,-14.4,316.1,1499,1499,1499,1499,1499,1499,245,180,MANUAL (Remote),,0.0
2026-08-10T10:42:37.282,1786333357.282434,-0.061000000685453415,3.6,-14.4,316.0,1499,1499,1499,1499,1499,1499,245,180,MANUAL (Remote),,0.0
2026-08-10T10:42:37.782,1786333357.782422,-0.061000000685453415,3.5,-14.4,316.0,1499,1499,1499,1499,1499,1499,245,180,MANUAL (Remote),,0.0
2026-08-10T10:42:38.282,1786333358.282442,-0.06300000101327896,3.5,-14.4,315.9,1499,1499,1499,1499,1499,1499,245,180,MANUAL (Remote),,0.0
2026-08-10T10:42:38.782,1786333358.782413,-0.06199999898672104,3.5,-14.4,315.9,1499,1499,1499,1499,1499,1499,245,180,MANUAL (Remote),,0.0
2026-08-10T10:42:39.282,1786333359.282428,-0.06199999898672104,3.5,-14.4,315.9,1499,1499,1499,1499,1499,1499,245,180,MANUAL (Remote),,0.0
2026-08-10T10:42:39.782,1786333359.782454,-0.06499999761581421,3.5,-14.4,316.0,1499,1499,1499,1499,1499,1499,245,180,MANUAL (Remote),,0.0
2026-08-10T10:42:40.282,1786333360.282417,-0.0689999982714653,3.6,-14.3,315.9,1499,1499,1499,1499,1499,1499,245,180,MANUAL (Remote),,0.0
2026-08-10T10:42:40.782,1786333360.782459,-0.06400000303983688,3.6,-14.3,315.9,1499,1499,1499,1499,1499,1499,245,180,MANUAL (Remote),,0.0
2026-08-10T10:42:41.282,1786333361.282416,-0.05999999865889549,3.4,-14.4,315.9,1499,1499,1499,1499,1499,1499,245,180,MANUAL (Remote),,0.0
2026-08-10T10:42:41.782,1786333361.782388,-0.05999999865889549,3.5,-14.3,315.9,1499,1499,1499,1499,1499,1499,245,180,MANUAL (Remote),,0.0
2026-08-10T10:42:42.282,1786333362.282422,-0.06300000101327896,3.7,-14.3,315.8,1499,1499,1499,1499,1499,1499,245,180,MANUAL (Remote),,0.0
2026-08-10T10:42:42.782,1786333362.78244,-0.05900000035762787,3.7,-14.4,315.9,1499,1499,1499,1499,1499,1499,245,180,MANUAL (Remote),,0.0
2026-08-10T10:42:43.282,1786333363.282444,-0.06599999964237213,3.6,-14.5,315.8,1499,1499,1499,1499,1499,1499,245,180,MANUAL (Remote),,0.0
2026-08-10T10:42:43.782,1786333363.782636,-0.06199999898672104,3.1,-16.0,316.1,1499,1499,1499,1499,1499,1499,245,180,MANUAL (Remote),,0.0
2026-08-10T10:42:44.282,1786333364.282444,-0.06199999898672104,3.2,-9.6,323.4,1499,1499,1499,1499,1499,1499,245,180,MANUAL (Remote),,0.0
2026-08-10T10:42:44.782,1786333364.782426,-0.06199999898672104,2.9,-8.9,337.6,1499,1499,1499,1499,1499,1499,245,180,MANUAL (Remote),,0.0
2026-08-10T10:42:45.282,1786333365.282465,-0.06300000101327896,9.6,-10.4,341.7,1499,1499,1499,1499,1499,1499,245,180,MANUAL (Remote),,0.0
2026-08-10T10:42:45.782,1786333365.782423,-0.06800000369548798,17.0,-4.4,334.6,1499,1499,1499,1499,1499,1499,245,180,MANUAL (Remote),,0.0
2026-08-10T10:42:46.282,1786333366.282444,-0.06300000101327896,13.6,-4.5,322.2,1499,1499,1499,1499,1499,1499,245,180,MANUAL (Remote),,0.0
2026-08-10T10:42:46.782,1786333366.782398,-0.03400000184774399,8.3,-3.9,310.7,1499,1499,1499,1499,1499,1499,245,180,MANUAL (Remote),,0.0
2026-08-10T10:42:47.283,1786333367.283352,0.009999999776482582,10.4,-9.0,304.5,1499,1499,1499,1499,1499,1499,245,180,MANUAL (Remote),,0.0
2026-08-10T10:42:47.782,1786333367.782495,0.017000000923871994,10.0,-13.3,300.9,1499,1499,1499,1499,1499,1499,245,180,MANUAL (Remote),,0.0
2026-08-10T10:42:48.282,1786333368.282482,0.017000000923871994,9.3,-15.5,297.5,1499,1499,1499,1499,1499,1499,245,180,MANUAL (Remote),,0.0
2026-08-10T10:42:48.782,1786333368.782465,0.020999999716877937,7.1,-16.4,295.1,1499,1499,1499,1499,1499,1499,245,180,MANUAL (Remote),,0.0
2026-08-10T10:42:49.282,1786333369.282382,0.01899999938905239,6.6,-14.8,293.5,1499,1499,1499,1499,1499,1499,245,180,MANUAL (Remote),,0.0
2026-08-10T10:42:49.782,1786333369.782432,0.012000000104308128,6.2,-16.4,292.7,1499,1499,1499,1499,1499,1499,245,180,MANUAL (Remote),,0.0
2026-08-10T10:42:50.282,1786333370.282468,0.01600000075995922,5.6,-16.5,292.2,1499,1499,1499,1499,1499,1499,245,180,MANUAL (Remote),,0.0
2026-08-10T10:42:50.782,1786333370.782389,0.017999999225139618,5.8,-17.2,292.2,1499,1499,1499,1499,1499,1499,245,180,MANUAL (Remote),,0.0
2026-08-10T10:42:51.282,1786333371.282419,0.017999999225139618,5.5,-16.7,292.1,1499,1499,1499,1499,1499,1499,245,180,MANUAL (Remote),,0.0
2026-08-10T10:42:51.782,1786333371.782488,0.01600000075995922,5.0,-16.3,292.0,1499,1499,1499,1499,1499,1499,245,180,MANUAL (Remote),,0.0
2026-08-10T10:42:52.282,1786333372.282452,0.012000000104308128,5.2,-17.5,291.8,1499,1499,1499,1499,1499,1499,245,180,MANUAL (Remote),,0.0
2026-08-10T10:42:52.782,1786333372.7825,0.013000000268220901,5.5,-17.2,292.1,1499,1499,1499,1499,1499,1499,245,180,MANUAL (Remote),,0.0
2026-08-10T10:42:53.282,1786333373.282801,0.017000000923871994,5.2,-17.2,292.4,1499,1499,1499,1499,1499,1499,245,180,MANUAL (Remote),,0.0
2026-08-10T10:42:53.782,1786333373.782558,0.013000000268220901,4.7,-16.7,292.8,1499,1499,1499,1499,1499,1499,245,180,MANUAL (Remote),,0.0
2026-08-10T10:42:54.282,1786333374.2824,0.01600000075995922,6.1,-17.1,292.8,1499,1499,1499,1499,1499,1499,245,180,MANUAL (Remote),,0.0
2026-08-10T10:42:54.782,1786333374.782397,0.01600000075995922,5.2,-17.5,293.4,1499,1250,1499,1499,1754,1499,245,180,MANUAL (Remote),,2.0
2026-08-10T10:42:55.282,1786333375.282446,0.017999999225139618,7.6,-19.7,305.0,1499,1392,1499,1499,1634,1499,245,180,MANUAL (Remote),,13.0
2026-08-10T10:42:55.782,1786333375.782472,0.017000000923871994,8.1,-17.3,309.0,1499,1900,1499,1499,1900,1499,245,180,MANUAL (Remote),,400.0
2026-08-10T10:42:56.282,1786333376.28243,0.024000000208616257,4.3,-13.7,304.9,1499,1900,1499,1499,1900,1499,245,180,MANUAL (Remote),,400.0
2026-08-10T10:42:56.782,1786333376.782405,0.02800000086426735,1.9,-13.3,297.6,1499,1716,1499,1499,1716,1499,245,180,MANUAL (Remote),,216.0
2026-08-10T10:42:57.282,1786333377.282417,0.010999999940395355,10.2,-17.3,292.1,1499,1586,1499,1499,1590,1499,245,180,MANUAL (Remote),,88.0
2026-08-10T10:42:57.782,1786333377.782416,0.012000000104308128,6.0,-19.6,294.9,1499,1396,1499,1499,1764,1499,245,180,MANUAL (Remote),,80.0
2026-08-10T10:42:58.282,1786333378.282421,0.024000000208616257,5.9,-17.6,302.1,1499,1410,1499,1499,1744,1499,245,180,MANUAL (Remote),,77.0
2026-08-10T10:42:58.782,1786333378.782416,0.012000000104308128,9.3,-14.1,308.5,1499,1582,1499,1499,1730,1499,245,180,MANUAL (Remote),,156.0
2026-08-10T10:42:59.282,1786333379.282448,0.024000000208616257,7.2,-11.8,310.6,1499,1611,1499,1499,1689,1499,245,180,MANUAL (Remote),,150.0
2026-08-10T10:42:59.782,1786333379.782431,0.017000000923871994,9.1,-14.4,307.3,1499,1500,1499,1499,1500,1499,245,180,MANUAL (Remote),,0.0
2026-08-10T10:43:00.282,1786333380.282375,0.007000000216066837,8.6,-17.8,302.6,1499,1649,1499,1499,1651,1499,245,180,MANUAL (Remote),,150.0
2026-08-10T10:43:00.782,1786333380.782362,0.024000000208616257,4.6,-15.5,299.2,1499,1670,1499,1499,1674,1499,245,180,MANUAL (Remote),,172.0
2026-08-10T10:43:01.282,1786333381.282433,0.019999999552965164,2.1,-15.4,296.4,1499,1888,1499,1499,1894,1499,245,180,MANUAL (Remote),,391.0
2026-08-10T10:43:01.782,1786333381.782436,0.017999999225139618,2.0,-18.3,293.9,1499,1887,1499,1499,1895,1499,245,180,MANUAL (Remote),,391.0
2026-08-10T10:43:02.282,1786333382.282407,0.013000000268220901,9.1,-16.2,293.4,1499,1503,1499,1499,1503,1499,245,180,MANUAL (Remote),,0.0
2026-08-10T10:43:02.782,1786333382.78242,0.009999999776482582,8.7,-15.6,292.9,1499,1499,1499,1499,1499,1499,245,180,MANUAL (Remote),,0.0
2026-08-10T10:43:03.282,1786333383.282422,0.019999999552965164,4.6,-16.1,292.8,1499,1529,1499,1499,1469,1499,245,180,MANUAL (Remote),,-1.0
2026-08-10T10:43:03.782,1786333383.78244,0.014000000432133675,5.8,-17.4,290.3,1499,1871,1499,1499,1127,1499,245,180,MANUAL (Remote),,-1.0
2026-08-10T10:43:04.282,1786333384.282418,0.010999999940395355,4.3,-13.5,268.1,1499,1899,1499,1499,1100,1499,245,180,MANUAL (Remote),,-0.5
2026-08-10T10:43:04.782,1786333384.782366,0.009999999776482582,-1.8,-7.9,249.6,1499,1899,1499,1499,1100,1499,245,180,MANUAL (Remote),,-0.5
2026-08-10T10:43:05.282,1786333385.282476,0.003000000026077032,-10.0,-3.4,235.3,1499,1499,1499,1499,1499,1499,245,180,MANUAL (Remote),,0.0
2026-08-10T10:43:05.782,1786333385.782378,0.023000000044703484,-20.0,-13.1,242.4,1499,1499,1499,1499,1499,1499,245,180,MANUAL (Remote),,0.0
2026-08-10T10:43:06.282,1786333386.28238,0.014999999664723873,-19.7,-21.4,256.6,1499,1499,1499,1499,1499,1499,245,180,MANUAL (Remote),,0.0
2026-08-10T10:43:06.782,1786333386.782455,0.012000000104308128,-16.6,-21.6,273.9,1499,1499,1499,1499,1499,1499,245,180,MANUAL (Remote),,0.0
2026-08-10T10:43:07.282,1786333387.28237,0.01899999938905239,-11.6,-18.6,286.1,1499,1499,1499,1499,1499,1499,245,180,MANUAL (Remote),,0.0
2026-08-10T10:43:07.782,1786333387.782462,0.014000000432133675,-5.3,-21.0,295.0,1499,1499,1499,1499,1499,1499,245,180,MANUAL (Remote),,0.0
2026-08-10T10:43:08.282,1786333388.282525,0.013000000268220901,-0.6,-23.2,301.4,1499,1499,1499,1499,1499,1499,245,180,MANUAL (Remote),,0.0
2026-08-10T10:43:08.782,1786333388.782428,0.014999999664723873,2.3,-20.3,305.8,1499,1616,1499,1499,1382,1499,245,180,MANUAL (Remote),,-1.0
2026-08-10T10:43:09.282,1786333389.282385,0.012000000104308128,5.0,-16.1,305.9,1499,1584,1499,1499,1414,1499,245,180,MANUAL (Remote),,-1.0
2026-08-10T10:43:09.782,1786333389.78259,0.014000000432133675,5.9,-14.4,303.9,1499,1588,1499,1499,1410,1499,245,180,MANUAL (Remote),,-1.0
2026-08-10T10:43:10.282,1786333390.282379,0.017000000923871994,4.9,-16.3,301.2,1499,1499,1499,1499,1499,1499,245,180,MANUAL (Remote),,0.0
2026-08-10T10:43:10.782,1786333390.782465,0.013000000268220901,5.1,-18.4,302.1,1499,1500,1499,1499,1500,1499,245,180,MANUAL (Remote),,0.0
2026-08-10T10:43:11.282,1786333391.282472,0.014000000432133675,5.1,-16.0,303.3,1499,1595,1499,1499,1403,1499,245,180,MANUAL (Remote),,-1.0
2026-08-10T10:43:11.782,1786333391.782518,0.009999999776482582,4.7,-13.6,298.2,1499,1588,1499,1499,1410,1499,245,180,MANUAL (Remote),,-1.0
2026-08-10T10:43:12.282,1786333392.282359,0.013000000268220901,3.5,-15.6,298.2,1499,1896,1499,1499,1100,1499,245,180,MANUAL (Remote),,-2.0
2026-08-10T10:43:12.782,1786333392.782498,0.003000000026077032,0.8,-11.0,283.5,1499,1892,1499,1499,1100,1499,245,180,MANUAL (Remote),,-4.0
2026-08-10T10:43:13.282,1786333393.282415,0.003000000026077032,-6.3,-8.0,273.2,1499,1499,1499,1499,1499,1499,245,180,MANUAL (Remote),,0.0
2026-08-10T10:43:13.782,1786333393.782495,0.017999999225139618,-13.8,-21.8,286.2,1499,1678,1499,1499,1678,1499,245,180,MANUAL (Remote),,178.0
2026-08-10T10:43:14.282,1786333394.282767,0.01899999938905239,-10.6,-28.1,298.8,1499,1656,1499,1499,1656,1499,245,180,MANUAL (Remote),,156.0
2026-08-10T10:43:14.782,1786333394.782474,0.01600000075995922,-3.8,-24.2,311.0,1499,1499,1499,1499,1499,1499,245,180,MANUAL (Remote),,0.0
2026-08-10T10:43:15.282,1786333395.28255,0.006000000052154064,0.5,-18.8,321.1,1499,1499,1499,1499,1499,1499,245,180,MANUAL (Remote),,0.0
2026-08-10T10:43:15.782,1786333395.782541,0.017000000923871994,3.7,-19.0,328.0,1499,1499,1499,1499,1499,1499,245,180,MANUAL (Remote),,0.0
2026-08-10T10:43:16.282,1786333396.282615,0.00800000037997961,6.9,-19.7,332.7,1499,1499,1499,1499,1499,1499,245,180,MANUAL (Remote),,0.0
2026-08-10T10:43:16.782,1786333396.782408,0.017000000923871994,7.4,-16.1,335.1,1499,1759,1499,1499,1759,1499,245,180,MANUAL (Remote),,259.0
2026-08-10T10:43:17.282,1786333397.282461,0.014999999664723873,7.6,-11.4,333.6,1499,1900,1499,1499,1101,1499,245,180,MANUAL (Remote),,0.5
2026-08-10T10:43:17.782,1786333397.782395,0.012000000104308128,5.0,-8.3,320.0,1499,1500,1499,1499,1498,1499,245,180,MANUAL (Remote),,0.0
2026-08-10T10:43:18.282,1786333398.282379,0.006000000052154064,8.5,-13.8,317.5,1499,1584,1499,1499,1584,1499,245,180,MANUAL (Remote),,84.0
2026-08-10T10:43:18.782,1786333398.782412,0.017000000923871994,5.9,-17.7,319.8,1499,1540,1499,1499,1460,1499,245,180,MANUAL (Remote),,0.0
2026-08-10T10:43:19.282,1786333399.282437,0.010999999940395355,6.0,-15.6,317.3,1499,1899,1499,1499,1100,1499,245,180,MANUAL (Remote),,-0.5
2026-08-10T10:43:19.782,1786333399.78238,-0.004000000189989805,5.1,-13.1,296.9,1499,1899,1499,1499,1100,1499,245,180,MANUAL (Remote),,-0.5
2026-08-10T10:43:20.282,1786333400.282425,0.009999999776482582,-2.7,-18.1,296.3,1499,1499,1499,1499,1499,1499,245,180,MANUAL (Remote),,0.0
2026-08-10T10:43:20.782,1786333400.782367,0.012000000104308128,-4.5,-25.5,308.0,1499,1401,1499,1499,1599,1499,245,180,MANUAL (Remote),,0.0
2026-08-10T10:43:21.282,1786333401.282423,0.010999999940395355,1.6,-25.5,320.3,1499,1499,1499,1499,1499,1499,245,180,MANUAL (Remote),,0.0
2026-08-10T10:43:21.782,1786333401.782417,0.014999999664723873,2.3,-20.9,329.6,1499,1898,1499,1499,1900,1499,245,180,MANUAL (Remote),,399.0
2026-08-10T10:43:22.282,1786333402.282425,0.024000000208616257,-1.8,-18.4,332.7,1499,1511,1499,1499,1509,1499,245,180,MANUAL (Remote),,0.0
2026-08-10T10:43:22.782,1786333402.782391,0.008999999612569809,5.8,-18.3,322.6,1499,1900,1499,1499,1100,1499,245,180,MANUAL (Remote),,0.0
2026-08-10T10:43:23.282,1786333403.282372,0.0010000000474974513,3.1,-21.9,310.7,1499,1499,1499,1499,1499,1499,245,180,MANUAL (Remote),,0.0
2026-08-10T10:43:23.782,1786333403.782352,0.010999999940395355,-0.5,-23.0,318.9,1499,1784,1499,1499,1884,1499,245,180,MANUAL (Remote),,334.0
2026-08-10T10:43:24.282,1786333404.2824,0.02500000037252903,-1.6,-20.4,323.3,1499,1499,1499,1499,1499,1499,245,180,MANUAL (Remote),,0.0
2026-08-10T10:43:24.782,1786333404.782377,0.009999999776482582,4.8,-17.0,326.5,1499,1897,1499,1499,1100,1499,245,180,MANUAL (Remote),,-1.5
2026-08-10T10:43:25.282,1786333405.282423,0.004999999888241291,4.8,-17.4,325.4,1499,1499,1499,1499,1499,1499,245,180,MANUAL (Remote),,0.0
2026-08-10T10:43:25.782,1786333405.782509,0.013000000268220901,2.2,-19.0,326.6,1499,1499,1499,1499,1499,1499,245,180,MANUAL (Remote),,0.0
2026-08-10T10:43:26.282,1786333406.282428,0.012000000104308128,4.7,-19.6,327.5,1499,1499,1499,1499,1499,1499,245,180,MANUAL (Remote),,0.0
2026-08-10T10:43:26.782,1786333406.782461,0.010999999940395355,4.6,-18.0,329.9,1499,1499,1499,1499,1499,1499,245,180,MANUAL (Remote),,0.0
2026-08-10T10:43:27.282,1786333407.282451,0.00800000037997961,4.3,-17.5,331.3,1476,1499,1476,1476,1499,1476,245,180,MANUAL (Remote),,0.0
2026-08-10T10:43:27.782,1786333407.782398,0.017999999225139618,5.3,-17.0,332.9,1453,1499,1453,1453,1499,1453,245,180,MANUAL (Remote),,0.0
2026-08-10T10:43:28.282,1786333408.282511,0.02500000037252903,4.9,-16.1,334.2,1453,1746,1453,1453,1112,1453,245,180,MANUAL (Remote),,-71.0
2026-08-10T10:43:28.782,1786333408.78252,0.019999999552965164,5.4,-15.3,331.5,1453,1899,1453,1453,1100,1453,245,180,MANUAL (Remote),,-0.5
2026-08-10T10:43:29.282,1786333409.282689,0.01899999938905239,5.0,-17.6,332.2,1435,1499,1435,1435,1499,1435,245,180,MANUAL (Remote),,0.0
2026-08-10T10:43:29.782,1786333409.782458,0.035999998450279236,5.4,-18.7,333.8,1405,1499,1405,1405,1499,1405,245,180,MANUAL (Remote),,0.0
2026-08-10T10:43:30.282,1786333410.282425,0.06300000101327896,6.5,-20.5,335.6,1398,1499,1398,1398,1499,1398,245,180,MANUAL (Remote),,0.0
2026-08-10T10:43:30.782,1786333410.782386,0.0949999988079071,8.3,-22.5,337.1,1398,1862,1398,1398,1100,1398,245,180,MANUAL (Remote),,-19.0
2026-08-10T10:43:31.282,1786333411.282457,0.13099999725818634,7.5,-20.5,325.7,1398,1862,1398,1398,1100,1398,245,180,MANUAL (Remote),,-19.0
2026-08-10T10:43:31.782,1786333411.782453,0.16300000250339508,6.6,-19.5,320.1,1398,1499,1398,1398,1499,1398,245,180,MANUAL (Remote),,0.0
2026-08-10T10:43:32.282,1786333412.282423,0.1889999955892563,5.7,-23.0,326.6,1398,1499,1398,1398,1499,1398,245,180,MANUAL (Remote),,0.0
2026-08-10T10:43:32.782,1786333412.78243,0.2199999988079071,3.9,-22.8,331.2,1398,1499,1398,1398,1499,1398,245,180,MANUAL (Remote),,0.0
2026-08-10T10:43:33.282,1786333413.282568,0.23600000143051147,2.9,-21.2,332.9,1398,1499,1398,1398,1499,1398,245,180,MANUAL (Remote),,0.0
2026-08-10T10:43:33.782,1786333413.782448,0.2590000033378601,4.3,-21.5,335.1,1398,1499,1398,1398,1499,1398,245,180,MANUAL (Remote),,0.0
2026-08-10T10:43:34.282,1786333414.28271,0.2639999985694885,6.3,-21.3,335.8,1398,1899,1398,1398,1100,1398,245,180,MANUAL (Remote),,-0.5
2026-08-10T10:43:34.782,1786333414.782393,0.2770000100135803,5.5,-17.7,325.2,1398,1899,1398,1398,1100,1398,245,180,MANUAL (Remote),,-0.5
2026-08-10T10:43:35.282,1786333415.282588,0.2930000126361847,5.5,-19.1,317.2,1398,1499,1398,1398,1499,1398,245,180,MANUAL (Remote),,0.0
2026-08-10T10:43:35.782,1786333415.782603,0.30000001192092896,4.2,-23.6,321.3,1398,1710,1398,1398,1710,1398,245,180,MANUAL (Remote),,210.0
2026-08-10T10:43:36.282,1786333416.282449,0.32899999618530273,-0.9,-25.3,324.0,1398,1518,1398,1398,1518,1398,245,180,MANUAL (Remote),,0.0
2026-08-10T10:43:36.782,1786333416.782433,0.34700000286102295,-0.1,-23.8,325.4,1398,1499,1398,1398,1499,1398,245,180,MANUAL (Remote),,0.0
2026-08-10T10:43:37.282,1786333417.28243,0.34200000762939453,5.8,-21.5,325.9,1398,1690,1398,1398,1690,1398,245,180,MANUAL (Remote),,190.0
2026-08-10T10:43:37.782,1786333417.782362,0.3619999885559082,5.0,-21.5,327.2,1398,1667,1398,1398,1667,1398,245,180,MANUAL (Remote),,167.0
2026-08-10T10:43:38.282,1786333418.282433,0.38999998569488525,0.3,-22.4,328.4,1398,1564,1398,1398,1564,1398,245,180,MANUAL (Remote),,64.0
2026-08-10T10:43:38.782,1786333418.782486,0.41499999165534973,0.3,-22.7,328.9,1398,1514,1398,1398,1514,1398,245,180,MANUAL (Remote),,0.0
2026-08-10T10:43:39.282,1786333419.282418,0.41999998688697815,4.3,-22.2,329.4,1398,1626,1398,1398,1624,1398,245,180,MANUAL (Remote),,125.0
2026-08-10T10:43:39.782,1786333419.78242,0.4449999928474426,3.7,-21.5,329.6,1398,1685,1398,1398,1683,1398,245,180,MANUAL (Remote),,184.0
2026-08-10T10:43:40.282,1786333420.282445,0.4869999885559082,-3.0,-20.9,329.5,1398,1753,1398,1398,1751,1398,245,180,MANUAL (Remote),,252.0
2026-08-10T10:43:40.782,1786333420.782361,0.5059999823570251,-5.9,-21.0,327.7,1398,1723,1398,1398,1723,1398,245,180,MANUAL (Remote),,223.0
2026-08-10T10:43:41.282,1786333421.282387,0.5009999871253967,-2.0,-21.1,326.2,1398,1584,1398,1398,1592,1398,245,180,MANUAL (Remote),,88.0
2026-08-10T10:43:41.782,1786333421.78239,0.4869999885559082,6.8,-22.0,324.9,1406,1499,1406,1406,1499,1406,245,180,MANUAL (Remote),,0.0
2026-08-10T10:43:42.282,1786333422.282395,0.48500001430511475,10.4,-20.3,325.5,1415,1499,1415,1415,1499,1415,245,180,MANUAL (Remote),,0.0
2026-08-10T10:43:42.782,1786333422.782439,0.47999998927116394,6.7,-17.0,327.2,1424,1499,1424,1424,1499,1424,245,180,MANUAL (Remote),,0.0
2026-08-10T10:43:43.282,1786333423.282386,0.4490000009536743,2.7,-17.3,327.4,1424,1799,1424,1424,1799,1424,245,180,MANUAL (Remote),,299.0
2026-08-10T10:43:43.782,1786333423.782386,0.4020000100135803,2.2,-19.2,327.1,1424,1499,1424,1424,1499,1424,245,180,MANUAL (Remote),,0.0
2026-08-10T10:43:44.282,1786333424.282431,0.32199999690055847,5.6,-19.1,327.7,1424,1546,1424,1424,1454,1424,245,180,MANUAL (Remote),,0.0
2026-08-10T10:43:44.782,1786333424.782421,0.23499999940395355,5.1,-16.5,325.4,1424,1636,1424,1424,1634,1424,245,180,MANUAL (Remote),,135.0
2026-08-10T10:43:45.282,1786333425.282393,0.1550000011920929,3.5,-18.5,322.6,1424,1499,1424,1424,1499,1424,245,180,MANUAL (Remote),,0.0
2026-08-10T10:43:45.782,1786333425.782441,0.07599999755620956,6.8,-22.0,327.2,1424,1499,1424,1424,1499,1424,245,180,MANUAL (Remote),,0.0
2026-08-10T10:43:46.282,1786333426.282405,0.03500000014901161,7.4,-19.8,331.2,1424,1499,1424,1424,1499,1424,245,180,MANUAL (Remote),,0.0
2026-08-10T10:43:46.782,1786333426.782373,0.027000000700354576,6.1,-16.0,333.5,1424,1498,1424,1424,1502,1424,245,180,MANUAL (Remote),,0.0
2026-08-10T10:43:47.282,1786333427.282427,0.03700000047683716,5.9,-16.0,333.9,1424,1859,1424,1424,1100,1424,245,180,MANUAL (Remote),,-20.5
2026-08-10T10:43:47.782,1786333427.782402,0.03700000047683716,6.1,-15.7,327.6,1424,1499,1424,1424,1499,1424,245,180,MANUAL (Remote),,0.0
2026-08-10T10:43:48.282,1786333428.282482,0.041999999433755875,5.5,-18.7,328.0,1424,1481,1424,1424,1479,1424,245,180,MANUAL (Remote),,-10.5
2026-08-10T10:43:48.782,1786333428.782432,0.04399999976158142,7.5,-18.2,327.4,1424,1499,1424,1424,1499,1424,245,180,MANUAL (Remote),,0.0
2026-08-10T10:43:49.282,1786333429.282413,0.03400000184774399,6.6,-18.2,326.9,1424,1882,1424,1424,1100,1424,245,180,MANUAL (Remote),,-9.0
2026-08-10T10:43:49.782,1786333429.782393,0.03999999910593033,3.8,-17.3,321.6,1419,1499,1419,1419,1499,1419,245,180,MANUAL (Remote),,0.0
2026-08-10T10:43:50.282,1786333430.282415,0.05400000140070915,3.3,-20.2,322.5,1396,1499,1396,1396,1499,1396,245,180,MANUAL (Remote),,0.0
2026-08-10T10:43:50.782,1786333430.782404,0.07400000095367432,5.2,-22.9,324.4,1396,1499,1396,1396,1499,1396,245,180,MANUAL (Remote),,0.0
2026-08-10T10:43:51.282,1786333431.282545,0.10300000011920929,7.2,-22.8,325.4,1396,1499,1396,1396,1499,1396,245,180,MANUAL (Remote),,0.0
2026-08-10T10:43:51.782,1786333431.782421,0.13199999928474426,7.3,-21.9,325.6,1396,1704,1396,1396,1702,1396,245,180,MANUAL (Remote),,203.0
2026-08-10T10:43:52.282,1786333432.282432,0.17399999499320984,2.3,-22.3,324.9,1396,1500,1396,1396,1500,1396,245,180,MANUAL (Remote),,0.0
2026-08-10T10:43:52.782,1786333432.78242,0.20499999821186066,3.0,-23.3,324.2,1392,1499,1392,1392,1499,1392,245,180,MANUAL (Remote),,0.0
2026-08-10T10:43:53.282,1786333433.282388,0.23000000417232513,6.4,-24.5,322.9,1381,1499,1381,1381,1499,1381,245,180,MANUAL (Remote),,0.0
2026-08-10T10:43:53.782,1786333433.782514,0.26499998569488525,7.3,-25.6,322.0,1381,1744,1381,1381,1744,1381,245,180,MANUAL (Remote),,244.0
2026-08-10T10:43:54.282,1786333434.282403,0.328000009059906,2.1,-25.5,321.9,1381,1525,1381,1381,1525,1381,245,180,MANUAL (Remote),,25.0
2026-08-10T10:43:54.782,1786333434.782445,0.3889999985694885,0.2,-25.9,321.5,1381,1500,1381,1381,1500,1381,245,180,MANUAL (Remote),,0.0
2026-08-10T10:43:55.282,1786333435.282446,0.43700000643730164,3.8,-26.4,321.8,1381,1499,1381,1381,1499,1381,245,180,MANUAL (Remote),,0.0
2026-08-10T10:43:55.782,1786333435.782434,0.4959999918937683,6.8,-26.6,321.5,1381,1499,1381,1381,1499,1381,245,180,MANUAL (Remote),,0.0
2026-08-10T10:43:56.282,1786333436.282439,0.5649999976158142,6.3,-25.8,320.8,1405,1499,1405,1405,1499,1405,245,180,MANUAL (Remote),,0.0
2026-08-10T10:43:56.782,1786333436.782437,0.6240000128746033,5.1,-20.2,321.2,1435,1499,1435,1435,1499,1435,245,180,MANUAL (Remote),,0.0
2026-08-10T10:43:57.282,1786333437.282433,0.6380000114440918,4.4,-15.8,322.2,1435,1499,1435,1435,1499,1435,245,180,MANUAL (Remote),,0.0
2026-08-10T10:43:57.782,1786333437.782479,0.6119999885559082,4.4,-17.2,324.6,1435,1499,1435,1435,1499,1435,245,180,MANUAL (Remote),,0.0
2026-08-10T10:43:58.282,1786333438.282412,0.5730000138282776,3.8,-19.3,326.8,1435,1898,1435,1435,1900,1435,245,180,MANUAL (Remote),,399.0
2026-08-10T10:43:58.782,1786333438.782491,0.5260000228881836,4.3,-18.3,325.8,1444,1499,1444,1444,1499,1444,245,180,MANUAL (Remote),,0.0
2026-08-10T10:43:59.282,1786333439.282487,0.44699999690055847,9.1,-16.6,326.6,1459,1499,1459,1459,1499,1459,245,180,MANUAL (Remote),,0.0
2026-08-10T10:43:59.782,1786333439.7824,0.34200000762939453,11.1,-14.7,328.9,1459,1499,1459,1459,1499,1459,245,180,MANUAL (Remote),,0.0
2026-08-10T10:44:00.282,1786333440.28243,0.21199999749660492,11.3,-15.8,332.4,1459,1723,1459,1459,1723,1459,245,180,MANUAL (Remote),,223.0
2026-08-10T10:44:00.782,1786333440.782474,0.0820000022649765,9.1,-16.4,335.6,1459,1897,1459,1459,1100,1459,245,180,MANUAL (Remote),,-1.5
2026-08-10T10:44:01.282,1786333441.282379,-0.01600000075995922,7.1,-14.2,322.8,1459,1512,1459,1459,1486,1459,245,180,MANUAL (Remote),,0.0
2026-08-10T10:44:01.782,1786333441.782409,0.009999999776482582,4.5,-18.1,315.5,1459,1499,1459,1459,1499,1459,245,180,MANUAL (Remote),,0.0
2026-08-10T10:44:02.282,1786333442.282452,0.01600000075995922,5.4,-19.7,317.8,1459,1499,1459,1459,1499,1459,245,180,MANUAL (Remote),,0.0
2026-08-10T10:44:02.782,1786333442.782419,0.012000000104308128,3.6,-16.9,320.8,1459,1626,1459,1459,1624,1459,245,180,MANUAL (Remote),,125.0
2026-08-10T10:44:03.282,1786333443.282435,0.01600000075995922,4.4,-15.1,323.2,1459,1500,1459,1459,1500,1459,245,180,MANUAL (Remote),,0.0
2026-08-10T10:44:03.782,1786333443.782368,0.017000000923871994,6.4,-16.8,324.9,1459,1544,1459,1459,1542,1459,245,180,MANUAL (Remote),,43.0
2026-08-10T10:44:04.282,1786333444.282423,0.008999999612569809,5.0,-17.1,326.9,1459,1544,1459,1459,1542,1459,245,180,MANUAL (Remote),,43.0
2026-08-10T10:44:04.782,1786333444.782373,0.014000000432133675,5.0,-16.1,328.7,1459,1499,1459,1459,1499,1459,245,180,MANUAL (Remote),,0.0
2026-08-10T10:44:05.282,1786333445.282386,0.014999999664723873,6.9,-15.3,330.9,1459,1499,1459,1459,1499,1459,245,180,MANUAL (Remote),,0.0
2026-08-10T10:44:05.782,1786333445.782405,0.009999999776482582,6.2,-16.1,333.2,1459,1499,1459,1459,1499,1459,245,180,MANUAL (Remote),,0.0
2026-08-10T10:44:06.282,1786333446.282419,0.02500000037252903,6.1,-17.2,335.2,1459,1499,1459,1459,1499,1459,245,180,MANUAL (Remote),,0.0
2026-08-10T10:44:06.782,1786333446.782447,0.014000000432133675,7.6,-14.3,337.8,1459,1499,1459,1459,1499,1459,245,180,MANUAL (Remote),,0.0
2026-08-10T10:44:07.282,1786333447.282433,0.013000000268220901,5.5,-13.6,340.1,1459,1499,1459,1459,1499,1459,245,180,MANUAL (Remote),,0.0
2026-08-10T10:44:07.782,1786333447.782408,0.017000000923871994,6.6,-14.7,341.3,1459,1899,1459,1459,1100,1459,245,180,MANUAL (Remote),,-0.5
2026-08-10T10:44:08.282,1786333448.282375,-0.0020000000949949026,7.7,-11.7,322.9,1459,1899,1459,1459,1100,1459,245,180,MANUAL (Remote),,-0.5
2026-08-10T10:44:08.782,1786333448.782422,-0.006000000052154064,5.4,-8.1,301.1,1459,1731,1459,1459,1269,1459,245,180,MANUAL (Remote),,0.0
2026-08-10T10:44:09.282,1786333449.282454,0.012000000104308128,-0.1,-12.7,302.3,1459,1499,1459,1459,1499,1459,245,180,MANUAL (Remote),,0.0
2026-08-10T10:44:09.782,1786333449.782379,0.014000000432133675,-1.8,-20.8,308.4,1459,1900,1459,1459,1900,1459,245,180,MANUAL (Remote),,400.0
2026-08-10T10:44:10.282,1786333450.282391,0.02500000037252903,-5.8,-20.3,310.0,1459,1782,1459,1459,1784,1459,245,180,MANUAL (Remote),,283.0
2026-08-10T10:44:10.782,1786333450.782404,0.013000000268220901,3.4,-18.5,311.1,1459,1499,1459,1459,1499,1459,245,180,MANUAL (Remote),,0.0
2026-08-10T10:44:11.282,1786333451.28244,0.004999999888241291,8.5,-16.1,313.9,1459,1503,1459,1459,1503,1459,245,180,MANUAL (Remote),,0.0
2026-08-10T10:44:11.782,1786333451.782452,0.014000000432133675,6.2,-16.8,317.3,1459,1505,1459,1459,1505,1459,245,180,MANUAL (Remote),,0.0
2026-08-10T10:44:12.282,1786333452.282432,0.006000000052154064,4.6,-15.5,319.0,1459,1500,1459,1459,1500,1459,245,180,MANUAL (Remote),,0.0
2026-08-10T10:44:12.782,1786333452.782396,0.017999999225139618,6.6,-16.4,320.1,1459,1531,1459,1459,1533,1459,245,180,MANUAL (Remote),,32.0
2026-08-10T10:44:13.282,1786333453.282435,0.010999999940395355,6.7,-18.9,319.2,1459,1499,1459,1459,1499,1459,245,180,MANUAL (Remote),,0.0
2026-08-10T10:44:13.782,1786333453.782418,0.012000000104308128,5.9,-17.2,321.4,1459,1867,1459,1459,1875,1459,245,180,MANUAL (Remote),,371.0
2026-08-10T10:44:14.282,1786333454.282422,0.024000000208616257,1.2,-16.7,323.5,1459,1574,1459,1459,1450,1459,245,180,MANUAL (Remote),,12.0
2026-08-10T10:44:14.782,1786333454.782435,0.010999999940395355,7.0,-15.8,311.4,1459,1821,1459,1459,1187,1459,245,180,MANUAL (Remote),,4.0
2026-08-10T10:44:15.282,1786333455.282521,0.004999999888241291,7.1,-23.3,301.7,1459,1499,1459,1459,1499,1459,245,180,MANUAL (Remote),,0.0
2026-08-10T10:44:15.782,1786333455.782429,0.014000000432133675,4.1,-24.4,307.8,1459,1898,1459,1459,1900,1459,245,180,MANUAL (Remote),,399.0
2026-08-10T10:44:16.282,1786333456.282483,0.017999999225139618,-1.7,-18.6,313.7,1459,1899,1459,1459,1900,1459,245,180,MANUAL (Remote),,399.5
2026-08-10T10:44:16.782,1786333456.782414,0.019999999552965164,1.1,-16.0,314.8,1459,1843,1459,1459,1843,1459,245,180,MANUAL (Remote),,343.0
2026-08-10T10:44:17.282,1786333457.282407,0.009999999776482582,6.4,-16.7,308.0,1459,1900,1459,1459,1112,1459,245,180,MANUAL (Remote),,6.0
2026-08-10T10:44:17.782,1786333457.782523,0.0010000000474974513,6.8,-17.7,286.4,1459,1499,1459,1459,1499,1459,245,180,MANUAL (Remote),,0.0
2026-08-10T10:44:18.282,1786333458.282455,0.008999999612569809,2.9,-20.7,286.4,1459,1709,1459,1459,1711,1459,245,180,MANUAL (Remote),,210.0
2026-08-10T10:44:18.782,1786333458.782479,0.01899999938905239,-1.5,-17.9,293.2,1459,1710,1459,1459,1710,1459,245,180,MANUAL (Remote),,210.0
2026-08-10T10:44:19.282,1786333459.282491,0.017000000923871994,1.6,-16.6,296.2,1459,1678,1459,1459,1678,1459,245,180,MANUAL (Remote),,178.0
2026-08-10T10:44:19.782,1786333459.782562,0.01600000075995922,3.1,-16.1,296.6,1459,1645,1459,1459,1645,1459,245,180,MANUAL (Remote),,145.0
2026-08-10T10:44:20.282,1786333460.282389,0.00800000037997961,5.0,-20.3,295.1,1459,1499,1459,1459,1499,1459,245,180,MANUAL (Remote),,0.0
2026-08-10T10:44:20.782,1786333460.782472,0.010999999940395355,5.2,-20.7,295.1,1459,1541,1459,1459,1545,1459,245,180,MANUAL (Remote),,43.0
2026-08-10T10:44:21.282,1786333461.28246,0.017000000923871994,3.1,-17.4,295.0,1459,1452,1459,1459,1548,1459,245,180,MANUAL (Remote),,0.0
2026-08-10T10:44:21.782,1786333461.782426,0.007000000216066837,7.2,-17.5,301.8,1459,1116,1459,1459,1900,1459,245,180,MANUAL (Remote),,8.0
2026-08-10T10:44:22.282,1786333462.28257,0.004999999888241291,12.4,-24.2,326.5,1459,1148,1459,1459,1900,1459,245,180,MANUAL (Remote),,24.0
2026-08-10T10:44:22.782,1786333462.782398,-0.0020000000949949026,12.3,-25.7,337.2,1459,1499,1459,1459,1499,1459,245,180,MANUAL (Remote),,0.0
2026-08-10T10:44:23.282,1786333463.282415,0.014999999664723873,7.4,-15.5,331.6,1459,1499,1459,1459,1499,1459,245,180,MANUAL (Remote),,0.0
2026-08-10T10:44:23.782,1786333463.782392,0.009999999776482582,7.8,-11.6,327.2,1459,1499,1459,1459,1499,1459,245,180,MANUAL (Remote),,0.0
2026-08-10T10:44:24.282,1786333464.282406,0.009999999776482582,8.2,-14.4,322.6,1459,1499,1459,1459,1499,1459,245,180,MANUAL (Remote),,0.0
2026-08-10T10:44:24.782,1786333464.782431,0.017000000923871994,6.8,-19.3,319.3,1459,1499,1459,1459,1499,1459,245,180,MANUAL (Remote),,0.0
2026-08-10T10:44:25.282,1786333465.282417,0.017999999225139618,6.4,-18.2,317.6,1459,1499,1459,1459,1499,1459,245,180,MANUAL (Remote),,0.0
2026-08-10T10:44:25.782,1786333465.782441,0.014000000432133675,6.2,-14.1,317.3,1459,1499,1459,1459,1499,1459,245,180,MANUAL (Remote),,0.0
2026-08-10T10:44:26.282,1786333466.282408,0.017000000923871994,5.4,-13.5,317.2,1459,1499,1459,1459,1499,1459,245,180,MANUAL (Remote),,0.0
2026-08-10T10:44:26.782,1786333466.782363,0.01600000075995922,5.6,-17.2,316.3,1459,1499,1459,1459,1499,1459,245,180,MANUAL (Remote),,0.0
2026-08-10T10:44:27.282,1786333467.282418,0.008999999612569809,6.5,-20.8,316.6,1459,1116,1459,1459,1900,1459,245,180,MANUAL (Remote),,8.0
2026-08-10T10:44:27.782,1786333467.782446,-0.0010000000474974513,11.2,-23.5,338.3,1459,1114,1459,1459,1900,1459,245,180,MANUAL (Remote),,7.0
2026-08-10T10:44:28.282,1786333468.282439,0.004000000189989805,11.2,-21.9,353.3,1459,1499,1459,1459,1499,1459,245,180,MANUAL (Remote),,0.0
2026-08-10T10:44:28.782,1786333468.782419,0.017999999225139618,7.4,-13.1,350.1,1459,1188,1459,1459,1856,1459,245,180,MANUAL (Remote),,22.0
2026-08-10T10:44:29.282,1786333469.282404,0.010999999940395355,10.1,-15.2,0.7,1459,1187,1459,1459,1855,1459,245,180,MANUAL (Remote),,21.0
2026-08-10T10:44:29.782,1786333469.782371,0.004000000189989805,10.9,-18.3,13.8,1459,1301,1459,1459,1747,1459,245,180,MANUAL (Remote),,24.0
2026-08-10T10:44:30.282,1786333470.282393,0.004999999888241291,6.7,-12.7,12.9,1459,1837,1459,1459,1900,1459,245,180,MANUAL (Remote),,368.5
2026-08-10T10:44:30.782,1786333470.782411,0.02500000037252903,1.1,-3.8,5.0,1459,1881,1459,1459,1900,1459,245,180,MANUAL (Remote),,390.5
2026-08-10T10:44:31.282,1786333471.282397,0.009999999776482582,1.0,-6.5,357.3,1459,1510,1459,1459,1514,1459,245,180,MANUAL (Remote),,0.0
2026-08-10T10:44:31.782,1786333471.782406,0.017000000923871994,10.8,-12.0,350.6,1459,1499,1459,1459,1499,1459,245,180,MANUAL (Remote),,0.0
2026-08-10T10:44:32.282,1786333472.282439,-0.0010000000474974513,8.2,-10.9,343.9,1459,1499,1459,1459,1499,1459,245,180,MANUAL (Remote),,0.0
2026-08-10T10:44:32.782,1786333472.782399,0.013000000268220901,5.1,-8.8,338.0,1459,1500,1459,1459,1500,1459,245,180,MANUAL (Remote),,0.0
2026-08-10T10:44:33.282,1786333473.282451,0.01600000075995922,4.3,-12.7,333.8,1459,1891,1459,1459,1900,1459,245,180,MANUAL (Remote),,395.5
2026-08-10T10:44:33.782,1786333473.782377,0.024000000208616257,0.7,-16.8,330.3,1459,1499,1459,1459,1499,1459,245,180,MANUAL (Remote),,0.0
2026-08-10T10:44:34.282,1786333474.282408,0.004999999888241291,8.3,-19.3,328.5,1446,1499,1446,1446,1499,1446,245,180,MANUAL (Remote),,0.0
2026-08-10T10:44:34.782,1786333474.78242,0.026000000536441803,5.7,-16.1,327.8,1419,1499,1419,1419,1499,1419,245,180,MANUAL (Remote),,0.0
2026-08-10T10:44:35.282,1786333475.282423,0.05700000002980232,1.9,-18.2,325.9,1392,1499,1392,1392,1499,1392,245,180,MANUAL (Remote),,0.0
2026-08-10T10:44:35.782,1786333475.782501,0.0949999988079071,2.0,-23.3,322.9,1392,1499,1392,1392,1499,1392,245,180,MANUAL (Remote),,0.0
2026-08-10T10:44:36.282,1786333476.282379,0.14499999582767487,3.8,-27.2,324.1,1392,1499,1392,1392,1499,1392,245,180,MANUAL (Remote),,0.0
2026-08-10T10:44:36.782,1786333476.782468,0.19200000166893005,5.6,-25.4,327.8,1392,1499,1392,1392,1499,1392,245,180,MANUAL (Remote),,0.0
2026-08-10T10:44:37.282,1786333477.282382,0.2370000034570694,2.7,-21.6,324.9,1392,1216,1392,1392,1884,1392,245,180,MANUAL (Remote),,50.0
2026-08-10T10:44:37.782,1786333477.782443,0.2809999883174896,2.8,-25.5,336.5,1392,1216,1392,1392,1884,1392,245,180,MANUAL (Remote),,50.0
2026-08-10T10:44:38.282,1786333478.282396,0.33000001311302185,6.5,-24.7,339.5,1392,1898,1392,1392,1900,1392,245,180,MANUAL (Remote),,399.0
2026-08-10T10:44:38.782,1786333478.782435,0.3720000088214874,2.7,-20.0,333.7,1392,1809,1392,1392,1895,1392,245,180,MANUAL (Remote),,352.0
2026-08-10T10:44:39.282,1786333479.282804,0.4300000071525574,-6.5,-21.7,333.5,1392,1233,1392,1392,1883,1392,245,180,MANUAL (Remote),,58.0
2026-08-10T10:44:39.782,1786333479.78242,0.4410000145435333,1.5,-28.2,342.1,1392,1499,1392,1392,1499,1392,245,180,MANUAL (Remote),,0.0
2026-08-10T10:44:40.282,1786333480.282459,0.44699999690055847,9.9,-22.0,336.1,1392,1524,1392,1392,1524,1392,245,180,MANUAL (Remote),,24.0
2026-08-10T10:44:40.782,1786333480.782381,0.4959999918937683,9.4,-18.6,331.8,1392,1533,1392,1392,1535,1392,245,180,MANUAL (Remote),,34.0
2026-08-10T10:44:41.282,1786333481.282421,0.5540000200271606,3.6,-21.1,327.7,1403,1499,1403,1403,1499,1403,245,180,MANUAL (Remote),,0.0
2026-08-10T10:44:41.782,1786333481.782377,0.6100000143051147,0.4,-22.8,325.7,1418,1499,1418,1418,1499,1418,245,180,MANUAL (Remote),,0.0
2026-08-10T10:44:42.282,1786333482.282477,0.6179999709129333,1.4,-21.9,325.0,1418,1116,1418,1418,1900,1418,245,180,MANUAL (Remote),,8.0
2026-08-10T10:44:42.782,1786333482.782383,0.6159999966621399,5.8,-23.8,332.8,1418,1499,1418,1418,1499,1418,245,180,MANUAL (Remote),,0.0
2026-08-10T10:44:43.282,1786333483.28265,0.6179999709129333,6.1,-21.0,330.7,1418,1714,1418,1418,1868,1418,245,180,MANUAL (Remote),,291.0
2026-08-10T10:44:43.782,1786333483.782492,0.6179999709129333,3.5,-20.4,330.5,1418,1470,1418,1418,1548,1418,245,180,MANUAL (Remote),,9.0
2026-08-10T10:44:44.282,1786333484.282434,0.6029999852180481,2.3,-20.2,326.3,1423,1499,1423,1423,1499,1423,245,180,MANUAL (Remote),,0.0
2026-08-10T10:44:44.782,1786333484.782382,0.5740000009536743,2.0,-20.2,321.8,1423,1499,1423,1423,1499,1423,245,180,MANUAL (Remote),,0.0
2026-08-10T10:44:45.282,1786333485.282402,0.5389999747276306,2.0,-19.1,319.3,1423,1499,1423,1423,1499,1423,245,180,MANUAL (Remote),,0.0
2026-08-10T10:44:45.782,1786333485.782436,0.4909999966621399,1.7,-18.0,317.1,1423,1499,1423,1423,1499,1423,245,180,MANUAL (Remote),,0.0
2026-08-10T10:44:46.282,1786333486.282418,0.4339999854564667,1.2,-17.5,315.3,1423,1100,1423,1423,1900,1423,245,180,MANUAL (Remote),,0.0
2026-08-10T10:44:46.782,1786333486.78244,0.367000013589859,5.9,-25.1,331.2,1423,1102,1423,1423,1900,1423,245,180,MANUAL (Remote),,1.0
2026-08-10T10:44:47.282,1786333487.282511,0.31200000643730164,10.8,-27.7,345.7,1423,1499,1423,1423,1499,1423,245,180,MANUAL (Remote),,0.0
2026-08-10T10:44:47.782,1786333487.782405,0.2669999897480011,7.7,-19.2,340.7,1423,1554,1423,1423,1568,1423,245,180,MANUAL (Remote),,61.0
2026-08-10T10:44:48.282,1786333488.282428,0.2070000022649765,3.0,-15.2,333.2,1423,1499,1423,1423,1499,1423,245,180,MANUAL (Remote),,0.0
2026-08-10T10:44:48.782,1786333488.782363,0.14100000262260437,1.6,-19.6,328.8,1423,1104,1423,1423,1900,1423,245,180,MANUAL (Remote),,2.0
2026-08-10T10:44:49.282,1786333489.282436,0.06800000369548798,6.3,-24.0,339.6,1423,1499,1423,1423,1499,1423,245,180,MANUAL (Remote),,0.0
2026-08-10T10:44:49.782,1786333489.782449,0.04100000113248825,4.5,-17.7,338.4,1423,1878,1423,1423,1900,1423,245,180,MANUAL (Remote),,389.0
2026-08-10T10:44:50.282,1786333490.282374,0.04899999871850014,-3.9,-15.8,334.8,1423,1878,1423,1423,1900,1423,245,180,MANUAL (Remote),,389.0
2026-08-10T10:44:50.782,1786333490.782381,0.03400000184774399,-2.4,-19.7,331.8,1423,1757,1423,1423,1825,1423,245,180,MANUAL (Remote),,291.0
2026-08-10T10:44:51.282,1786333491.282443,0.03400000184774399,7.6,-23.7,329.1,1417,1499,1417,1417,1499,1417,245,180,MANUAL (Remote),,0.0
2026-08-10T10:44:51.782,1786333491.782404,0.041999999433755875,11.5,-22.7,328.3,1402,1499,1402,1402,1499,1402,245,180,MANUAL (Remote),,0.0
2026-08-10T10:44:52.282,1786333492.282376,0.07900000363588333,8.6,-23.5,328.9,1402,1109,1402,1402,1900,1402,245,180,MANUAL (Remote),,4.5
2026-08-10T10:44:52.782,1786333492.782395,0.09600000083446503,12.5,-27.9,348.0,1402,1499,1402,1402,1499,1402,245,180,MANUAL (Remote),,0.0
2026-08-10T10:44:53.282,1786333493.282377,0.12200000137090683,11.4,-25.9,347.0,1402,1741,1402,1402,1747,1402,245,180,MANUAL (Remote),,244.0
2026-08-10T10:44:53.782,1786333493.7824,0.164000004529953,2.4,-20.2,342.2,1402,1646,1402,1402,1654,1402,245,180,MANUAL (Remote),,150.0
2026-08-10T10:44:54.282,1786333494.282412,0.1899999976158142,-0.7,-19.7,337.7,1402,1548,1402,1402,1558,1402,245,180,MANUAL (Remote),,53.0
2026-08-10T10:44:54.782,1786333494.78237,0.19699999690055847,3.1,-23.1,333.5,1402,1499,1402,1402,1499,1402,245,180,MANUAL (Remote),,0.0
2026-08-10T10:44:55.282,1786333495.282373,0.2070000022649765,6.9,-24.3,331.3,1402,1499,1402,1402,1499,1402,245,180,MANUAL (Remote),,0.0
2026-08-10T10:44:55.782,1786333495.782411,0.2240000069141388,6.4,-22.9,330.4,1402,1577,1402,1402,1591,1402,245,180,MANUAL (Remote),,84.0
2026-08-10T10:44:56.282,1786333496.282508,0.25999999046325684,3.7,-21.3,329.2,1402,1470,1402,1402,1566,1402,245,180,MANUAL (Remote),,18.0
2026-08-10T10:44:56.782,1786333496.782391,0.2879999876022339,2.1,-24.0,332.5,1402,1105,1402,1402,1900,1402,245,180,MANUAL (Remote),,2.5
2026-08-10T10:44:57.282,1786333497.282369,0.3070000112056732,6.8,-27.1,343.7,1402,1499,1402,1402,1499,1402,245,180,MANUAL (Remote),,0.0
2026-08-10T10:44:57.782,1786333497.782408,0.3230000138282776,6.4,-21.9,337.8,1402,1519,1402,1402,1519,1402,245,180,MANUAL (Remote),,0.0
2026-08-10T10:44:58.282,1786333498.28246,0.34700000286102295,4.5,-20.3,331.9,1402,1520,1402,1402,1522,1402,245,180,MANUAL (Remote),,11.0
2026-08-10T10:44:58.782,1786333498.782425,0.36899998784065247,2.1,-21.7,326.6,1402,1573,1402,1402,1581,1402,245,180,MANUAL (Remote),,77.0
2026-08-10T10:44:59.282,1786333499.282521,0.39500001072883606,1.7,-25.8,330.8,1402,1271,1402,1402,1869,1402,245,180,MANUAL (Remote),,70.0
2026-08-10T10:44:59.782,1786333499.782425,0.40700000524520874,3.6,-25.6,336.0,1402,1499,1402,1402,1499,1402,245,180,MANUAL (Remote),,0.0
2026-08-10T10:45:00.282,1786333500.282434,0.4230000078678131,5.0,-20.1,330.5,1402,1118,1402,1402,1900,1402,245,180,MANUAL (Remote),,9.0
2026-08-10T10:45:00.782,1786333500.782439,0.41499999165534973,10.6,-25.0,345.4,1402,1499,1402,1402,1499,1402,245,180,MANUAL (Remote),,0.0
2026-08-10T10:45:01.282,1786333501.282425,0.44200000166893005,10.9,-26.0,345.8,1402,1630,1402,1402,1630,1402,245,180,MANUAL (Remote),,130.0
2026-08-10T10:45:01.782,1786333501.782396,0.46799999475479126,4.8,-21.0,339.9,1402,1656,1402,1402,1656,1402,245,180,MANUAL (Remote),,156.0
2026-08-10T10:45:02.282,1786333502.282612,0.4860000014305115,-1.0,-19.3,334.9,1402,1630,1402,1402,1630,1402,245,180,MANUAL (Remote),,130.0
2026-08-10T10:45:02.782,1786333502.782413,0.4959999918937683,-0.7,-21.7,330.9,1402,1499,1402,1402,1499,1402,245,145,MANUAL (Remote),,0.0
2026-08-10T10:45:03.282,1786333503.282475,0.49300000071525574,3.8,-22.9,328.4,1402,1248,1402,1402,1766,1402,245,145,MANUAL (Remote),,7.0
2026-08-10T10:45:03.782,1786333503.782416,0.49799999594688416,6.8,-23.9,331.9,1402,1499,1402,1402,1499,1402,245,145,MANUAL (Remote),,0.0
2026-08-10T10:45:04.282,1786333504.282405,0.5170000195503235,6.6,-23.8,332.5,1402,1862,1402,1402,1862,1402,245,145,MANUAL (Remote),,362.0
2026-08-10T10:45:04.782,1786333504.782603,0.5559999942779541,-6.2,-22.6,326.6,1402,1862,1402,1402,1862,1402,245,145,MANUAL (Remote),,362.0
2026-08-10T10:45:05.282,1786333505.282502,0.5690000057220459,-8.4,-24.1,321.3,1402,1499,1402,1402,1499,1402,245,145,MANUAL (Remote),,0.0
2026-08-10T10:45:05.782,1786333505.782448,0.5350000262260437,1.9,-26.0,318.0,1402,1117,1402,1402,1900,1402,245,145,MANUAL (Remote),,8.5
2026-08-10T10:45:06.282,1786333506.282401,0.5220000147819519,10.6,-28.2,328.6,1402,1136,1402,1402,1898,1402,245,145,MANUAL (Remote),,17.0
2026-08-10T10:45:06.782,1786333506.782399,0.5230000019073486,16.1,-29.1,344.3,1402,1499,1402,1402,1499,1402,245,145,MANUAL (Remote),,0.0
2026-08-10T10:45:07.282,1786333507.282575,0.5550000071525574,10.6,-22.9,339.6,1402,1499,1402,1402,1499,1402,245,145,MANUAL (Remote),,0.0
2026-08-10T10:45:07.782,1786333507.782405,0.5809999704360962,2.5,-19.6,333.2,1402,1219,1402,1402,1887,1402,245,145,MANUAL (Remote),,53.0
2026-08-10T10:45:08.282,1786333508.282396,0.6010000109672546,-1.6,-23.3,331.7,1402,1491,1402,1402,1509,1402,245,145,MANUAL (Remote),,0.0
2026-08-10T10:45:08.782,1786333508.782604,0.5950000286102295,2.3,-25.4,327.0,1402,1182,1402,1402,1850,1402,245,145,MANUAL (Remote),,16.0
2026-08-10T10:45:09.282,1786333509.28239,0.574999988079071,11.0,-27.9,339.1,1402,1121,1402,1402,1900,1402,245,145,MANUAL (Remote),,10.5
2026-08-10T10:45:09.782,1786333509.782384,0.5789999961853027,16.3,-24.0,352.3,1402,1499,1402,1402,1499,1402,245,145,MANUAL (Remote),,0.0
2026-08-10T10:45:10.282,1786333510.282361,0.6079999804496765,9.2,-17.4,344.5,1402,1564,1402,1402,1564,1402,245,145,MANUAL (Remote),,64.0
2026-08-10T10:45:10.782,1786333510.782428,0.6290000081062317,2.8,-17.6,335.6,1402,1650,1402,1402,1662,1402,245,145,MANUAL (Remote),,156.0
2026-08-10T10:45:11.282,1786333511.282379,0.6430000066757202,-5.2,-20.9,327.0,1402,1893,1402,1402,1900,1402,245,145,MANUAL (Remote),,396.5
2026-08-10T10:45:11.782,1786333511.782393,0.6359999775886536,-8.0,-22.5,320.2,1402,1893,1402,1402,1900,1402,245,145,MANUAL (Remote),,396.5
2026-08-10T10:45:12.282,1786333512.28242,0.621999979019165,-3.8,-27.6,318.3,1402,1499,1402,1402,1499,1402,245,145,MANUAL (Remote),,0.0
2026-08-10T10:45:12.782,1786333512.782402,0.5979999899864197,6.2,-26.3,316.5,1384,1499,1384,1384,1499,1384,245,145,MANUAL (Remote),,0.0
2026-08-10T10:45:13.282,1786333513.282424,0.6209999918937683,5.1,-19.1,316.6,1405,1499,1405,1405,1499,1405,245,145,MANUAL (Remote),,0.0
2026-08-10T10:45:13.782,1786333513.7824,0.6449999809265137,1.7,-17.1,314.9,1438,1499,1438,1438,1499,1438,245,145,MANUAL (Remote),,0.0
2026-08-10T10:45:14.282,1786333514.282387,0.6190000176429749,2.2,-18.2,312.7,1465,1499,1465,1465,1499,1465,245,145,MANUAL (Remote),,0.0
2026-08-10T10:45:14.782,1786333514.782385,0.5450000166893005,2.2,-18.0,311.8,1495,1499,1495,1495,1499,1495,245,145,MANUAL (Remote),,0.0
2026-08-10T10:45:15.282,1786333515.282436,0.4339999854564667,2.2,-17.1,312.1,1525,1499,1525,1525,1499,1525,245,145,MANUAL (Remote),,0.0
2026-08-10T10:45:15.782,1786333515.782389,0.28999999165534973,1.5,-16.7,313.3,1552,1499,1552,1552,1499,1552,245,145,MANUAL (Remote),,0.0
2026-08-10T10:45:16.282,1786333516.282421,0.13199999928474426,1.2,-16.9,315.1,1567,1499,1567,1567,1499,1567,245,145,MANUAL (Remote),,0.0
2026-08-10T10:45:16.782,1786333516.782363,-0.02800000086426735,1.4,-16.1,318.1,1567,1499,1567,1567,1499,1567,245,145,MANUAL (Remote),,0.0
2026-08-10T10:45:17.282,1786333517.282364,-0.003000000026077032,3.1,-16.3,319.9,1567,1499,1567,1567,1499,1567,245,145,MANUAL (Remote),,0.0
2026-08-10T10:45:17.782,1786333517.782399,0.0010000000474974513,5.3,-18.9,320.3,1567,1499,1567,1567,1499,1567,245,145,MANUAL (Remote),,0.0
2026-08-10T10:45:18.282,1786333518.282439,-0.00800000037997961,3.1,-19.1,322.3,1567,1499,1567,1567,1499,1567,245,145,MANUAL (Remote),,0.0
2026-08-10T10:45:18.782,1786333518.782424,0.0,4.7,-21.0,323.3,1567,1499,1567,1567,1499,1567,245,145,MANUAL (Remote),,0.0
2026-08-10T10:45:19.282,1786333519.28245,-0.006000000052154064,4.9,-21.0,325.2,1567,1133,1567,1567,1900,1567,245,145,MANUAL (Remote),,16.5
2026-08-10T10:45:19.782,1786333519.782393,-0.017999999225139618,10.8,-22.6,346.2,1567,1133,1567,1567,1900,1567,245,145,MANUAL (Remote),,16.5
2026-08-10T10:45:20.282,1786333520.282374,-0.014999999664723873,13.3,-24.2,7.1,1567,1133,1567,1567,1900,1567,245,145,MANUAL (Remote),,16.5
2026-08-10T10:45:20.782,1786333520.782434,-0.0020000000949949026,7.7,-17.8,8.8,1567,1499,1567,1567,1499,1567,245,145,MANUAL (Remote),,0.0
2026-08-10T10:45:21.282,1786333521.282442,-0.003000000026077032,6.0,-6.8,1.1,1567,1890,1567,1567,1100,1567,245,145,MANUAL (Remote),,-5.0
2026-08-10T10:45:21.782,1786333521.782396,-0.006000000052154064,10.1,-7.0,344.8,1567,1499,1567,1567,1499,1567,245,145,MANUAL (Remote),,0.0
2026-08-10T10:45:22.282,1786333522.282399,0.0010000000474974513,5.1,-12.9,339.8,1567,1499,1567,1567,1499,1567,245,145,MANUAL (Remote),,0.0
2026-08-10T10:45:22.782,1786333522.782397,-0.003000000026077032,4.5,-15.2,338.6,1567,1499,1567,1567,1499,1567,245,145,MANUAL (Remote),,0.0
2026-08-10T10:45:23.282,1786333523.282401,-0.003000000026077032,5.7,-13.4,339.5,1567,1499,1567,1567,1499,1567,245,145,MANUAL (Remote),,0.0
2026-08-10T10:45:23.782,1786333523.782454,-0.004000000189989805,4.1,-12.5,340.7,1567,1499,1567,1567,1499,1567,245,145,MANUAL (Remote),,0.0
2026-08-10T10:45:24.282,1786333524.282424,0.004000000189989805,5.8,-14.9,341.3,1567,1499,1567,1567,1499,1567,245,145,MANUAL (Remote),,0.0
2026-08-10T10:45:24.782,1786333524.782626,-0.009999999776482582,5.4,-16.5,341.9,1567,1625,1567,1567,1373,1567,245,145,MANUAL (Remote),,-1.0
2026-08-10T10:45:25.282,1786333525.282562,0.0010000000474974513,4.6,-14.5,339.1,1567,1499,1567,1567,1499,1567,245,145,MANUAL (Remote),,0.0
2026-08-10T10:45:25.782,1786333525.7824,-0.00800000037997961,5.2,-12.9,336.4,1567,1499,1567,1567,1499,1567,245,145,MANUAL (Remote),,0.0
2026-08-10T10:45:26.282,1786333526.282432,-0.0010000000474974513,3.5,-13.2,338.0,1567,1499,1567,1567,1499,1567,245,145,MANUAL (Remote),,0.0
2026-08-10T10:45:26.782,1786333526.782405,-0.003000000026077032,5.7,-15.9,339.2,1567,1499,1567,1567,1499,1567,245,145,MANUAL (Remote),,0.0
2026-08-10T10:45:27.282,1786333527.282517,0.003000000026077032,5.0,-16.3,341.4,1567,1499,1567,1567,1499,1567,245,145,MANUAL (Remote),,0.0
2026-08-10T10:45:27.782,1786333527.782448,-0.0020000000949949026,5.1,-13.9,343.4,1567,1499,1567,1567,1499,1567,245,145,MANUAL (Remote),,0.0
2026-08-10T10:45:28.282,1786333528.282386,0.0020000000949949026,6.0,-12.9,344.0,1567,1499,1567,1567,1499,1567,245,145,MANUAL (Remote),,0.0
2026-08-10T10:45:28.782,1786333528.782434,-0.0010000000474974513,6.3,-12.4,344.6,1567,1499,1567,1567,1499,1567,245,145,MANUAL (Remote),,0.0
2026-08-10T10:45:29.282,1786333529.282501,-0.004999999888241291,5.9,-12.2,344.0,1567,1499,1567,1567,1499,1567,245,145,MANUAL (Remote),,0.0
2026-08-10T10:45:29.782,1786333529.782413,0.0010000000474974513,6.7,-10.6,342.8,1567,1499,1567,1567,1499,1567,245,145,MANUAL (Remote),,0.0
2026-08-10T10:45:30.282,1786333530.282557,-0.0020000000949949026,7.9,-12.0,341.5,1567,1499,1567,1567,1499,1567,245,145,MANUAL (Remote),,0.0
2026-08-10T10:45:30.782,1786333530.782491,-0.003000000026077032,6.9,-10.6,339.7,1567,1499,1567,1567,1499,1567,245,145,MANUAL (Remote),,0.0
2026-08-10T10:45:31.282,1786333531.282493,0.0,7.3,-7.9,337.0,1567,1499,1567,1567,1499,1567,245,145,MANUAL (Remote),,0.0
2026-08-10T10:45:31.782,1786333531.78264,-0.007000000216066837,8.9,-9.3,334.2,1567,1499,1567,1567,1499,1567,245,145,MANUAL (Remote),,0.0
2026-08-10T10:45:32.282,1786333532.282364,-0.0020000000949949026,7.7,-8.9,330.2,1567,1499,1567,1567,1499,1567,245,145,MANUAL (Remote),,0.0
2026-08-10T10:45:32.782,1786333532.782406,-0.004000000189989805,8.1,-10.1,319.2,1567,1499,1567,1567,1499,1567,245,145,MANUAL (Remote),,0.0
2026-08-10T10:45:33.282,1786333533.28239,0.0,5.9,-11.9,317.1,1567,1499,1567,1567,1499,1567,245,145,MANUAL (Remote),,0.0
2026-08-10T10:45:33.782,1786333533.782396,0.0020000000949949026,4.4,-12.6,315.8,1567,1881,1567,1567,1117,1567,245,145,MANUAL (Remote),,-1.0
2026-08-10T10:45:34.282,1786333534.282412,-0.004999999888241291,4.4,-14.4,303.6,1567,1499,1567,1567,1499,1567,245,145,MANUAL (Remote),,0.0
2026-08-10T10:45:34.782,1786333534.782457,-0.0010000000474974513,-3.7,-17.7,308.1,1567,1887,1567,1567,1900,1567,245,145,MANUAL (Remote),,393.5
2026-08-10T10:45:35.282,1786333535.282401,0.006000000052154064,-3.1,-21.3,311.0,1567,1494,1567,1567,1506,1567,245,145,MANUAL (Remote),,0.0
2026-08-10T10:45:35.782,1786333535.782408,-0.010999999940395355,1.8,-22.0,314.6,1567,1389,1567,1567,1639,1567,245,145,MANUAL (Remote),,14.0
2026-08-10T10:45:36.282,1786333536.282412,-0.003000000026077032,-0.4,-22.1,323.2,1567,1430,1567,1567,1606,1567,245,145,MANUAL (Remote),,18.0
2026-08-10T10:45:36.782,1786333536.7824,0.004999999888241291,1.9,-18.7,328.0,1567,1499,1567,1567,1499,1567,245,145,MANUAL (Remote),,0.0
2026-08-10T10:45:37.282,1786333537.282374,-0.007000000216066837,5.5,-17.3,330.0,1567,1246,1567,1567,1764,1567,245,145,MANUAL (Remote),,5.0
2026-08-10T10:45:37.782,1786333537.782442,-0.0020000000949949026,8.0,-21.5,341.9,1567,1302,1567,1567,1708,1567,245,145,MANUAL (Remote),,5.0
2026-08-10T10:45:38.282,1786333538.282482,0.003000000026077032,9.0,-18.7,344.2,1567,1499,1567,1567,1499,1567,245,145,MANUAL (Remote),,0.0
2026-08-10T10:45:38.782,1786333538.782435,-0.0010000000474974513,8.5,-10.5,336.5,1567,1499,1567,1567,1499,1567,245,145,MANUAL (Remote),,0.0
2026-08-10T10:45:39.282,1786333539.282427,-0.004999999888241291,10.7,-6.4,328.9,1567,1499,1567,1567,1499,1567,245,145,MANUAL (Remote),,0.0
2026-08-10T10:45:39.782,1786333539.782461,-0.004000000189989805,9.2,-9.0,321.7,1567,1499,1567,1567,1499,1567,245,145,MANUAL (Remote),,0.0
2026-08-10T10:45:40.282,1786333540.282428,-0.004000000189989805,8.2,-13.4,314.8,1567,1499,1567,1567,1499,1567,245,145,MANUAL (Remote),,0.0
2026-08-10T10:45:40.782,1786333540.782396,-0.004999999888241291,8.0,-12.5,310.5,1567,1499,1567,1567,1499,1567,245,145,MANUAL (Remote),,0.0
2026-08-10T10:45:41.282,1786333541.282407,-0.004000000189989805,5.7,-11.9,307.5,1567,1500,1567,1567,1498,1567,245,145,MANUAL (Remote),,0.0
2026-08-10T10:45:41.782,1786333541.782437,-0.0010000000474974513,5.5,-12.6,300.1,1567,1899,1567,1567,1100,1567,245,145,MANUAL (Remote),,-0.5
2026-08-10T10:45:42.282,1786333542.282418,-0.006000000052154064,0.7,-12.5,283.9,1567,1499,1567,1567,1499,1567,245,145,MANUAL (Remote),,0.0
2026-08-10T10:45:42.782,1786333542.782444,-0.004999999888241291,-6.8,-18.9,291.1,1567,1688,1567,1567,1692,1567,245,145,MANUAL (Remote),,190.0
2026-08-10T10:45:43.282,1786333543.282557,0.0020000000949949026,-9.0,-24.1,296.9,1567,1750,1567,1567,1754,1567,245,145,MANUAL (Remote),,252.0
2026-08-10T10:45:43.782,1786333543.78244,0.0,-9.8,-23.6,301.1,1567,1666,1567,1567,1668,1567,245,145,MANUAL (Remote),,167.0
2026-08-10T10:45:44.282,1786333544.282381,-0.006000000052154064,-5.1,-21.2,305.7,1567,1499,1567,1567,1499,1567,245,145,MANUAL (Remote),,0.0
2026-08-10T10:45:44.782,1786333544.782426,-0.004999999888241291,-3.7,-20.8,312.0,1567,1499,1567,1567,1499,1567,245,145,MANUAL (Remote),,0.0
2026-08-10T10:45:45.282,1786333545.28264,-0.0020000000949949026,-3.1,-21.6,316.7,1567,1100,1567,1567,1900,1567,245,145,MANUAL (Remote),,0.0
2026-08-10T10:45:45.782,1786333545.782368,-0.010999999940395355,7.2,-28.6,336.3,1567,1100,1567,1567,1900,1567,245,145,MANUAL (Remote),,0.0
2026-08-10T10:45:46.282,1786333546.282474,-0.007000000216066837,11.1,-28.6,348.4,1567,1499,1567,1567,1499,1567,245,145,MANUAL (Remote),,0.0
2026-08-10T10:45:46.782,1786333546.782415,-0.006000000052154064,6.2,-15.5,340.0,1567,1499,1567,1567,1499,1567,245,145,MANUAL (Remote),,0.0
2026-08-10T10:45:47.282,1786333547.28254,-0.006000000052154064,10.1,-8.4,333.1,1567,1104,1567,1567,1900,1567,245,145,MANUAL (Remote),,2.0
2026-08-10T10:45:47.782,1786333547.782494,-0.006000000052154064,13.7,-13.6,343.9,1567,1499,1567,1567,1499,1567,245,145,MANUAL (Remote),,0.0
2026-08-10T10:45:48.282,1786333548.28253,-0.006000000052154064,9.6,-12.0,340.5,1567,1442,1567,1567,1848,1567,245,145,MANUAL (Remote),,145.0
2026-08-10T10:45:48.782,1786333548.78241,0.003000000026077032,7.7,-8.4,334.7,1567,1722,1567,1567,1876,1567,245,145,MANUAL (Remote),,299.0
2026-08-10T10:45:49.282,1786333549.282577,0.004999999888241291,7.3,-7.0,332.4,1567,1743,1567,1567,1839,1567,245,145,MANUAL (Remote),,291.0
2026-08-10T10:45:49.782,1786333549.782482,-0.0020000000949949026,8.8,-10.1,325.6,1567,1788,1567,1567,1794,1567,245,145,MANUAL (Remote),,291.0
2026-08-10T10:45:50.282,1786333550.282467,0.004999999888241291,7.9,-9.2,317.5,1567,1897,1567,1567,1900,1567,245,145,MANUAL (Remote),,398.5
2026-08-10T10:45:50.782,1786333550.782456,0.007000000216066837,7.4,-9.6,310.0,1567,1499,1567,1567,1499,1567,245,145,MANUAL (Remote),,0.0
2026-08-10T10:45:51.282,1786333551.282403,-0.008999999612569809,10.9,-11.6,303.2,1567,1499,1567,1567,1499,1567,245,145,MANUAL (Remote),,0.0
2026-08-10T10:45:51.782,1786333551.782408,0.003000000026077032,6.3,-13.8,297.7,1567,1550,1567,1567,1550,1567,245,145,MANUAL (Remote),,50.0
2026-08-10T10:45:52.282,1786333552.282423,0.0020000000949949026,4.7,-14.4,292.9,1567,1499,1567,1567,1499,1567,245,145,MANUAL (Remote),,0.0
2026-08-10T10:45:52.782,1786333552.78249,-0.0020000000949949026,5.4,-18.1,288.4,1567,1899,1567,1567,1100,1567,245,145,MANUAL (Remote),,-0.5
2026-08-10T10:45:53.282,1786333553.282499,0.004999999888241291,2.1,-14.5,276.4,1567,1899,1567,1567,1100,1567,245,145,MANUAL (Remote),,-0.5
2026-08-10T10:45:53.782,1786333553.78243,-0.010999999940395355,-1.7,-3.0,254.0,1567,1898,1567,1567,1100,1567,245,145,MANUAL (Remote),,-1.0
2026-08-10T10:45:54.282,1786333554.282432,-0.006000000052154064,-12.7,-1.6,245.1,1567,1499,1567,1567,1499,1567,245,145,MANUAL (Remote),,0.0
2026-08-10T10:45:54.782,1786333554.782423,-0.007000000216066837,-20.1,-14.7,250.0,1567,1897,1567,1567,1100,1567,245,145,MANUAL (Remote),,-1.5
2026-08-10T10:45:55.282,1786333555.282376,-0.007000000216066837,-22.1,-5.4,229.8,1567,1499,1567,1567,1499,1567,245,145,MANUAL (Remote),,0.0
2026-08-10T10:45:55.782,1786333555.782399,-0.0020000000949949026,-30.5,-5.6,232.1,1567,1499,1567,1567,1499,1567,245,145,MANUAL (Remote),,0.0
2026-08-10T10:45:56.282,1786333556.282378,-0.004999999888241291,-30.0,-17.1,247.1,1567,1499,1567,1567,1499,1567,245,145,MANUAL (Remote),,0.0
2026-08-10T10:45:56.782,1786333556.782445,-0.009999999776482582,-27.5,-24.4,265.4,1550,1499,1550,1550,1499,1550,245,145,MANUAL (Remote),,0.0
2026-08-10T10:45:57.282,1786333557.282433,0.003000000026077032,-24.9,-26.6,279.8,1549,1499,1549,1549,1499,1549,245,145,MANUAL (Remote),,0.0
2026-08-10T10:45:57.782,1786333557.782451,-0.003000000026077032,-17.0,-25.8,292.2,1524,1499,1524,1524,1499,1524,245,145,MANUAL (Remote),,0.0
2026-08-10T10:45:58.282,1786333558.28243,-0.004999999888241291,-8.9,-25.5,303.4,1502,1499,1502,1502,1499,1502,245,145,MANUAL (Remote),,0.0
2026-08-10T10:45:58.782,1786333558.782413,0.0010000000474974513,-4.8,-24.9,312.9,1502,1499,1502,1502,1499,1502,245,145,MANUAL (Remote),,0.0
2026-08-10T10:45:59.282,1786333559.282401,-0.004999999888241291,-0.3,-23.5,319.6,1494,1499,1494,1494,1499,1494,245,145,MANUAL (Remote),,0.0
2026-08-10T10:45:59.782,1786333559.78242,-0.0010000000474974513,2.1,-21.5,323.6,1464,1499,1464,1464,1499,1464,245,145,MANUAL (Remote),,0.0
2026-08-10T10:46:00.282,1786333560.282455,0.004000000189989805,4.0,-17.4,327.3,1445,1499,1445,1445,1499,1445,245,145,MANUAL (Remote),,0.0
2026-08-10T10:46:00.782,1786333560.782472,0.01600000075995922,5.6,-15.9,329.3,1435,1499,1435,1435,1499,1435,245,145,MANUAL (Remote),,0.0
2026-08-10T10:46:01.282,1786333561.282456,0.020999999716877937,6.8,-17.9,329.1,1420,1499,1420,1420,1499,1420,245,145,MANUAL (Remote),,0.0
2026-08-10T10:46:01.782,1786333561.782446,0.041999999433755875,5.5,-18.1,328.1,1420,1499,1420,1420,1499,1420,245,145,MANUAL (Remote),,0.0
2026-08-10T10:46:02.282,1786333562.28239,0.05299999937415123,5.6,-16.6,327.1,1420,1499,1420,1420,1499,1420,245,145,MANUAL (Remote),,0.0
2026-08-10T10:46:02.782,1786333562.782346,0.054999999701976776,6.2,-15.8,325.8,1420,1499,1420,1420,1499,1420,245,145,MANUAL (Remote),,0.0
2026-08-10T10:46:03.282,1786333563.282462,0.061000000685453415,6.0,-17.1,324.6,1420,1898,1420,1420,1100,1420,245,145,MANUAL (Remote),,-1.0
2026-08-10T10:46:03.782,1786333563.782471,0.05999999865889549,4.2,-15.7,317.7,1420,1499,1420,1420,1499,1420,245,145,MANUAL (Remote),,0.0
2026-08-10T10:46:04.282,1786333564.282372,0.05999999865889549,2.6,-20.5,320.8,1397,1499,1397,1397,1499,1397,245,145,MANUAL (Remote),,0.0
2026-08-10T10:46:04.782,1786333564.782352,0.08699999749660492,3.1,-25.0,322.7,1367,1499,1367,1367,1499,1367,245,145,MANUAL (Remote),,0.0
2026-08-10T10:46:05.282,1786333565.282474,0.14100000262260437,3.9,-29.8,322.7,1348,1499,1348,1348,1499,1348,245,145,MANUAL (Remote),,0.0
2026-08-10T10:46:05.782,1786333565.782604,0.24300000071525574,6.6,-31.3,322.7,1357,1499,1357,1357,1499,1357,245,145,MANUAL (Remote),,0.0
2026-08-10T10:46:06.282,1786333566.282444,0.35899999737739563,8.4,-27.8,324.2,1369,1499,1369,1369,1499,1369,245,145,MANUAL (Remote),,0.0
2026-08-10T10:46:06.782,1786333566.782515,0.4740000069141388,9.7,-24.8,324.8,1369,1499,1369,1369,1499,1369,245,145,MANUAL (Remote),,0.0
2026-08-10T10:46:07.282,1786333567.282389,0.5950000286102295,9.3,-22.5,326.0,1398,1499,1398,1398,1499,1398,245,145,MANUAL (Remote),,0.0
2026-08-10T10:46:07.782,1786333567.782401,0.6389999985694885,3.0,-17.5,328.2,1428,1499,1428,1428,1499,1428,245,145,MANUAL (Remote),,0.0
2026-08-10T10:46:08.282,1786333568.282385,0.621999979019165,3.9,-21.2,327.8,1431,1163,1431,1431,1900,1431,245,145,MANUAL (Remote),,31.5
2026-08-10T10:46:08.782,1786333568.782398,0.5979999899864197,6.2,-23.0,338.3,1431,1499,1431,1431,1499,1431,245,145,MANUAL (Remote),,0.0
2026-08-10T10:46:09.282,1786333569.282524,0.5820000171661377,4.3,-16.8,337.5,1431,1881,1431,1431,1900,1431,245,145,MANUAL (Remote),,390.5
2026-08-10T10:46:09.782,1786333569.782483,0.5529999732971191,-1.1,-15.2,331.6,1431,1625,1431,1431,1849,1431,245,145,MANUAL (Remote),,237.0
2026-08-10T10:46:10.282,1786333570.282453,0.5120000243186951,0.3,-19.3,334.5,1431,1368,1431,1431,1856,1431,245,145,MANUAL (Remote),,112.0
2026-08-10T10:46:10.782,1786333570.782559,0.43700000643730164,10.6,-14.8,337.6,1431,1898,1431,1431,1900,1431,245,145,MANUAL (Remote),,399.0
2026-08-10T10:46:11.282,1786333571.282471,0.37400001287460327,10.6,-11.1,336.7,1431,1890,1431,1431,1900,1431,245,145,MANUAL (Remote),,395.0
2026-08-10T10:46:11.782,1786333571.782587,0.33399999141693115,11.3,-12.5,334.2,1431,1499,1431,1431,1499,1431,245,145,MANUAL (Remote),,0.0
2026-08-10T10:46:12.282,1786333572.282411,0.25999999046325684,15.7,-13.5,332.4,1431,1890,1431,1431,1100,1431,245,145,MANUAL (Remote),,-5.0
2026-08-10T10:46:12.782,1786333572.78247,0.1940000057220459,13.6,-11.9,322.5,1431,1499,1431,1431,1499,1431,245,145,MANUAL (Remote),,0.0
2026-08-10T10:46:13.282,1786333573.282531,0.1379999965429306,9.2,-13.8,318.8,1431,1100,1431,1431,1100,1431,245,145,MANUAL (Remote),,-400.0
2026-08-10T10:46:13.782,1786333573.782441,0.07699999958276749,4.6,-15.8,322.5,1431,1499,1431,1431,1499,1431,245,145,MANUAL (Remote),,0.0
2026-08-10T10:46:14.282,1786333574.282411,0.01600000075995922,5.0,-16.0,324.0,1431,1499,1431,1431,1499,1431,245,145,MANUAL (Remote),,0.0
2026-08-10T10:46:14.782,1786333574.782397,0.006000000052154064,7.3,-14.2,323.4,1431,1499,1431,1431,1499,1431,245,145,MANUAL (Remote),,0.0
2026-08-10T10:46:15.282,1786333575.282507,0.024000000208616257,7.2,-13.6,323.0,1431,1499,1431,1431,1499,1431,245,145,MANUAL (Remote),,0.0
2026-08-10T10:46:15.782,1786333575.782516,0.028999999165534973,6.6,-13.2,322.0,1431,1899,1431,1431,1900,1431,245,145,MANUAL (Remote),,399.5
2026-08-10T10:46:16.282,1786333576.282548,0.028999999165534973,5.7,-13.9,319.9,1434,1499,1434,1434,1499,1434,245,145,MANUAL (Remote),,0.0
2026-08-10T10:46:16.782,1786333576.782454,0.026000000536441803,6.7,-14.9,318.8,1438,1499,1438,1438,1499,1438,245,125,MANUAL (Remote),,0.0
2026-08-10T10:46:17.282,1786333577.282447,0.017000000923871994,6.5,-14.4,317.8,1438,1499,1438,1438,1499,1438,245,115,MANUAL (Remote),,0.0
2026-08-10T10:46:17.782,1786333577.782411,0.01899999938905239,7.1,-14.0,317.1,1438,1499,1438,1438,1499,1438,245,100,MANUAL (Remote),,0.0
2026-08-10T10:46:18.282,1786333578.282416,0.02500000037252903,6.4,-14.3,316.3,1438,1894,1438,1438,1900,1438,245,100,MANUAL (Remote),,397.0
2026-08-10T10:46:18.782,1786333578.782403,0.02500000037252903,4.1,-14.7,315.1,1438,1499,1438,1438,1499,1438,245,100,MANUAL (Remote),,0.0
2026-08-10T10:46:19.282,1786333579.282376,0.02500000037252903,5.9,-14.4,313.3,1438,1499,1438,1438,1499,1438,245,80,MANUAL (Remote),,0.0
2026-08-10T10:46:19.782,1786333579.782449,0.01600000075995922,7.0,-15.3,312.1,1438,1499,1438,1438,1499,1438,245,80,MANUAL (Remote),,0.0
2026-08-10T10:46:20.282,1786333580.282437,0.020999999716877937,6.2,-16.7,310.6,1406,1499,1406,1406,1499,1406,245,80,MANUAL (Remote),,0.0
2026-08-10T10:46:20.782,1786333580.782462,0.04899999871850014,5.3,-18.3,309.7,1406,1499,1406,1406,1499,1406,245,80,MANUAL (Remote),,0.0
2026-08-10T10:46:21.282,1786333581.282413,0.07699999958276749,5.7,-19.9,308.0,1395,1499,1395,1395,1499,1395,245,80,MANUAL (Remote),,0.0
2026-08-10T10:46:21.782,1786333581.782421,0.11900000274181366,5.0,-21.1,307.8,1395,1524,1395,1395,1474,1395,245,80,MANUAL (Remote),,-1.0
2026-08-10T10:46:22.282,1786333582.282441,0.16599999368190765,4.2,-22.2,306.7,1395,1499,1395,1395,1499,1395,245,95,MANUAL (Remote),,0.0
2026-08-10T10:46:22.782,1786333582.782387,0.2150000035762787,3.8,-22.3,307.8,1395,1499,1395,1395,1499,1395,245,95,MANUAL (Remote),,0.0
2026-08-10T10:46:23.282,1786333583.282453,0.26899999380111694,2.4,-21.9,309.3,1395,1809,1395,1395,1895,1395,245,95,MANUAL (Remote),,352.0
2026-08-10T10:46:23.782,1786333583.782419,0.32899999618530273,-1.1,-22.4,311.9,1395,1499,1395,1395,1499,1395,245,95,MANUAL (Remote),,0.0
2026-08-10T10:46:24.282,1786333584.282416,0.3720000088214874,1.5,-23.5,312.4,1395,1898,1395,1395,1100,1395,245,95,MANUAL (Remote),,-1.0
2026-08-10T10:46:24.782,1786333584.782408,0.42100000381469727,3.4,-22.9,308.5,1395,1499,1395,1395,1499,1395,245,95,MANUAL (Remote),,0.0
2026-08-10T10:46:25.282,1786333585.282419,0.46799999475479126,4.3,-25.4,313.8,1377,1499,1377,1377,1499,1377,245,95,MANUAL (Remote),,0.0
2026-08-10T10:46:25.782,1786333585.782366,0.5479999780654907,4.9,-27.3,317.6,1384,1499,1384,1384,1499,1384,245,95,MANUAL (Remote),,0.0
2026-08-10T10:46:26.282,1786333586.282423,0.6200000047683716,3.3,-23.0,320.2,1411,1499,1411,1411,1499,1411,245,95,MANUAL (Remote),,0.0
2026-08-10T10:46:26.782,1786333586.782396,0.6299999952316284,3.8,-14.3,323.6,1423,1499,1423,1423,1499,1423,245,95,MANUAL (Remote),,0.0
2026-08-10T10:46:27.282,1786333587.282525,0.6039999723434448,5.8,-17.8,323.2,1436,1499,1436,1436,1499,1436,245,95,MANUAL (Remote),,0.0
2026-08-10T10:46:27.782,1786333587.782446,0.5820000171661377,4.4,-20.4,323.8,1454,1499,1454,1454,1499,1454,245,95,MANUAL (Remote),,0.0
2026-08-10T10:46:28.282,1786333588.282433,0.5149999856948853,2.5,-16.4,324.4,1470,1499,1470,1470,1499,1470,245,95,MANUAL (Remote),,0.0
2026-08-10T10:46:28.782,1786333588.782449,0.41200000047683716,1.5,-13.0,324.8,1470,1499,1470,1470,1499,1470,245,95,MANUAL (Remote),,0.0
2026-08-10T10:46:29.282,1786333589.282388,0.30000001192092896,1.8,-13.6,325.4,1470,1478,1470,1470,1522,1470,245,95,MANUAL (Remote),,0.0
2026-08-10T10:46:29.782,1786333589.782406,0.15399999916553497,3.0,-15.4,324.7,1470,1499,1470,1470,1499,1470,245,95,MANUAL (Remote),,0.0
2026-08-10T10:46:30.282,1786333590.282405,0.009999999776482582,5.4,-16.6,324.7,1470,1499,1470,1470,1499,1470,245,95,MANUAL (Remote),,0.0
2026-08-10T10:46:30.782,1786333590.782481,-0.026000000536441803,9.2,-17.8,322.8,1463,1499,1463,1463,1499,1463,245,95,MANUAL (Remote),,0.0
2026-08-10T10:46:31.282,1786333591.282451,0.012000000104308128,8.4,-14.8,317.3,1454,1102,1454,1454,1900,1454,245,95,MANUAL (Remote),,1.0
2026-08-10T10:46:31.782,1786333591.782566,0.012000000104308128,8.7,-14.2,320.2,1454,1499,1454,1454,1499,1454,245,95,MANUAL (Remote),,0.0
2026-08-10T10:46:32.282,1786333592.28248,-0.0020000000949949026,9.8,-11.4,325.4,1454,1499,1454,1454,1499,1454,245,95,MANUAL (Remote),,0.0
2026-08-10T10:46:32.782,1786333592.782433,0.007000000216066837,9.2,-11.3,318.6,1454,1499,1454,1454,1499,1454,245,95,MANUAL (Remote),,0.0
2026-08-10T10:46:33.282,1786333593.282444,0.0010000000474974513,9.8,-11.8,312.6,1454,1499,1454,1454,1499,1454,245,95,MANUAL (Remote),,0.0
2026-08-10T10:46:33.782,1786333593.782432,0.006000000052154064,8.4,-13.9,307.6,1454,1499,1454,1454,1499,1454,245,95,MANUAL (Remote),,0.0
2026-08-10T10:46:34.282,1786333594.282451,0.00800000037997961,7.8,-14.6,303.6,1454,1499,1454,1454,1499,1454,245,95,MANUAL (Remote),,0.0
2026-08-10T10:46:34.782,1786333594.782592,0.012000000104308128,7.5,-14.2,301.3,1433,1499,1433,1433,1499,1433,245,95,MANUAL (Remote),,0.0
2026-08-10T10:46:35.282,1786333595.282505,0.019999999552965164,6.4,-16.6,299.0,1429,1499,1429,1429,1499,1429,245,105,MANUAL (Remote),,0.0
2026-08-10T10:46:35.782,1786333595.782461,0.03500000014901161,5.0,-18.7,297.0,1429,1499,1429,1429,1499,1429,245,110,MANUAL (Remote),,0.0
2026-08-10T10:46:36.282,1786333596.282379,0.03700000047683716,4.2,-18.1,294.9,1429,1499,1429,1429,1499,1429,245,70,MANUAL (Remote),,0.0
2026-08-10T10:46:36.782,1786333596.782424,0.03700000047683716,3.8,-16.8,293.7,1429,1499,1429,1429,1499,1429,245,20,MANUAL (Remote),,0.0
2026-08-10T10:46:37.282,1786333597.282403,0.035999998450279236,3.6,-17.1,293.3,1429,1499,1429,1429,1499,1429,245,5,MANUAL (Remote),,0.0
2026-08-10T10:46:37.782,1786333597.782471,0.032999999821186066,2.6,-19.0,292.8,1429,1499,1429,1429,1499,1429,245,0,MANUAL (Remote),,0.0
2026-08-10T10:46:38.282,1786333598.282408,0.03799999877810478,2.1,-18.8,292.2,1429,1499,1429,1429,1499,1429,245,15,MANUAL (Remote),,0.0
2026-08-10T10:46:38.782,1786333598.782429,0.03500000014901161,0.8,-18.0,293.2,1429,1499,1429,1429,1499,1429,245,70,MANUAL (Remote),,0.0
2026-08-10T10:46:39.282,1786333599.282421,0.035999998450279236,0.8,-18.6,293.5,1429,1499,1429,1429,1499,1429,245,120,MANUAL (Remote),,0.0
2026-08-10T10:46:39.782,1786333599.782422,0.03500000014901161,1.0,-19.5,294.1,1429,1499,1429,1429,1499,1429,245,155,MANUAL (Remote),,0.0
2026-08-10T10:46:40.282,1786333600.282433,0.03400000184774399,0.2,-19.9,295.5,1429,1499,1429,1429,1499,1429,245,165,MANUAL (Remote),,0.0
2026-08-10T10:46:40.782,1786333600.782404,0.03400000184774399,1.6,-20.4,302.1,1429,1100,1429,1429,1899,1429,245,165,MANUAL (Remote),,-0.5
2026-08-10T10:46:41.282,1786333601.282441,0.028999999165534973,6.8,-22.3,314.4,1429,1894,1429,1429,1100,1429,245,165,MANUAL (Remote),,-3.0
2026-08-10T10:46:41.782,1786333601.78243,0.029999999329447746,6.3,-17.7,309.7,1429,1499,1429,1429,1499,1429,245,165,MANUAL (Remote),,0.0
2026-08-10T10:46:42.282,1786333602.282456,0.026000000536441803,6.0,-16.0,305.7,1429,1499,1429,1429,1499,1429,245,165,MANUAL (Remote),,0.0
2026-08-10T10:46:42.782,1786333602.782403,0.028999999165534973,5.4,-17.0,301.6,1429,1499,1429,1429,1499,1429,245,165,MANUAL (Remote),,0.0
2026-08-10T10:46:43.282,1786333603.282437,0.03099999949336052,4.7,-19.1,298.7,1429,1502,1429,1429,1490,1429,245,165,MANUAL (Remote),,0.0
2026-08-10T10:46:43.782,1786333603.782383,0.028999999165534973,2.6,-17.1,292.6,1429,1898,1429,1429,1100,1429,245,165,MANUAL (Remote),,-1.0
2026-08-10T10:46:44.282,1786333604.282416,0.01899999938905239,-2.4,-12.3,272.2,1429,1499,1429,1429,1499,1429,245,165,MANUAL (Remote),,0.0
2026-08-10T10:46:44.782,1786333604.782401,0.02500000037252903,-11.6,-19.0,278.6,1429,1499,1429,1429,1499,1429,245,165,MANUAL (Remote),,0.0
2026-08-10T10:46:45.282,1786333605.282452,0.026000000536441803,-13.3,-24.6,287.4,1429,1616,1429,1429,1382,1429,245,165,MANUAL (Remote),,-1.0
2026-08-10T10:46:45.782,1786333605.782457,0.01899999938905239,-11.7,-21.8,290.6,1429,1661,1429,1429,1337,1429,245,165,MANUAL (Remote),,-1.0
2026-08-10T10:46:46.282,1786333606.282455,0.027000000700354576,-11.2,-19.0,290.5,1429,1656,1429,1429,1342,1429,245,165,MANUAL (Remote),,-1.0
2026-08-10T10:46:46.782,1786333606.782456,0.027000000700354576,-12.7,-18.4,290.3,1429,1603,1429,1429,1395,1429,245,165,MANUAL (Remote),,-1.0
2026-08-10T10:46:47.282,1786333607.282406,0.02800000086426735,-13.2,-22.6,295.6,1429,1499,1429,1429,1499,1429,245,165,MANUAL (Remote),,0.0
2026-08-10T10:46:47.782,1786333607.782414,0.032999999821186066,-10.8,-23.4,303.4,1429,1499,1429,1429,1499,1429,245,165,MANUAL (Remote),,0.0
2026-08-10T10:46:48.282,1786333608.282405,0.02500000037252903,-6.5,-22.2,309.9,1405,1499,1405,1405,1499,1405,245,165,MANUAL (Remote),,0.0
2026-08-10T10:46:48.782,1786333608.782415,0.05400000140070915,-4.2,-23.1,313.7,1375,1499,1375,1375,1499,1375,245,165,MANUAL (Remote),,0.0
2026-08-10T10:46:49.282,1786333609.282484,0.10499999672174454,-1.3,-29.1,315.0,1362,1499,1362,1362,1499,1362,245,165,MANUAL (Remote),,0.0
2026-08-10T10:46:49.782,1786333609.782462,0.1940000057220459,1.6,-31.1,315.5,1362,1101,1362,1362,1900,1362,245,165,MANUAL (Remote),,0.5
2026-08-10T10:46:50.282,1786333610.282415,0.2709999978542328,7.2,-30.4,323.9,1362,1105,1362,1362,1900,1362,245,165,MANUAL (Remote),,2.5
2026-08-10T10:46:50.782,1786333610.782466,0.37299999594688416,12.4,-29.2,333.0,1362,1893,1362,1362,1900,1362,245,165,MANUAL (Remote),,396.5
2026-08-10T10:46:51.282,1786333611.282411,0.5109999775886536,2.0,-26.8,331.0,1362,1889,1362,1362,1900,1362,245,165,MANUAL (Remote),,394.5
2026-08-10T10:46:51.782,1786333611.782593,0.6179999709129333,-5.9,-29.4,332.6,1362,1477,1362,1362,1521,1362,245,165,MANUAL (Remote),,-1.0
2026-08-10T10:46:52.282,1786333612.282453,0.6299999952316284,4.1,-15.1,330.8,1362,1500,1362,1362,1844,1362,245,165,MANUAL (Remote),,172.0
2026-08-10T10:46:52.782,1786333612.782418,0.6370000243186951,4.6,-15.4,334.1,1362,1466,1362,1362,1846,1362,245,165,MANUAL (Remote),,156.0
2026-08-10T10:46:53.282,1786333613.282601,0.6340000033378601,5.0,-15.0,337.1,1362,1499,1362,1362,1499,1362,245,165,MANUAL (Remote),,0.0
2026-08-10T10:46:53.782,1786333613.782415,0.6370000243186951,5.0,-14.9,335.6,1389,1499,1389,1389,1499,1389,245,165,MANUAL (Remote),,0.0
2026-08-10T10:46:54.282,1786333614.282399,0.6299999952316284,4.6,-16.0,334.2,1393,1499,1393,1393,1499,1393,245,165,MANUAL (Remote),,0.0
2026-08-10T10:46:54.782,1786333614.782423,0.6340000033378601,4.0,-14.4,333.9,1393,1499,1393,1393,1499,1393,245,165,MANUAL (Remote),,0.0
2026-08-10T10:46:55.282,1786333615.282455,0.6340000033378601,3.3,-15.5,330.8,1393,1499,1393,1393,1499,1393,245,165,MANUAL (Remote),,0.0
2026-08-10T10:46:55.782,1786333615.782451,0.6259999871253967,3.4,-15.1,329.4,1408,1499,1408,1408,1499,1408,245,165,MANUAL (Remote),,0.0
2026-08-10T10:46:56.282,1786333616.282425,0.6320000290870667,3.4,-17.9,329.4,1408,1344,1408,1408,1656,1408,245,165,MANUAL (Remote),,0.0
2026-08-10T10:46:56.782,1786333616.782551,0.6209999918937683,3.6,-21.1,332.9,1408,1499,1408,1408,1499,1408,245,165,MANUAL (Remote),,0.0
2026-08-10T10:46:57.282,1786333617.282429,0.6230000257492065,3.4,-21.0,331.1,1423,1499,1423,1423,1499,1423,245,165,MANUAL (Remote),,0.0
2026-08-10T10:46:57.782,1786333617.782462,0.6069999933242798,2.4,-18.8,327.4,1430,1499,1430,1430,1499,1430,245,165,MANUAL (Remote),,0.0
2026-08-10T10:46:58.282,1786333618.28245,0.5860000252723694,2.3,-17.8,325.1,1448,1499,1448,1448,1499,1448,245,165,MANUAL (Remote),,0.0
2026-08-10T10:46:58.782,1786333618.782431,0.5270000100135803,2.1,-17.2,323.3,1448,1499,1448,1448,1499,1448,245,165,MANUAL (Remote),,0.0
2026-08-10T10:46:59.282,1786333619.282404,0.4519999921321869,1.8,-17.0,321.7,1458,1499,1458,1458,1499,1458,245,165,MANUAL (Remote),,0.0
2026-08-10T10:46:59.782,1786333619.782431,0.33899998664855957,1.5,-16.8,320.3,1458,1100,1458,1458,1900,1458,245,165,MANUAL (Remote),,0.0
2026-08-10T10:47:00.282,1786333620.28246,0.210999995470047,3.2,-19.4,327.7,1458,1499,1458,1458,1499,1458,245,165,MANUAL (Remote),,0.0
2026-08-10T10:47:00.782,1786333620.782451,0.08399999886751175,3.8,-19.6,333.4,1458,1499,1458,1458,1499,1458,245,165,MANUAL (Remote),,0.0
2026-08-10T10:47:01.282,1786333621.28239,-0.007000000216066837,2.6,-18.0,331.3,1446,1499,1446,1446,1499,1446,245,165,MANUAL (Remote),,0.0
2026-08-10T10:47:01.782,1786333621.782441,-0.008999999612569809,4.0,-18.0,325.9,1416,1499,1416,1416,1499,1416,245,165,MANUAL (Remote),,0.0
2026-08-10T10:47:02.282,1786333622.282427,0.03200000151991844,5.5,-18.4,320.5,1416,1100,1416,1416,1900,1416,245,165,MANUAL (Remote),,0.0
2026-08-10T10:47:02.782,1786333622.782437,0.05299999937415123,6.8,-22.1,326.3,1416,1100,1416,1416,1900,1416,245,165,MANUAL (Remote),,0.0
2026-08-10T10:47:03.282,1786333623.282429,0.05999999865889549,11.8,-24.2,343.1,1416,1499,1416,1416,1499,1416,245,165,MANUAL (Remote),,0.0
2026-08-10T10:47:03.782,1786333623.782418,0.05999999865889549,10.1,-19.7,339.9,1416,1900,1416,1416,1893,1416,245,165,MANUAL (Remote),,396.5
2026-08-10T10:47:04.282,1786333624.282381,0.08100000023841858,4.1,-15.9,333.5,1416,1499,1416,1416,1499,1416,245,165,MANUAL (Remote),,0.0
2026-08-10T10:47:04.782,1786333624.782392,0.07699999958276749,3.2,-18.2,328.0,1416,1148,1416,1416,1482,1416,245,165,MANUAL (Remote),,-176.0
2026-08-10T10:47:05.282,1786333625.282466,0.050999999046325684,11.0,-22.2,332.3,1416,1499,1416,1416,1499,1416,245,165,MANUAL (Remote),,0.0
2026-08-10T10:47:05.782,1786333625.782448,0.06400000303983688,7.2,-19.3,331.5,1416,1891,1416,1416,1900,1416,245,165,MANUAL (Remote),,395.5
2026-08-10T10:47:06.282,1786333626.282376,0.08699999749660492,0.7,-16.9,327.4,1416,1499,1416,1416,1499,1416,245,165,MANUAL (Remote),,0.0
2026-08-10T10:47:06.782,1786333626.782412,0.09099999815225601,0.2,-18.6,323.1,1394,1499,1394,1394,1499,1394,245,165,MANUAL (Remote),,0.0
2026-08-10T10:47:07.282,1786333627.28238,0.10400000214576721,1.4,-24.0,318.4,1382,1100,1382,1382,1899,1382,245,165,MANUAL (Remote),,-0.5
2026-08-10T10:47:07.782,1786333627.782428,0.1509999930858612,5.4,-28.0,321.9,1382,1100,1382,1382,1899,1382,245,165,MANUAL (Remote),,-0.5
2026-08-10T10:47:08.282,1786333628.282421,0.1979999989271164,13.0,-28.7,337.8,1382,1499,1382,1382,1499,1382,245,165,MANUAL (Remote),,0.0
2026-08-10T10:47:08.782,1786333628.782407,0.2590000033378601,10.6,-25.2,335.7,1382,1900,1382,1382,1900,1382,245,165,MANUAL (Remote),,400.0
2026-08-10T10:47:09.282,1786333629.282473,0.3330000042915344,5.5,-23.9,332.0,1382,1499,1382,1382,1499,1382,245,165,MANUAL (Remote),,0.0
2026-08-10T10:47:09.782,1786333629.782423,0.4099999964237213,3.0,-24.6,328.6,1382,1499,1382,1382,1499,1382,245,165,MANUAL (Remote),,0.0
2026-08-10T10:47:10.282,1786333630.282381,0.48399999737739563,3.1,-24.9,325.9,1382,1313,1382,1382,1863,1382,245,165,MANUAL (Remote),,88.0
2026-08-10T10:47:10.782,1786333630.782472,0.5699999928474426,3.0,-27.2,333.6,1382,1499,1382,1382,1499,1382,245,165,MANUAL (Remote),,0.0
2026-08-10T10:47:11.282,1786333631.28238,0.6169999837875366,6.8,-17.1,331.1,1382,1453,1382,1382,1847,1382,245,165,MANUAL (Remote),,150.0
2026-08-10T10:47:11.782,1786333631.782448,0.6299999952316284,5.2,-15.0,330.6,1392,1499,1392,1392,1499,1392,245,165,MANUAL (Remote),,0.0
2026-08-10T10:47:12.282,1786333632.282344,0.621999979019165,5.1,-15.9,329.3,1404,1488,1404,1404,1510,1404,245,165,MANUAL (Remote),,0.0
2026-08-10T10:47:12.782,1786333632.782519,0.6269999742507935,4.9,-18.3,330.0,1404,1100,1404,1404,1893,1404,245,165,MANUAL (Remote),,-3.5
2026-08-10T10:47:13.282,1786333633.282496,0.6259999871253967,5.8,-18.8,343.5,1404,1499,1404,1404,1499,1404,245,165,MANUAL (Remote),,0.0
2026-08-10T10:47:13.782,1786333633.78245,0.6269999742507935,6.1,-17.9,340.3,1404,1636,1404,1404,1130,1404,245,165,MANUAL (Remote),,-117.0
2026-08-10T10:47:14.282,1786333634.282455,0.6259999871253967,5.7,-17.6,332.0,1404,1499,1404,1404,1499,1404,245,165,MANUAL (Remote),,0.0
2026-08-10T10:47:14.782,1786333634.782585,0.621999979019165,4.4,-18.6,329.6,1404,1100,1404,1404,1137,1404,245,165,MANUAL (Remote),,-381.5
2026-08-10T10:47:15.282,1786333635.282471,0.6209999918937683,4.2,-20.3,328.9,1404,1499,1404,1404,1499,1404,245,165,MANUAL (Remote),,0.0
2026-08-10T10:47:15.782,1786333635.782412,0.6140000224113464,4.2,-21.3,328.9,1390,1499,1390,1390,1499,1390,245,165,MANUAL (Remote),,0.0
2026-08-10T10:47:16.282,1786333636.282437,0.6119999885559082,4.4,-21.2,329.1,1412,1499,1412,1412,1499,1412,245,165,MANUAL (Remote),,0.0
2026-08-10T10:47:16.782,1786333636.782443,0.6190000176429749,3.4,-20.9,328.2,1412,1499,1412,1412,1499,1412,245,165,MANUAL (Remote),,0.0
2026-08-10T10:47:17.282,1786333637.282436,0.621999979019165,3.2,-21.2,326.9,1406,1499,1406,1406,1499,1406,245,165,MANUAL (Remote),,0.0
2026-08-10T10:47:17.782,1786333637.782475,0.6179999709129333,4.4,-21.3,325.7,1406,1100,1406,1406,1900,1406,245,165,MANUAL (Remote),,0.0
2026-08-10T10:47:18.282,1786333638.282494,0.6259999871253967,4.0,-21.6,329.6,1424,1499,1424,1424,1499,1424,245,165,MANUAL (Remote),,0.0
2026-08-10T10:47:18.782,1786333638.782547,0.6159999966621399,2.9,-18.5,326.8,1457,1499,1457,1457,1499,1457,245,165,MANUAL (Remote),,0.0
2026-08-10T10:47:19.282,1786333639.282423,0.5600000023841858,2.8,-15.3,324.9,1465,1499,1465,1465,1499,1465,245,165,MANUAL (Remote),,0.0
2026-08-10T10:47:19.782,1786333639.782468,0.4729999899864197,2.6,-16.2,323.7,1465,1499,1465,1465,1499,1465,245,165,MANUAL (Remote),,0.0
2026-08-10T10:47:20.282,1786333640.282381,0.3580000102519989,2.1,-18.1,323.0,1465,1499,1465,1465,1499,1465,245,165,MANUAL (Remote),,0.0
2026-08-10T10:47:20.782,1786333640.782443,0.21799999475479126,1.9,-18.1,322.8,1465,1499,1465,1465,1499,1465,245,165,MANUAL (Remote),,0.0
2026-08-10T10:47:21.282,1786333641.282413,0.07999999821186066,1.7,-17.1,323.0,1465,1499,1465,1465,1499,1465,245,165,MANUAL (Remote),,0.0
2026-08-10T10:47:21.782,1786333641.782493,-0.04800000041723251,2.5,-18.3,322.5,1465,1499,1465,1465,1499,1465,245,165,MANUAL (Remote),,0.0
2026-08-10T10:47:22.282,1786333642.282426,-0.003000000026077032,3.7,-18.1,321.6,1465,1499,1465,1465,1499,1465,245,165,MANUAL (Remote),,0.0
2026-08-10T10:47:22.782,1786333642.782644,0.003000000026077032,4.5,-16.1,320.7,1465,1499,1465,1465,1499,1465,245,165,MANUAL (Remote),,0.0
2026-08-10T10:47:23.282,1786333643.282939,-0.014000000432133675,3.2,-16.5,319.9,1489,1499,1489,1489,1499,1489,245,165,MANUAL (Remote),,0.0
2026-08-10T10:47:23.782,1786333643.782397,-0.012000000104308128,3.4,-18.7,318.8,1498,1499,1498,1498,1499,1498,245,165,MANUAL (Remote),,0.0
2026-08-10T10:47:24.282,1786333644.282431,-0.00800000037997961,4.3,-18.3,318.5,1506,1499,1506,1506,1499,1506,245,165,MANUAL (Remote),,0.0
2026-08-10T10:47:24.782,1786333644.782407,-0.010999999940395355,3.1,-17.6,318.6,1506,1499,1506,1506,1499,1506,245,165,MANUAL (Remote),,0.0
2026-08-10T10:47:25.282,1786333645.282427,-0.017000000923871994,3.9,-17.3,318.3,1506,1499,1506,1506,1499,1506,245,165,MANUAL (Remote),,0.0
2026-08-10T10:47:25.782,1786333645.782378,-0.013000000268220901,4.3,-18.3,318.7,1506,1499,1506,1506,1499,1506,245,165,MANUAL (Remote),,0.0
2026-08-10T10:47:26.282,1786333646.282382,-0.009999999776482582,3.9,-17.8,318.7,1506,1499,1506,1506,1499,1506,245,165,MANUAL (Remote),,0.0
2026-08-10T10:47:26.782,1786333646.782384,-0.010999999940395355,4.1,-18.3,318.6,1506,1499,1506,1506,1499,1506,245,165,MANUAL (Remote),,0.0
2026-08-10T10:47:27.282,1786333647.282477,-0.013000000268220901,3.9,-17.6,319.1,1506,1499,1506,1506,1499,1506,245,165,MANUAL (Remote),,0.0
2026-08-10T10:47:27.782,1786333647.782416,-0.013000000268220901,4.0,-17.1,319.9,1506,1499,1506,1506,1499,1506,245,165,MANUAL (Remote),,0.0
2026-08-10T10:47:28.282,1786333648.282434,-0.007000000216066837,4.9,-18.1,320.5,1506,1499,1506,1506,1499,1506,245,165,MANUAL (Remote),,0.0
2026-08-10T10:47:28.782,1786333648.782443,-0.007000000216066837,4.4,-18.4,321.6,1506,1499,1506,1506,1499,1506,245,165,MANUAL (Remote),,0.0
2026-08-10T10:47:29.282,1786333649.282443,-0.014000000432133675,4.6,-17.4,322.6,1506,1499,1506,1506,1499,1506,245,165,MANUAL (Remote),,0.0
2026-08-10T10:47:29.782,1786333649.782414,-0.006000000052154064,4.9,-17.0,323.6,1506,1499,1506,1506,1499,1506,245,165,MANUAL (Remote),,0.0
2026-08-10T10:47:30.282,1786333650.282423,-0.013000000268220901,5.0,-17.5,324.9,1506,1499,1506,1506,1499,1506,245,165,MANUAL (Remote),,0.0
2026-08-10T10:47:30.782,1786333650.782458,-0.008999999612569809,4.8,-17.8,325.9,1506,1499,1506,1506,1499,1506,245,165,MANUAL (Remote),,0.0
2026-08-10T10:47:31.282,1786333651.282475,-0.00800000037997961,5.8,-17.1,326.7,1506,1499,1506,1506,1499,1506,245,165,MANUAL (Remote),,0.0
2026-08-10T10:47:31.782,1786333651.782438,-0.004999999888241291,5.4,-18.0,328.2,1506,1499,1506,1506,1499,1506,245,165,MANUAL (Remote),,0.0
2026-08-10T10:47:32.282,1786333652.282377,-0.006000000052154064,4.8,-16.9,329.6,1506,1499,1506,1506,1499,1506,245,165,MANUAL (Remote),,0.0
2026-08-10T10:47:32.782,1786333652.782372,-0.010999999940395355,6.5,-17.3,331.0,1506,1499,1506,1506,1499,1506,245,165,MANUAL (Remote),,0.0
2026-08-10T10:47:33.282,1786333653.282434,-0.012000000104308128,5.6,-17.2,332.3,1506,1499,1506,1506,1499,1506,245,165,MANUAL (Remote),,0.0
2026-08-10T10:47:33.782,1786333653.782446,-0.014000000432133675,5.3,-17.1,333.5,1506,1499,1506,1506,1499,1506,245,165,MANUAL (Remote),,0.0
2026-08-10T10:47:34.282,1786333654.2824,-0.007000000216066837,6.2,-16.7,335.1,1506,1499,1506,1506,1499,1506,245,165,MANUAL (Remote),,0.0
2026-08-10T10:47:34.782,1786333654.782496,-0.014999999664723873,5.7,-17.3,336.3,1506,1499,1506,1506,1499,1506,245,165,MANUAL (Remote),,0.0
2026-08-10T10:47:35.282,1786333655.282387,-0.017999999225139618,5.4,-16.5,337.8,1506,1499,1506,1506,1499,1506,245,165,MANUAL (Remote),,0.0
2026-08-10T10:47:35.782,1786333655.782429,-0.012000000104308128,6.4,-15.7,339.2,1506,1499,1506,1506,1499,1506,245,165,MANUAL (Remote),,0.0
2026-08-10T10:47:36.282,1786333656.282495,-0.012000000104308128,6.5,-15.8,341.3,1506,1499,1506,1506,1499,1506,245,165,MANUAL (Remote),,0.0
2026-08-10T10:47:36.782,1786333656.78247,-0.01600000075995922,5.4,-16.4,343.1,1506,1499,1506,1506,1499,1506,245,165,MANUAL (Remote),,0.0
2026-08-10T10:47:37.282,1786333657.282449,-0.008999999612569809,6.2,-16.6,344.6,1506,1499,1506,1506,1499,1506,245,165,MANUAL (Remote),,0.0
2026-08-10T10:47:37.782,1786333657.782777,-0.013000000268220901,7.3,-15.0,346.3,1506,1499,1506,1506,1499,1506,245,165,MANUAL (Remote),,0.0
2026-08-10T10:47:38.282,1786333658.282453,-0.014000000432133675,6.1,-14.3,347.6,1506,1893,1506,1506,1100,1506,245,165,MANUAL (Remote),,-3.5
2026-08-10T10:47:38.782,1786333658.782406,-0.008999999612569809,6.0,-14.7,345.8,1506,1499,1506,1506,1499,1506,245,165,MANUAL (Remote),,0.0
2026-08-10T10:47:39.282,1786333659.282475,-0.014000000432133675,6.4,-15.5,344.4,1506,1894,1506,1506,1100,1506,245,165,MANUAL (Remote),,-3.0
2026-08-10T10:47:39.782,1786333659.782426,-0.01600000075995922,7.0,-11.1,328.7,1506,1894,1506,1506,1100,1506,245,165,MANUAL (Remote),,-3.0
2026-08-10T10:47:40.282,1786333660.282513,-0.009999999776482582,4.2,-11.5,319.2,1506,1499,1506,1506,1499,1506,245,165,MANUAL (Remote),,0.0
2026-08-10T10:47:40.782,1786333660.782412,-0.014000000432133675,1.3,-19.4,324.6,1528,1499,1528,1528,1499,1528,245,165,MANUAL (Remote),,0.0
2026-08-10T10:47:41.282,1786333661.28278,-0.013000000268220901,3.4,-23.1,328.7,1558,1499,1558,1558,1499,1558,245,165,MANUAL (Remote),,0.0
2026-08-10T10:47:41.782,1786333661.782449,-0.01899999938905239,2.9,-19.3,333.8,1559,1499,1559,1559,1499,1559,245,165,MANUAL (Remote),,0.0
2026-08-10T10:47:42.282,1786333662.282476,-0.014000000432133675,3.4,-16.6,337.3,1535,1499,1535,1535,1499,1535,245,165,MANUAL (Remote),,0.0
2026-08-10T10:47:42.782,1786333662.782514,-0.007000000216066837,6.6,-15.4,339.6,1535,1499,1535,1535,1499,1535,245,165,MANUAL (Remote),,0.0
2026-08-10T10:47:43.282,1786333663.282586,-0.017999999225139618,6.1,-16.2,339.0,1528,1499,1528,1528,1499,1528,245,165,MANUAL (Remote),,0.0
2026-08-10T10:47:43.782,1786333663.782509,-0.017000000923871994,4.4,-17.0,336.8,1528,1886,1528,1528,1100,1528,245,165,MANUAL (Remote),,-7.0
2026-08-10T10:47:44.282,1786333664.282351,-0.02500000037252903,4.8,-13.6,317.4,1528,1499,1528,1528,1499,1528,245,165,MANUAL (Remote),,0.0
2026-08-10T10:47:44.782,1786333664.782435,-0.007000000216066837,2.6,-14.8,314.3,1528,1499,1528,1528,1499,1528,245,165,MANUAL (Remote),,0.0
2026-08-10T10:47:45.282,1786333665.282505,-0.01899999938905239,1.7,-19.4,319.4,1528,1499,1528,1528,1499,1528,245,165,MANUAL (Remote),,0.0
2026-08-10T10:47:45.782,1786333665.782418,-0.013000000268220901,2.4,-20.5,324.2,1528,1521,1528,1528,1465,1528,245,165,MANUAL (Remote),,-7.0
2026-08-10T10:47:46.282,1786333666.282459,-0.008999999612569809,3.3,-20.3,326.8,1528,1499,1528,1528,1499,1528,245,165,MANUAL (Remote),,0.0
2026-08-10T10:47:46.782,1786333666.782411,-0.01600000075995922,3.9,-16.8,328.9,1528,1500,1528,1528,1498,1528,245,165,MANUAL (Remote),,0.0
2026-08-10T10:47:47.282,1786333667.282536,-0.008999999612569809,3.9,-15.5,330.0,1528,1897,1528,1528,1100,1528,245,165,MANUAL (Remote),,-1.5
2026-08-10T10:47:47.782,1786333667.782449,-0.014999999664723873,5.4,-14.4,318.7,1528,1499,1528,1528,1499,1528,245,165,MANUAL (Remote),,0.0
2026-08-10T10:47:48.282,1786333668.282474,-0.006000000052154064,1.0,-17.5,312.7,1528,1499,1528,1528,1501,1528,245,165,MANUAL (Remote),,0.0
2026-08-10T10:47:48.782,1786333668.782432,-0.014999999664723873,2.2,-18.7,317.6,1528,1499,1528,1528,1499,1528,245,165,MANUAL (Remote),,0.0
2026-08-10T10:47:49.282,1786333669.282461,-0.014000000432133675,4.2,-17.9,321.5,1528,1499,1528,1528,1499,1528,245,165,MANUAL (Remote),,0.0
2026-08-10T10:47:49.782,1786333669.782442,-0.010999999940395355,3.9,-18.0,325.0,1504,1499,1504,1504,1499,1504,245,165,MANUAL (Remote),,0.0
2026-08-10T10:47:50.282,1786333670.282399,-0.017000000923871994,4.3,-18.1,327.8,1491,1499,1491,1491,1499,1491,245,165,MANUAL (Remote),,0.0
2026-08-10T10:47:50.782,1786333670.782401,-0.013000000268220901,4.7,-17.7,329.6,1473,1499,1473,1473,1499,1473,245,165,MANUAL (Remote),,0.0
2026-08-10T10:47:51.282,1786333671.282358,-0.013000000268220901,5.0,-16.5,331.4,1469,1499,1469,1469,1499,1469,245,165,MANUAL (Remote),,0.0
2026-08-10T10:47:51.782,1786333671.78242,-0.009999999776482582,5.4,-16.7,332.7,1469,1550,1469,1469,1426,1469,245,165,MANUAL (Remote),,-12.0
2026-08-10T10:47:52.282,1786333672.282474,-0.008999999612569809,5.2,-16.7,333.3,1469,1819,1469,1469,1100,1469,245,165,MANUAL (Remote),,-40.5
2026-08-10T10:47:52.782,1786333672.782394,-0.017999999225139618,5.6,-15.5,324.7,1468,1499,1469,1467,1499,1468,245,165,MANUAL (Remote),,0.0
2026-08-10T10:47:53.282,1786333673.282421,-0.008999999612569809,2.8,-15.6,321.5,1449,1499,1469,1448,1499,1468,245,165,MANUAL (Remote),,0.0
2026-08-10T10:47:53.782,1786333673.78239,-0.00800000037997961,4.4,-16.3,323.7,1404,1499,1469,1403,1499,1468,245,165,MANUAL (Remote),,0.0
2026-08-10T10:47:54.282,1786333674.282478,-0.012000000104308128,10.8,-18.6,325.1,1398,1499,1469,1397,1499,1468,245,165,MANUAL (Remote),,0.0
2026-08-10T10:47:54.782,1786333674.782356,-0.014999999664723873,14.2,-22.1,327.5,1401,1499,1469,1400,1499,1468,245,165,MANUAL (Remote),,0.0
2026-08-10T10:47:55.282,1786333675.282418,-0.008999999612569809,12.0,-19.9,330.6,1427,1499,1469,1426,1499,1468,245,165,MANUAL (Remote),,0.0
2026-08-10T10:47:55.782,1786333675.782407,-0.006000000052154064,11.8,-18.5,333.7,1323,1379,1469,1322,1377,1468,245,165,MANUAL (Remote),,-122.0
2026-08-10T10:47:56.282,1786333676.282368,-0.007000000216066837,26.0,-30.8,331.7,1469,1499,1469,1469,1499,1469,245,165,MANUAL (Remote),,0.0
2026-08-10T10:47:56.782,1786333676.782402,0.007000000216066837,13.6,-20.7,335.5,1469,1499,1469,1469,1499,1469,245,165,MANUAL (Remote),,0.0
2026-08-10T10:47:57.282,1786333677.282415,0.0020000000949949026,2.0,-9.6,335.4,1469,1692,1469,1469,1124,1469,245,165,MANUAL (Remote),,-92.0
2026-08-10T10:47:57.782,1786333677.782383,-0.014999999664723873,3.2,-9.3,334.3,1469,1510,1469,1469,1484,1469,245,165,MANUAL (Remote),,0.0
2026-08-10T10:47:58.282,1786333678.282412,-0.008999999612569809,6.5,-18.4,329.5,1469,1885,1469,1469,1100,1469,245,165,MANUAL (Remote),,-7.5
2026-08-10T10:47:58.782,1786333678.782469,-0.012000000104308128,3.9,-12.9,306.5,1469,1885,1469,1469,1100,1469,245,165,MANUAL (Remote),,-7.5
2026-08-10T10:47:59.282,1786333679.282453,-0.023000000044703484,-0.1,-6.1,299.4,1469,1499,1469,1469,1499,1469,245,165,MANUAL (Remote),,0.0
2026-08-10T10:47:59.782,1786333679.782452,-0.006000000052154064,-1.8,-14.5,307.7,1469,1535,1469,1469,1515,1469,245,165,MANUAL (Remote),,17.5
2026-08-10T10:48:00.282,1786333680.282604,-0.012000000104308128,1.6,-16.7,308.7,1469,1899,1469,1469,1100,1469,245,165,MANUAL (Remote),,-0.5
2026-08-10T10:48:00.782,1786333680.782547,-0.017000000923871994,1.0,-12.4,301.8,1469,1499,1469,1469,1499,1469,245,165,MANUAL (Remote),,0.0
2026-08-10T10:48:01.282,1786333681.282571,-0.004999999888241291,0.6,-16.5,308.7,1469,1897,1469,1469,1100,1469,245,165,MANUAL (Remote),,-1.5
2026-08-10T10:48:01.782,1786333681.782485,-0.028999999165534973,3.7,-10.1,291.0,1469,1499,1469,1469,1499,1469,245,165,MANUAL (Remote),,0.0
2026-08-10T10:48:02.282,1786333682.282468,-0.004000000189989805,0.6,-14.0,296.2,1469,1499,1469,1469,1499,1469,245,165,MANUAL (Remote),,0.0
2026-08-10T10:48:02.782,1786333682.782493,-0.014000000432133675,1.0,-18.8,302.4,1469,1499,1469,1469,1499,1469,245,165,MANUAL (Remote),,0.0
2026-08-10T10:48:03.282,1786333683.282427,-0.009999999776482582,4.0,-17.7,306.4,1469,1509,1469,1469,1489,1469,245,165,MANUAL (Remote),,0.0
2026-08-10T10:48:03.782,1786333683.782488,-0.014999999664723873,4.4,-13.3,306.0,1469,1878,1469,1469,1100,1469,245,165,MANUAL (Remote),,-11.0
2026-08-10T10:48:04.282,1786333684.282521,-0.027000000700354576,5.1,-9.6,286.6,1469,1499,1469,1469,1499,1469,245,165,MANUAL (Remote),,0.0
2026-08-10T10:48:04.782,1786333684.782438,-0.01600000075995922,0.4,-15.0,289.1,1469,1499,1469,1469,1499,1469,245,165,MANUAL (Remote),,0.0
2026-08-10T10:48:05.282,1786333685.28251,-0.014999999664723873,0.8,-18.8,292.2,1469,1499,1469,1469,1499,1469,245,165,MANUAL (Remote),,0.0
2026-08-10T10:48:05.782,1786333685.782562,-0.017999999225139618,3.7,-18.3,295.7,1469,1499,1469,1469,1499,1469,245,165,MANUAL (Remote),,0.0
2026-08-10T10:48:06.282,1786333686.282542,-0.006000000052154064,3.6,-15.8,298.3,1469,1499,1469,1469,1499,1469,245,165,MANUAL (Remote),,0.0
2026-08-10T10:48:06.782,1786333686.782467,-0.013000000268220901,2.7,-14.8,299.8,1438,1499,1438,1438,1499,1438,245,165,MANUAL (Remote),,0.0
2026-08-10T10:48:07.282,1786333687.282454,0.0,4.1,-16.9,299.7,1446,1499,1446,1446,1499,1446,245,165,MANUAL (Remote),,0.0
2026-08-10T10:48:07.782,1786333687.782494,0.0020000000949949026,3.9,-17.9,299.6,1467,1499,1467,1467,1499,1467,245,165,MANUAL (Remote),,0.0
2026-08-10T10:48:08.282,1786333688.282379,-0.012000000104308128,3.4,-16.5,299.6,1484,1499,1484,1484,1499,1484,245,165,MANUAL (Remote),,0.0
2026-08-10T10:48:08.782,1786333688.782428,-0.024000000208616257,5.4,-16.6,300.2,1493,1499,1493,1493,1499,1493,245,165,MANUAL (Remote),,0.0
2026-08-10T10:48:09.282,1786333689.282427,-0.012000000104308128,4.6,-17.4,301.0,1493,1499,1493,1493,1499,1493,245,165,MANUAL (Remote),,0.0
2026-08-10T10:48:09.782,1786333689.782428,-0.01600000075995922,4.4,-18.0,301.2,1493,1499,1493,1493,1499,1493,245,165,MANUAL (Remote),,0.0
2026-08-10T10:48:10.282,1786333690.282409,-0.013000000268220901,5.1,-17.6,301.8,1493,1499,1493,1493,1499,1493,245,165,MANUAL (Remote),,0.0
2026-08-10T10:48:10.782,1786333690.782368,-0.01600000075995922,4.8,-16.9,302.2,1493,1499,1493,1493,1499,1493,245,165,MANUAL (Remote),,0.0
2026-08-10T10:48:11.282,1786333691.282373,-0.017000000923871994,5.1,-17.1,302.8,1493,1499,1493,1493,1499,1493,245,165,MANUAL (Remote),,0.0
2026-08-10T10:48:11.782,1786333691.78239,-0.009999999776482582,4.4,-18.7,302.8,1493,1499,1493,1493,1499,1493,245,165,MANUAL (Remote),,0.0
2026-08-10T10:48:12.282,1786333692.282433,-0.012000000104308128,5.3,-18.7,303.6,1493,1499,1493,1493,1499,1493,245,165,MANUAL (Remote),,0.0
2026-08-10T10:48:12.782,1786333692.782421,-0.020999999716877937,5.1,-16.4,304.0,1493,1499,1493,1493,1499,1493,245,165,MANUAL (Remote),,0.0
2026-08-10T10:48:13.282,1786333693.282475,-0.012000000104308128,4.3,-15.5,304.8,1493,1499,1493,1493,1499,1493,245,165,MANUAL (Remote),,0.0
2026-08-10T10:48:13.782,1786333693.782408,-0.013000000268220901,5.5,-17.6,304.5,1493,1898,1493,1493,1100,1493,245,165,MANUAL (Remote),,-1.0
2026-08-10T10:48:14.282,1786333694.28242,-0.024000000208616257,4.3,-17.6,298.4,1493,1499,1493,1493,1499,1493,245,165,MANUAL (Remote),,0.0
2026-08-10T10:48:14.782,1786333694.782408,-0.014000000432133675,2.6,-18.2,293.7,1493,1499,1493,1493,1499,1493,245,165,MANUAL (Remote),,0.0
2026-08-10T10:48:15.282,1786333695.282429,-0.013000000268220901,3.4,-17.9,293.9,1491,1610,1491,1491,1632,1491,245,165,MANUAL (Remote),,121.0
2026-08-10T10:48:15.782,1786333695.782432,-0.017000000923871994,0.2,-16.6,295.2,1491,1864,1491,1491,1900,1491,245,165,MANUAL (Remote),,382.0
2026-08-10T10:48:16.282,1786333696.282438,-0.004999999888241291,-3.6,-15.9,294.9,1491,1781,1491,1491,1887,1491,245,165,MANUAL (Remote),,334.0
2026-08-10T10:48:16.782,1786333696.782408,-0.01600000075995922,3.6,-19.6,298.1,1491,1741,1491,1491,1875,1491,245,165,MANUAL (Remote),,308.0
2026-08-10T10:48:17.282,1786333697.282437,-0.017000000923871994,4.1,-20.0,302.1,1491,1741,1491,1491,1875,1491,245,165,MANUAL (Remote),,308.0
2026-08-10T10:48:17.782,1786333697.782427,-0.009999999776482582,4.5,-17.5,306.5,1491,1741,1491,1491,1875,1491,245,165,MANUAL (Remote),,308.0
2026-08-10T10:48:18.282,1786333698.282425,-0.007000000216066837,5.5,-15.1,308.1,1491,1755,1491,1491,1877,1491,245,165,MANUAL (Remote),,316.0
2026-08-10T10:48:18.782,1786333698.782496,-0.014999999664723873,5.9,-15.4,308.9,1491,1755,1491,1491,1877,1491,245,165,MANUAL (Remote),,316.0
2026-08-10T10:48:19.282,1786333699.282507,-0.014999999664723873,5.9,-17.1,308.7,1491,1755,1491,1491,1877,1491,245,110,MANUAL (Remote),,316.0
2026-08-10T10:48:19.782,1786333699.782405,-0.01600000075995922,8.0,-17.8,311.9,1491,1769,1491,1491,1881,1491,245,95,MANUAL (Remote),,325.0
2026-08-10T10:48:20.282,1786333700.282576,-0.007000000216066837,7.6,-14.1,318.6,1491,1499,1491,1491,1499,1491,245,105,MANUAL (Remote),,0.0
2026-08-10T10:48:20.782,1786333700.782454,-0.017000000923871994,9.5,-11.9,317.4,1491,1890,1491,1491,1100,1491,245,105,MANUAL (Remote),,-5.0
2026-08-10T10:48:21.282,1786333701.282421,-0.019999999552965164,11.1,-12.6,309.8,1491,1499,1491,1491,1499,1491,245,105,MANUAL (Remote),,0.0
2026-08-10T10:48:21.782,1786333701.782601,-0.01899999938905239,5.8,-16.2,299.2,1491,1499,1491,1491,1499,1491,245,105,MANUAL (Remote),,0.0
2026-08-10T10:48:22.282,1786333702.282426,-0.007000000216066837,2.1,-18.9,294.8,1491,1499,1491,1491,1499,1491,245,105,MANUAL (Remote),,0.0
2026-08-10T10:48:22.782,1786333702.782482,-0.014000000432133675,4.6,-18.8,291.8,1491,1499,1491,1491,1499,1491,245,105,MANUAL (Remote),,0.0
2026-08-10T10:48:23.282,1786333703.282525,-0.014999999664723873,2.8,-17.0,290.5,1491,1499,1491,1491,1499,1491,245,105,MANUAL (Remote),,0.0
2026-08-10T10:48:23.782,1786333703.782601,-0.01600000075995922,2.4,-15.7,289.5,1491,1499,1491,1491,1499,1491,245,105,MANUAL (Remote),,0.0
2026-08-10T10:48:24.282,1786333704.282505,-0.008999999612569809,3.1,-18.2,288.4,1491,1499,1491,1491,1499,1491,245,105,MANUAL (Remote),,0.0
2026-08-10T10:48:24.782,1786333704.78247,-0.014000000432133675,2.4,-19.4,287.7,1491,1897,1491,1491,1100,1491,245,105,MANUAL (Remote),,-1.5
2026-08-10T10:48:25.282,1786333705.282451,-0.014000000432133675,2.4,-17.9,286.1,1491,1499,1491,1491,1499,1491,245,105,MANUAL (Remote),,0.0
2026-08-10T10:48:25.782,1786333705.782433,-0.010999999940395355,2.5,-17.1,290.3,1491,1499,1491,1491,1499,1491,245,105,MANUAL (Remote),,0.0
2026-08-10T10:48:26.282,1786333706.28259,-0.02500000037252903,4.4,-16.1,291.7,1491,1146,1491,1491,1900,1491,245,105,MANUAL (Remote),,23.0
2026-08-10T10:48:26.782,1786333706.782385,-0.01600000075995922,3.5,-16.9,293.9,1491,1499,1491,1491,1499,1491,245,105,MANUAL (Remote),,0.0
2026-08-10T10:48:27.282,1786333707.282512,-0.012000000104308128,5.1,-19.4,295.8,1491,1499,1491,1491,1499,1491,245,105,MANUAL (Remote),,0.0
2026-08-10T10:48:27.782,1786333707.782616,-0.014000000432133675,5.0,-19.3,298.3,1477,1499,1477,1477,1499,1477,245,105,MANUAL (Remote),,0.0
2026-08-10T10:48:28.282,1786333708.282531,-0.012000000104308128,3.6,-17.1,297.2,1444,1499,1444,1444,1499,1444,245,105,MANUAL (Remote),,0.0
2026-08-10T10:48:28.782,1786333708.782424,0.006000000052154064,4.9,-16.0,295.3,1414,1499,1414,1414,1499,1414,245,105,MANUAL (Remote),,0.0
2026-08-10T10:48:29.282,1786333709.282444,0.03500000014901161,3.9,-19.7,293.2,1396,1499,1396,1396,1499,1396,245,105,MANUAL (Remote),,0.0
2026-08-10T10:48:29.782,1786333709.78245,0.08100000023841858,4.0,-23.7,290.6,1396,1499,1396,1396,1499,1396,245,105,MANUAL (Remote),,0.0
2026-08-10T10:48:30.282,1786333710.282441,0.13300000131130219,4.4,-23.7,288.1,1392,1499,1392,1392,1499,1392,245,105,MANUAL (Remote),,0.0
2026-08-10T10:48:30.782,1786333710.782383,0.20100000500679016,4.6,-23.2,287.2,1359,1499,1359,1359,1499,1359,245,105,MANUAL (Remote),,0.0
2026-08-10T10:48:31.282,1786333711.282427,0.29100000858306885,5.7,-25.9,286.0,1359,1499,1359,1359,1499,1359,245,105,MANUAL (Remote),,0.0
2026-08-10T10:48:31.782,1786333711.782439,0.3880000114440918,7.4,-26.5,285.5,1359,1499,1359,1359,1499,1359,245,105,MANUAL (Remote),,0.0
2026-08-10T10:48:32.282,1786333712.282381,0.5130000114440918,9.1,-25.5,285.3,1359,1499,1359,1359,1499,1359,245,105,MANUAL (Remote),,0.0
2026-08-10T10:48:32.782,1786333712.782401,0.6340000033378601,0.5,-15.0,288.9,1359,1499,1359,1359,1499,1359,245,105,MANUAL (Remote),,0.0
2026-08-10T10:48:33.282,1786333713.282438,0.628000020980835,2.2,-15.7,290.3,1368,1499,1368,1368,1499,1368,245,105,MANUAL (Remote),,0.0
2026-08-10T10:48:33.782,1786333713.782385,0.6269999742507935,2.9,-16.0,291.5,1395,1499,1395,1395,1499,1395,245,105,MANUAL (Remote),,0.0
2026-08-10T10:48:34.282,1786333714.282395,0.628000020980835,3.5,-16.1,291.3,1422,1499,1422,1422,1499,1422,245,105,MANUAL (Remote),,0.0
2026-08-10T10:48:34.782,1786333714.782405,0.6169999837875366,3.4,-18.2,290.4,1455,1499,1455,1455,1499,1455,245,105,MANUAL (Remote),,0.0
2026-08-10T10:48:35.282,1786333715.282431,0.5730000138282776,2.8,-17.9,290.3,1476,1499,1476,1476,1499,1476,245,105,MANUAL (Remote),,0.0
2026-08-10T10:48:35.782,1786333715.782412,0.48399999737739563,2.2,-16.1,291.0,1476,1499,1476,1476,1499,1476,245,105,MANUAL (Remote),,0.0
2026-08-10T10:48:36.282,1786333716.282387,0.37700000405311584,1.3,-16.7,291.9,1476,1898,1476,1476,1100,1476,245,105,MANUAL (Remote),,-1.0
2026-08-10T10:48:36.782,1786333716.782443,0.24199999868869781,1.0,-12.7,281.1,1476,1898,1476,1476,1100,1476,245,105,MANUAL (Remote),,-1.0
2026-08-10T10:48:37.282,1786333717.282416,0.12800000607967377,-1.6,-6.7,271.7,1465,1499,1465,1465,1499,1465,245,105,MANUAL (Remote),,0.0
2026-08-10T10:48:37.782,1786333717.782347,0.004000000189989805,-5.2,-16.5,276.9,1449,1499,1449,1449,1499,1449,245,105,MANUAL (Remote),,0.0
2026-08-10T10:48:38.282,1786333718.282414,-0.03099999949336052,-0.1,-22.1,282.1,1449,1899,1449,1449,1100,1449,245,105,MANUAL (Remote),,-0.5
2026-08-10T10:48:38.782,1786333718.782407,-0.012000000104308128,1.0,-9.8,270.2,1449,1899,1449,1449,1100,1449,245,105,MANUAL (Remote),,-0.5
2026-08-10T10:48:39.282,1786333719.282395,-0.02500000037252903,-3.4,-3.4,257.2,1449,1499,1449,1449,1499,1449,245,105,MANUAL (Remote),,0.0
2026-08-10T10:48:39.782,1786333719.782365,-0.007000000216066837,-12.9,-12.3,264.6,1440,1499,1440,1440,1499,1440,245,105,MANUAL (Remote),,0.0
2026-08-10T10:48:40.282,1786333720.282374,-0.0010000000474974513,-12.2,-23.1,275.6,1421,1499,1421,1421,1499,1421,245,105,MANUAL (Remote),,0.0
2026-08-10T10:48:40.782,1786333720.782423,0.019999999552965164,-7.4,-21.9,284.7,1421,1499,1421,1421,1499,1421,245,105,MANUAL (Remote),,0.0
2026-08-10T10:48:41.282,1786333721.282445,0.03400000184774399,-3.9,-19.0,291.6,1421,1499,1421,1421,1499,1421,245,105,MANUAL (Remote),,0.0
2026-08-10T10:48:41.782,1786333721.782783,0.04899999871850014,-2.0,-20.2,296.8,1421,1499,1421,1421,1499,1421,245,105,MANUAL (Remote),,0.0
2026-08-10T10:48:42.282,1786333722.28241,0.061000000685453415,-1.1,-20.9,299.8,1421,1499,1421,1421,1499,1421,245,105,MANUAL (Remote),,0.0
2026-08-10T10:48:42.782,1786333722.782538,0.06499999761581421,-0.4,-20.8,303.1,1421,1499,1421,1421,1499,1421,245,105,MANUAL (Remote),,0.0
2026-08-10T10:48:43.282,1786333723.282494,0.07100000232458115,1.5,-19.6,304.7,1421,1499,1421,1421,1499,1421,245,105,MANUAL (Remote),,0.0
2026-08-10T10:48:43.782,1786333723.782599,0.06599999964237213,2.7,-18.9,307.3,1421,1499,1421,1421,1499,1421,245,105,MANUAL (Remote),,0.0
2026-08-10T10:48:44.282,1786333724.282481,0.06199999898672104,4.1,-18.5,307.9,1421,1499,1421,1421,1499,1421,245,105,MANUAL (Remote),,0.0
2026-08-10T10:48:44.782,1786333724.782495,0.06599999964237213,4.2,-18.0,309.1,1421,1499,1421,1421,1499,1421,245,105,MANUAL (Remote),,0.0
2026-08-10T10:48:45.282,1786333725.2824,0.06300000101327896,4.6,-17.4,309.1,1421,1499,1421,1421,1499,1421,245,105,MANUAL (Remote),,0.0
2026-08-10T10:48:45.782,1786333725.78244,0.05400000140070915,5.1,-16.8,308.7,1421,1499,1421,1421,1499,1421,245,105,MANUAL (Remote),,0.0
2026-08-10T10:48:46.282,1786333726.282512,0.057999998331069946,5.8,-17.3,308.8,1421,1499,1421,1421,1499,1421,245,105,MANUAL (Remote),,0.0
2026-08-10T10:48:46.782,1786333726.782542,0.05299999937415123,5.9,-17.2,307.4,1421,1499,1421,1421,1499,1421,245,105,MANUAL (Remote),,0.0
2026-08-10T10:48:47.282,1786333727.282501,0.057999998331069946,6.0,-17.1,306.9,1421,1499,1421,1421,1499,1421,245,105,MANUAL (Remote),,0.0
2026-08-10T10:48:47.782,1786333727.782413,0.05299999937415123,6.2,-17.1,305.6,1421,1499,1421,1421,1499,1421,245,105,MANUAL (Remote),,0.0
2026-08-10T10:48:48.282,1786333728.282527,0.052000001072883606,5.9,-17.0,304.9,1421,1499,1421,1421,1499,1421,245,105,MANUAL (Remote),,0.0
2026-08-10T10:48:48.782,1786333728.782407,0.05400000140070915,6.0,-17.0,304.5,1421,1499,1421,1421,1499,1421,245,105,MANUAL (Remote),,0.0
2026-08-10T10:48:49.282,1786333729.282575,0.05900000035762787,5.8,-17.6,303.1,1414,1499,1414,1414,1499,1414,245,105,MANUAL (Remote),,0.0
2026-08-10T10:48:49.782,1786333729.782431,0.07100000232458115,5.6,-18.4,302.2,1414,1499,1414,1414,1499,1414,245,105,MANUAL (Remote),,0.0
2026-08-10T10:48:50.282,1786333730.282448,0.08500000089406967,5.8,-18.6,301.9,1414,1499,1414,1414,1499,1414,245,105,MANUAL (Remote),,0.0
2026-08-10T10:48:50.782,1786333730.782403,0.09700000286102295,5.9,-18.2,301.5,1414,1499,1414,1414,1499,1414,245,105,MANUAL (Remote),,0.0
2026-08-10T10:48:51.282,1786333731.282435,0.11500000208616257,5.8,-17.6,300.6,1407,1499,1407,1407,1499,1407,245,105,MANUAL (Remote),,0.0
2026-08-10T10:48:51.782,1786333731.782572,0.12999999523162842,5.1,-18.8,299.9,1406,1499,1406,1406,1499,1406,245,105,MANUAL (Remote),,0.0
2026-08-10T10:48:52.282,1786333732.28259,0.15800000727176666,4.7,-19.2,298.8,1406,1499,1406,1406,1499,1406,245,105,MANUAL (Remote),,0.0
2026-08-10T10:48:52.782,1786333732.782382,0.1850000023841858,4.8,-19.0,298.6,1406,1499,1406,1406,1499,1406,245,105,MANUAL (Remote),,0.0
2026-08-10T10:48:53.282,1786333733.282476,0.20499999821186066,5.1,-19.0,298.0,1406,1499,1406,1406,1499,1406,245,105,MANUAL (Remote),,0.0
2026-08-10T10:48:53.782,1786333733.782471,0.23199999332427979,5.0,-18.5,297.4,1406,1499,1406,1406,1499,1406,245,105,MANUAL (Remote),,0.0
2026-08-10T10:48:54.282,1786333734.282395,0.2630000114440918,4.8,-19.2,296.8,1406,1499,1406,1406,1499,1406,245,105,MANUAL (Remote),,0.0
2026-08-10T10:48:54.782,1786333734.782452,0.28999999165534973,4.4,-19.4,296.6,1406,1885,1406,1406,1101,1406,245,105,MANUAL (Remote),,-7.0
2026-08-10T10:48:55.282,1786333735.282456,0.32499998807907104,3.4,-16.9,288.7,1406,1893,1406,1406,1100,1406,245,105,MANUAL (Remote),,-3.5
2026-08-10T10:48:55.782,1786333735.782476,0.34599998593330383,2.1,-13.6,272.9,1406,1849,1406,1406,1143,1406,245,105,MANUAL (Remote),,-4.0
2026-08-10T10:48:56.282,1786333736.282421,0.36399999260902405,-2.2,-13.8,264.7,1406,1499,1406,1406,1499,1406,245,105,MANUAL (Remote),,0.0
2026-08-10T10:48:56.782,1786333736.782438,0.39800000190734863,-9.1,-21.9,275.5,1406,1843,1406,1406,1843,1406,245,105,MANUAL (Remote),,343.0
2026-08-10T10:48:57.282,1786333737.282433,0.44600000977516174,-20.7,-27.1,286.3,1406,1900,1406,1406,1900,1406,245,105,MANUAL (Remote),,400.0
2026-08-10T10:48:57.782,1786333737.782417,0.46700000762939453,-27.0,-27.4,290.9,1406,1900,1406,1406,1900,1406,245,105,MANUAL (Remote),,400.0
2026-08-10T10:48:58.282,1786333738.282404,0.42399999499320984,-21.3,-26.6,292.8,1406,1707,1406,1406,1593,1406,245,105,MANUAL (Remote),,150.0
2026-08-10T10:48:58.782,1786333738.782396,0.382999986410141,-7.5,-25.1,295.8,1406,1713,1406,1406,1621,1406,245,105,MANUAL (Remote),,167.0
2026-08-10T10:48:59.282,1786333739.282438,0.3840000033378601,-1.8,-22.9,300.8,1406,1807,1406,1406,1425,1406,245,105,MANUAL (Remote),,116.0
2026-08-10T10:48:59.782,1786333739.782391,0.4169999957084656,-6.2,-21.0,299.6,1406,1900,1406,1406,1167,1406,245,105,MANUAL (Remote),,33.5
2026-08-10T10:49:00.282,1786333740.282404,0.4269999861717224,-8.1,-16.6,283.9,1406,1900,1406,1406,1105,1406,245,105,MANUAL (Remote),,2.5
2026-08-10T10:49:00.782,1786333740.78241,0.45100000500679016,-9.9,-22.3,281.8,1406,1878,1406,1406,1900,1406,245,105,MANUAL (Remote),,389.0
2026-08-10T10:49:01.282,1786333741.282439,0.48500001430511475,-13.4,-34.6,301.0,1406,1489,1406,1406,1845,1406,245,105,MANUAL (Remote),,172.5
2026-08-10T10:49:01.782,1786333741.782441,0.5070000290870667,-8.3,-36.5,319.9,1406,1503,1406,1406,1503,1406,245,105,MANUAL (Remote),,0.0
2026-08-10T10:49:02.282,1786333742.282408,0.5,0.6,-27.4,326.6,1406,1499,1406,1406,1499,1406,245,105,MANUAL (Remote),,0.0
2026-08-10T10:49:02.782,1786333742.782385,0.5120000243186951,6.2,-23.0,332.1,1406,1630,1406,1406,1630,1406,245,105,MANUAL (Remote),,130.0
2026-08-10T10:49:03.282,1786333743.282471,0.5389999747276306,6.4,-24.2,336.5,1406,1532,1406,1406,1468,1406,245,105,MANUAL (Remote),,0.0
2026-08-10T10:49:03.782,1786333743.782443,0.5640000104904175,4.5,-24.1,338.0,1406,1499,1406,1406,1499,1406,245,105,MANUAL (Remote),,0.0
2026-08-10T10:49:04.282,1786333744.28252,0.5889999866485596,3.6,-19.8,334.3,1406,1499,1406,1406,1499,1406,245,105,MANUAL (Remote),,0.0
2026-08-10T10:49:04.782,1786333744.782447,0.6119999885559082,3.8,-18.7,331.3,1406,1499,1406,1406,1499,1406,245,105,MANUAL (Remote),,0.0
2026-08-10T10:49:05.282,1786333745.282578,0.6169999837875366,3.4,-17.6,333.6,1406,1499,1406,1406,1499,1406,245,105,MANUAL (Remote),,0.0
2026-08-10T10:49:05.782,1786333745.782479,0.6140000224113464,4.1,-18.0,334.9,1406,1891,1406,1406,1100,1406,245,105,MANUAL (Remote),,-4.5
2026-08-10T10:49:06.282,1786333746.282465,0.6190000176429749,3.1,-16.1,325.5,1406,1499,1406,1406,1499,1406,245,105,MANUAL (Remote),,0.0
2026-08-10T10:49:06.782,1786333746.782607,0.6190000176429749,2.3,-17.4,328.3,1406,1864,1406,1406,1900,1406,245,105,MANUAL (Remote),,382.0
2026-08-10T10:49:07.282,1786333747.282448,0.6159999966621399,0.7,-19.2,333.0,1406,1750,1406,1406,1768,1406,245,105,MANUAL (Remote),,259.0
2026-08-10T10:49:07.782,1786333747.782559,0.6140000224113464,5.5,-17.8,336.6,1406,1899,1406,1406,1100,1406,245,105,MANUAL (Remote),,-0.5
2026-08-10T10:49:08.282,1786333748.282357,0.6169999837875366,6.0,-17.6,336.2,1406,1510,1406,1406,1508,1406,245,105,MANUAL (Remote),,0.0
2026-08-10T10:49:08.782,1786333748.782447,0.6230000257492065,4.2,-18.8,337.7,1406,1532,1406,1406,1530,1406,245,105,MANUAL (Remote),,31.0
2026-08-10T10:49:09.282,1786333749.282451,0.6119999885559082,4.7,-19.3,338.4,1406,1524,1406,1406,1520,1406,245,105,MANUAL (Remote),,12.0
2026-08-10T10:49:09.782,1786333749.782412,0.6150000095367432,4.3,-19.0,338.5,1406,1621,1406,1406,1611,1406,245,105,MANUAL (Remote),,116.0
2026-08-10T10:49:10.282,1786333750.28245,0.6150000095367432,4.2,-18.1,339.2,1406,1700,1406,1406,1694,1406,245,105,MANUAL (Remote),,197.0
2026-08-10T10:49:10.782,1786333750.782514,0.6110000014305115,5.3,-17.0,340.2,1428,1499,1428,1428,1499,1428,245,105,MANUAL (Remote),,0.0
2026-08-10T10:49:11.282,1786333751.282413,0.5989999771118164,4.9,-16.7,340.6,1434,1531,1434,1434,1467,1434,245,105,MANUAL (Remote),,-1.0
2026-08-10T10:49:11.782,1786333751.782549,0.5759999752044678,4.4,-16.3,337.4,1434,1499,1434,1434,1499,1434,245,105,MANUAL (Remote),,0.0
2026-08-10T10:49:12.282,1786333752.282591,0.5410000085830688,3.5,-16.7,332.3,1460,1499,1460,1460,1499,1460,245,105,MANUAL (Remote),,0.0
2026-08-10T10:49:12.782,1786333752.782461,0.4650000035762787,2.7,-15.8,334.2,1460,1768,1460,1460,1766,1460,245,105,MANUAL (Remote),,267.0
2026-08-10T10:49:13.282,1786333753.282417,0.37599998712539673,1.5,-15.4,335.4,1460,1525,1460,1460,1523,1460,245,105,MANUAL (Remote),,24.0
2026-08-10T10:49:13.782,1786333753.782405,0.2540000081062317,5.8,-17.9,335.9,1460,1887,1460,1460,1100,1460,245,105,MANUAL (Remote),,-6.5
2026-08-10T10:49:14.282,1786333754.282508,0.1379999965429306,7.4,-17.2,324.2,1460,1589,1460,1460,1427,1460,245,105,MANUAL (Remote),,8.0
2026-08-10T10:49:14.782,1786333754.782388,0.039000000804662704,2.9,-17.7,323.3,1460,1585,1460,1460,1583,1460,245,105,MANUAL (Remote),,84.0
2026-08-10T10:49:15.282,1786333755.282415,-0.04399999976158142,1.1,-19.2,327.9,1460,1146,1460,1460,1540,1460,245,105,MANUAL (Remote),,-157.0
2026-08-10T10:49:15.782,1786333755.782388,-0.017999999225139618,5.3,-19.2,331.7,1460,1499,1460,1460,1499,1460,245,105,MANUAL (Remote),,0.0
2026-08-10T10:49:16.282,1786333756.282422,-0.006000000052154064,6.3,-18.6,333.6,1438,1499,1438,1438,1499,1438,245,105,MANUAL (Remote),,0.0
2026-08-10T10:49:16.782,1786333756.782371,0.0010000000474974513,5.5,-18.2,335.1,1438,1900,1438,1438,1900,1438,245,105,MANUAL (Remote),,400.0
2026-08-10T10:49:17.282,1786333757.282364,0.009999999776482582,-1.4,-17.4,334.7,1438,1608,1438,1438,1608,1438,245,105,MANUAL (Remote),,108.0
2026-08-10T10:49:17.782,1786333757.782407,0.0,2.3,-17.2,333.4,1438,1499,1438,1438,1499,1438,245,105,MANUAL (Remote),,0.0
2026-08-10T10:49:18.282,1786333758.282406,-0.008999999612569809,7.9,-17.8,334.0,1436,1499,1436,1436,1499,1436,245,105,MANUAL (Remote),,0.0
2026-08-10T10:49:18.782,1786333758.78244,0.0010000000474974513,5.6,-17.9,335.6,1406,1499,1406,1406,1499,1406,245,105,MANUAL (Remote),,0.0
2026-08-10T10:49:19.282,1786333759.28251,0.03500000014901161,4.7,-19.9,335.7,1406,1499,1406,1406,1499,1406,245,105,MANUAL (Remote),,0.0
2026-08-10T10:49:19.782,1786333759.782379,0.06499999761581421,5.4,-21.6,335.1,1406,1499,1406,1406,1499,1406,245,105,MANUAL (Remote),,0.0
2026-08-10T10:49:20.282,1786333760.282422,0.10199999809265137,6.2,-21.2,336.2,1406,1710,1406,1406,1276,1406,245,105,MANUAL (Remote),,-7.0
2026-08-10T10:49:20.782,1786333760.782441,0.12700000405311584,7.5,-19.2,333.4,1406,1499,1406,1406,1499,1406,245,105,MANUAL (Remote),,0.0
2026-08-10T10:49:21.282,1786333761.282463,0.15600000321865082,7.8,-22.5,331.5,1406,1898,1406,1406,1900,1406,245,105,MANUAL (Remote),,399.0
2026-08-10T10:49:21.782,1786333761.782358,0.20499999821186066,1.9,-25.0,340.4,1406,1499,1406,1406,1499,1406,245,105,MANUAL (Remote),,0.0
2026-08-10T10:49:22.282,1786333762.282448,0.23999999463558197,1.1,-23.4,343.9,1406,1882,1406,1406,1100,1406,245,105,MANUAL (Remote),,-9.0
2026-08-10T10:49:22.782,1786333762.782423,0.2329999953508377,10.7,-18.3,330.5,1406,1499,1406,1406,1499,1406,245,105,MANUAL (Remote),,0.0
2026-08-10T10:49:23.282,1786333763.282426,0.25,11.4,-20.4,328.1,1406,1552,1406,1406,1554,1406,245,105,MANUAL (Remote),,53.0
2026-08-10T10:49:23.782,1786333763.782464,0.3019999861717224,3.0,-21.6,329.0,1406,1499,1406,1406,1499,1406,245,105,MANUAL (Remote),,0.0
2026-08-10T10:49:24.282,1786333764.282427,0.3400000035762787,-1.7,-21.5,328.6,1406,1469,1406,1406,1565,1406,245,105,MANUAL (Remote),,17.0
2026-08-10T10:49:24.782,1786333764.782451,0.3619999885559082,-0.3,-21.2,327.1,1406,1898,1406,1406,1900,1406,245,105,MANUAL (Remote),,399.0
2026-08-10T10:49:25.282,1786333765.282382,0.3930000066757202,-3.6,-21.0,325.7,1406,1499,1406,1406,1499,1406,245,105,MANUAL (Remote),,0.0
2026-08-10T10:49:25.782,1786333765.782634,0.41499999165534973,-5.1,-21.4,323.7,1406,1114,1406,1406,1900,1406,245,105,MANUAL (Remote),,7.0
2026-08-10T10:49:26.282,1786333766.282442,0.4309999942779541,-0.5,-24.2,328.1,1406,1499,1406,1406,1499,1406,245,105,MANUAL (Remote),,0.0
2026-08-10T10:49:26.782,1786333766.782391,0.4399999976158142,2.9,-23.5,331.1,1406,1499,1406,1406,1499,1406,245,105,MANUAL (Remote),,0.0
2026-08-10T10:49:27.282,1786333767.282519,0.4580000042915344,4.3,-22.5,331.6,1406,1453,1406,1406,1847,1406,245,105,MANUAL (Remote),,150.0
2026-08-10T10:49:27.782,1786333767.78246,0.4880000054836273,1.3,-23.7,338.9,1406,1499,1406,1406,1499,1406,245,105,MANUAL (Remote),,0.0
2026-08-10T10:49:28.282,1786333768.282616,0.5189999938011169,2.3,-22.4,338.6,1406,1163,1406,1406,1900,1406,245,105,MANUAL (Remote),,31.5
2026-08-10T10:49:28.782,1786333768.782508,0.5450000166893005,1.5,-23.5,344.8,1406,1499,1406,1406,1499,1406,245,105,MANUAL (Remote),,0.0
2026-08-10T10:49:29.282,1786333769.282457,0.5519999861717224,3.8,-21.4,342.7,1406,1891,1406,1406,1900,1406,245,105,MANUAL (Remote),,395.5
2026-08-10T10:49:29.782,1786333769.782514,0.5809999704360962,2.6,-21.8,349.1,1406,1891,1406,1406,1900,1406,245,105,MANUAL (Remote),,395.5
2026-08-10T10:49:30.282,1786333770.282688,0.6019999980926514,2.7,-21.1,355.0,1406,1499,1406,1406,1499,1406,245,105,MANUAL (Remote),,0.0
2026-08-10T10:49:30.782,1786333770.782434,0.6029999852180481,7.7,-16.5,351.6,1406,1899,1406,1406,1100,1406,245,105,MANUAL (Remote),,-0.5
2026-08-10T10:49:31.282,1786333771.282519,0.6100000143051147,6.7,-10.2,339.2,1406,1899,1406,1406,1100,1406,245,105,MANUAL (Remote),,-0.5
2026-08-10T10:49:31.782,1786333771.782462,0.6079999804496765,4.2,-15.2,331.1,1406,1499,1406,1406,1499,1406,245,105,MANUAL (Remote),,0.0
2026-08-10T10:49:32.282,1786333772.282508,0.6110000014305115,4.4,-17.9,332.8,1401,1499,1401,1401,1499,1401,245,105,MANUAL (Remote),,0.0
2026-08-10T10:49:32.782,1786333772.782448,0.6110000014305115,4.2,-18.5,334.4,1431,1499,1431,1431,1499,1431,245,105,MANUAL (Remote),,0.0
2026-08-10T10:49:33.282,1786333773.282488,0.6100000143051147,4.0,-19.0,335.1,1431,1499,1431,1431,1499,1431,245,105,MANUAL (Remote),,0.0
2026-08-10T10:49:33.782,1786333773.782514,0.5820000171661377,3.3,-18.2,335.0,1431,1499,1431,1431,1499,1431,245,105,MANUAL (Remote),,0.0
2026-08-10T10:49:34.282,1786333774.28247,0.5389999747276306,2.4,-18.0,334.5,1431,1871,1431,1431,1871,1431,245,105,MANUAL (Remote),,371.0
2026-08-10T10:49:34.782,1786333774.78266,0.5040000081062317,1.4,-18.4,331.9,1431,1499,1431,1431,1499,1431,245,105,MANUAL (Remote),,0.0
2026-08-10T10:49:35.282,1786333775.282602,0.4580000042915344,4.3,-19.3,330.8,1431,1499,1431,1431,1499,1431,245,105,MANUAL (Remote),,0.0
2026-08-10T10:49:35.782,1786333775.782777,0.4099999964237213,5.0,-18.9,331.0,1431,1256,1431,1431,1872,1431,245,105,MANUAL (Remote),,64.0
2026-08-10T10:49:36.282,1786333776.282459,0.3619999885559082,3.7,-18.5,332.4,1431,1499,1431,1431,1499,1431,245,105,MANUAL (Remote),,0.0
2026-08-10T10:49:36.782,1786333776.782751,0.30000001192092896,2.7,-18.0,332.3,1431,1499,1431,1431,1499,1431,245,105,MANUAL (Remote),,0.0
2026-08-10T10:49:37.282,1786333777.282453,0.2329999953508377,2.7,-18.1,332.2,1422,1499,1422,1422,1499,1422,245,105,MANUAL (Remote),,0.0
2026-08-10T10:49:37.782,1786333777.782387,0.164000004529953,2.9,-19.5,331.6,1410,1249,1410,1410,1753,1410,245,105,MANUAL (Remote),,1.0
2026-08-10T10:49:38.282,1786333778.282436,0.12700000405311584,4.6,-24.5,334.9,1410,1109,1410,1410,1900,1410,245,105,MANUAL (Remote),,4.5
2026-08-10T10:49:38.782,1786333778.782415,0.10199999809265137,8.0,-25.1,342.1,1410,1499,1410,1410,1499,1410,245,105,MANUAL (Remote),,0.0
2026-08-10T10:49:39.282,1786333779.282508,0.0989999994635582,5.5,-19.9,338.0,1410,1499,1410,1410,1499,1410,245,105,MANUAL (Remote),,0.0
2026-08-10T10:49:39.782,1786333779.782422,0.10100000351667404,4.5,-17.5,332.7,1416,1499,1416,1416,1499,1416,245,105,MANUAL (Remote),,0.0
2026-08-10T10:49:40.282,1786333780.282437,0.10499999672174454,2.7,-20.3,330.0,1386,1499,1386,1386,1499,1386,245,105,MANUAL (Remote),,0.0
2026-08-10T10:49:40.782,1786333780.78246,0.15000000596046448,2.3,-26.4,327.3,1379,1374,1379,1379,1624,1379,245,105,MANUAL (Remote),,-1.0
2026-08-10T10:49:41.282,1786333781.282446,0.20100000500679016,3.4,-28.7,327.4,1379,1101,1379,1379,1900,1379,245,105,MANUAL (Remote),,0.5
2026-08-10T10:49:41.782,1786333781.782458,0.2680000066757202,7.3,-28.0,333.0,1379,1116,1379,1379,1900,1379,245,105,MANUAL (Remote),,8.0
2026-08-10T10:49:42.282,1786333782.2825,0.3409999907016754,11.9,-27.2,342.4,1379,1700,1379,1379,1706,1379,245,105,MANUAL (Remote),,203.0
2026-08-10T10:49:42.782,1786333782.782502,0.4429999887943268,3.7,-23.8,338.3,1379,1888,1379,1379,1900,1379,245,105,MANUAL (Remote),,394.0
2026-08-10T10:49:43.282,1786333783.28246,0.5509999990463257,-5.6,-24.2,334.9,1379,1499,1379,1379,1499,1379,245,105,MANUAL (Remote),,0.0
2026-08-10T10:49:43.782,1786333783.782438,0.6019999980926514,-0.9,-25.0,330.5,1379,1499,1379,1379,1499,1379,245,105,MANUAL (Remote),,0.0
2026-08-10T10:49:44.282,1786333784.282421,0.6179999709129333,2.5,-17.4,329.7,1379,1499,1379,1379,1499,1379,245,105,MANUAL (Remote),,0.0
2026-08-10T10:49:44.782,1786333784.782443,0.6110000014305115,3.2,-17.1,330.4,1379,1499,1379,1379,1499,1379,245,105,MANUAL (Remote),,0.0
2026-08-10T10:49:45.282,1786333785.282455,0.609000027179718,3.6,-17.6,331.4,1379,1499,1379,1379,1499,1379,245,105,MANUAL (Remote),,0.0
2026-08-10T10:49:45.782,1786333785.782439,0.6079999804496765,4.1,-17.8,332.0,1379,1499,1379,1379,1499,1379,245,105,MANUAL (Remote),,0.0
2026-08-10T10:49:46.282,1786333786.282419,0.6129999756813049,4.1,-17.8,332.7,1379,1499,1379,1379,1499,1379,245,105,MANUAL (Remote),,0.0
2026-08-10T10:49:46.782,1786333786.782424,0.6150000095367432,4.1,-17.7,333.0,1379,1499,1379,1379,1499,1379,245,105,MANUAL (Remote),,0.0
2026-08-10T10:49:47.282,1786333787.282481,0.6119999885559082,4.1,-17.7,333.2,1379,1118,1379,1379,1900,1379,245,105,MANUAL (Remote),,9.0
2026-08-10T10:49:47.782,1786333787.782589,0.6129999756813049,4.4,-17.6,335.3,1379,1499,1379,1379,1499,1379,245,105,MANUAL (Remote),,0.0
2026-08-10T10:49:48.282,1786333788.282557,0.6110000014305115,4.4,-17.2,334.3,1378,1499,1379,1377,1499,1378,245,105,MANUAL (Remote),,0.0
2026-08-10T10:49:48.782,1786333788.782451,0.6100000143051147,3.7,-16.6,336.4,1100,1499,1379,1100,1499,1378,245,105,MANUAL (Remote),,0.0
2026-08-10T10:49:49.282,1786333789.282461,0.6129999756813049,4.1,-17.4,335.7,1379,1499,1379,1379,1499,1379,245,105,MANUAL (Remote),,0.0
2026-08-10T10:49:49.782,1786333789.782501,0.6129999756813049,4.2,-17.6,335.3,1389,1499,1389,1389,1499,1389,245,105,MANUAL (Remote),,0.0
2026-08-10T10:49:50.282,1786333790.282467,0.609000027179718,4.4,-17.6,334.5,1407,1499,1407,1407,1499,1407,245,105,MANUAL (Remote),,0.0
2026-08-10T10:49:50.782,1786333790.782443,0.6079999804496765,4.3,-19.3,334.0,1407,1499,1407,1407,1499,1407,245,105,MANUAL (Remote),,0.0
2026-08-10T10:49:51.282,1786333791.282423,0.6069999933242798,4.1,-20.8,333.6,1410,1499,1410,1410,1499,1410,245,105,MANUAL (Remote),,0.0
2026-08-10T10:49:51.782,1786333791.782564,0.6150000095367432,3.9,-20.6,333.5,1425,1499,1425,1425,1499,1425,245,105,MANUAL (Remote),,0.0
2026-08-10T10:49:52.282,1786333792.282359,0.6069999933242798,3.2,-18.8,333.4,1425,1499,1425,1425,1499,1425,245,105,MANUAL (Remote),,0.0
2026-08-10T10:49:52.782,1786333792.782459,0.5870000123977661,2.9,-18.3,333.1,1424,1499,1425,1424,1499,1425,245,105,MANUAL (Remote),,0.0
2026-08-10T10:49:53.282,1786333793.28261,0.5590000152587891,3.0,-19.3,332.8,1422,1499,1425,1422,1499,1425,245,105,MANUAL (Remote),,0.0
2026-08-10T10:49:53.782,1786333793.782476,0.5400000214576721,4.2,-20.2,332.6,1403,1499,1425,1403,1499,1425,245,105,MANUAL (Remote),,0.0
2026-08-10T10:49:54.282,1786333794.282449,0.5049999952316284,6.9,-21.1,332.8,1397,1499,1425,1397,1499,1425,245,105,MANUAL (Remote),,0.0
2026-08-10T10:49:54.782,1786333794.782479,0.4880000054836273,9.1,-21.9,333.4,1397,1499,1425,1397,1499,1425,245,105,MANUAL (Remote),,0.0
2026-08-10T10:49:55.282,1786333795.28247,0.4819999933242798,9.1,-21.8,333.6,1397,1391,1425,1397,1607,1425,245,105,MANUAL (Remote),,-1.0
2026-08-10T10:49:55.782,1786333795.782407,0.48500001430511475,7.8,-21.4,336.4,1420,1499,1425,1420,1499,1425,245,105,MANUAL (Remote),,0.0
2026-08-10T10:49:56.282,1786333796.282433,0.4860000014305115,3.7,-18.7,336.1,1442,1499,1442,1442,1499,1442,245,105,MANUAL (Remote),,0.0
2026-08-10T10:49:56.782,1786333796.782463,0.46399998664855957,0.7,-15.8,335.1,1442,1271,1442,1442,1551,1442,245,105,MANUAL (Remote),,-89.0
2026-08-10T10:49:57.282,1786333797.282705,0.4169999957084656,2.6,-17.9,340.1,1296,1499,1442,1295,1499,1441,245,105,MANUAL (Remote),,0.0
2026-08-10T10:49:57.782,1786333797.782654,0.35100001096725464,15.2,-24.7,338.0,1437,1499,1442,1436,1499,1441,245,105,MANUAL (Remote),,0.0
2026-08-10T10:49:58.282,1786333798.282439,0.31299999356269836,13.2,-20.0,336.7,1338,1499,1442,1337,1499,1441,245,105,MANUAL (Remote),,0.0
2026-08-10T10:49:58.782,1786333798.782421,0.29100000858306885,17.9,-21.9,334.8,1357,1499,1442,1356,1499,1441,245,105,MANUAL (Remote),,0.0
2026-08-10T10:49:59.282,1786333799.282394,0.2879999876022339,23.3,-26.1,332.2,1367,1100,1442,1366,1900,1441,245,105,MANUAL (Remote),,0.0
2026-08-10T10:49:59.782,1786333799.782368,0.3009999990463257,22.2,-24.7,334.1,1371,1497,1442,1370,1503,1441,245,105,MANUAL (Remote),,0.0
2026-08-10T10:50:00.282,1786333800.282403,0.33899998664855957,17.3,-22.0,334.9,1357,1496,1442,1356,1502,1441,245,105,MANUAL (Remote),,0.0
2026-08-10T10:50:00.782,1786333800.782425,0.36399999260902405,17.9,-22.6,334.0,1346,1499,1442,1345,1499,1441,245,105,MANUAL (Remote),,0.0
2026-08-10T10:50:01.282,1786333801.282378,0.3970000147819519,15.6,-21.6,333.6,1442,1499,1442,1442,1499,1442,245,105,MANUAL (Remote),,0.0
2026-08-10T10:50:01.782,1786333801.782404,0.4300000071525574,1.9,-14.1,334.2,1430,1499,1430,1430,1499,1430,245,105,MANUAL (Remote),,0.0
2026-08-10T10:50:02.282,1786333802.282448,0.4320000112056732,-5.4,-14.4,333.0,1415,1499,1415,1415,1499,1415,245,105,MANUAL (Remote),,0.0
2026-08-10T10:50:02.782,1786333802.782368,0.40400001406669617,-2.9,-20.9,330.2,1399,1499,1399,1399,1499,1399,245,105,MANUAL (Remote),,0.0
2026-08-10T10:50:03.282,1786333803.282408,0.38100001215934753,2.8,-26.2,327.3,1390,1499,1390,1390,1499,1390,245,105,MANUAL (Remote),,0.0
2026-08-10T10:50:03.782,1786333803.782377,0.3930000066757202,5.2,-25.6,327.2,1411,1499,1411,1411,1499,1411,245,105,MANUAL (Remote),,0.0
2026-08-10T10:50:04.282,1786333804.28243,0.4169999957084656,3.4,-18.6,328.0,1432,1499,1432,1432,1499,1432,245,105,MANUAL (Remote),,0.0
2026-08-10T10:50:04.782,1786333804.782447,0.4129999876022339,1.1,-15.1,328.5,1454,1499,1454,1454,1499,1454,245,105,MANUAL (Remote),,0.0
2026-08-10T10:50:05.282,1786333805.282455,0.38499999046325684,0.9,-16.4,328.6,1460,1499,1460,1460,1499,1460,245,105,MANUAL (Remote),,0.0
2026-08-10T10:50:05.782,1786333805.782425,0.29899999499320984,2.4,-18.6,329.2,1463,1499,1463,1463,1499,1463,245,105,MANUAL (Remote),,0.0
2026-08-10T10:50:06.282,1786333806.282401,0.1940000057220459,2.4,-18.1,330.9,1473,1499,1473,1473,1499,1473,245,105,MANUAL (Remote),,0.0
2026-08-10T10:50:06.782,1786333806.782451,0.0689999982714653,2.3,-16.2,332.4,1485,1499,1485,1485,1499,1485,245,105,MANUAL (Remote),,0.0
2026-08-10T10:50:07.282,1786333807.282414,-0.041999999433755875,2.9,-16.6,332.7,1497,1499,1497,1497,1499,1497,245,105,MANUAL (Remote),,0.0
2026-08-10T10:50:07.782,1786333807.782371,-0.032999999821186066,4.5,-18.7,333.1,1497,1102,1497,1497,1900,1497,245,105,MANUAL (Remote),,1.0
2026-08-10T10:50:08.282,1786333808.282408,-0.014000000432133675,6.8,-17.8,335.0,1497,1499,1497,1497,1499,1497,245,105,MANUAL (Remote),,0.0
2026-08-10T10:50:08.782,1786333808.78241,-0.028999999165534973,4.9,-17.2,338.6,1497,1100,1497,1497,1900,1497,245,105,MANUAL (Remote),,0.0
2026-08-10T10:50:09.282,1786333809.282374,-0.029999999329447746,6.7,-18.0,349.9,1468,1499,1468,1468,1499,1468,245,105,MANUAL (Remote),,0.0
2026-08-10T10:50:09.782,1786333809.782363,-0.014000000432133675,5.9,-14.6,349.6,1464,1499,1464,1464,1499,1464,245,105,MANUAL (Remote),,0.0
2026-08-10T10:50:10.282,1786333810.282396,-0.026000000536441803,6.8,-12.6,347.8,1464,1898,1464,1464,1900,1464,245,105,MANUAL (Remote),,399.0
2026-08-10T10:50:10.782,1786333810.782368,-0.010999999940395355,-1.2,-11.8,344.5,1464,1407,1464,1464,1853,1464,245,105,MANUAL (Remote),,130.0
2026-08-10T10:50:11.282,1786333811.282479,-0.02500000037252903,5.8,-15.6,351.9,1464,1205,1464,1464,1891,1464,245,105,MANUAL (Remote),,48.0
2026-08-10T10:50:11.782,1786333811.782443,-0.032999999821186066,12.1,-10.7,7.3,1464,1205,1464,1464,1891,1464,245,105,MANUAL (Remote),,48.0
2026-08-10T10:50:12.282,1786333812.282603,-0.03400000184774399,10.1,0.0,18.9,1464,1205,1464,1464,1891,1464,245,105,MANUAL (Remote),,48.0
2026-08-10T10:50:12.782,1786333812.782443,-0.03200000151991844,5.7,7.6,29.3,1464,1233,1464,1464,1883,1464,245,105,MANUAL (Remote),,58.0
2026-08-10T10:50:13.282,1786333813.282493,-0.03099999949336052,2.7,11.3,37.0,1464,1499,1464,1464,1499,1464,245,105,MANUAL (Remote),,0.0
2026-08-10T10:50:13.782,1786333813.782528,-0.028999999165534973,2.7,20.0,33.2,1464,1900,1464,1464,1900,1464,245,105,MANUAL (Remote),,400.0
2026-08-10T10:50:14.282,1786333814.282432,-0.019999999552965164,-0.8,20.8,20.8,1464,1899,1464,1464,1900,1464,245,105,MANUAL (Remote),,399.5
2026-08-10T10:50:14.782,1786333814.782399,-0.017999999225139618,4.5,16.1,9.4,1464,1888,1464,1464,1900,1464,245,105,MANUAL (Remote),,394.0
2026-08-10T10:50:15.282,1786333815.282494,-0.017999999225139618,10.1,11.3,357.0,1464,1755,1464,1464,1877,1464,245,105,MANUAL (Remote),,316.0
2026-08-10T10:50:15.782,1786333815.782389,-0.017999999225139618,11.5,9.3,348.4,1464,1586,1464,1464,1846,1464,245,105,MANUAL (Remote),,216.0
2026-08-10T10:50:16.282,1786333816.282427,-0.02500000037252903,11.4,6.0,342.1,1464,1534,1464,1464,1846,1464,245,105,MANUAL (Remote),,190.0
2026-08-10T10:50:16.782,1786333816.782423,-0.02500000037252903,8.7,1.9,338.6,1464,1425,1464,1464,1845,1464,245,105,MANUAL (Remote),,135.0
2026-08-10T10:50:17.282,1786333817.282414,-0.017999999225139618,8.9,-0.4,337.0,1464,1499,1464,1464,1499,1464,245,105,MANUAL (Remote),,0.0
2026-08-10T10:50:17.782,1786333817.782381,-0.03099999949336052,12.2,-2.7,328.4,1464,1121,1464,1464,1900,1464,245,105,MANUAL (Remote),,10.5
2026-08-10T10:50:18.282,1786333818.282437,-0.03099999949336052,10.2,-9.2,337.9,1464,1121,1464,1464,1900,1464,245,105,MANUAL (Remote),,10.5
2026-08-10T10:50:18.782,1786333818.782486,-0.032999999821186066,10.6,-11.0,354.8,1464,1121,1464,1464,1900,1464,245,105,MANUAL (Remote),,10.5
2026-08-10T10:50:19.282,1786333819.28253,-0.032999999821186066,9.0,-9.8,7.1,1464,1122,1464,1464,1900,1464,245,105,MANUAL (Remote),,11.0
2026-08-10T10:50:19.782,1786333819.78255,-0.039000000804662704,6.4,-12.0,17.0,1464,1146,1464,1464,1900,1464,245,105,MANUAL (Remote),,23.0
2026-08-10T10:50:20.282,1786333820.282439,-0.03099999949336052,3.3,-11.3,20.0,1464,1499,1464,1464,1499,1464,245,105,MANUAL (Remote),,0.0
2026-08-10T10:50:20.782,1786333820.78247,-0.017000000923871994,1.6,-3.8,9.1,1464,1499,1464,1464,1499,1464,245,105,MANUAL (Remote),,0.0
2026-08-10T10:50:21.282,1786333821.282477,-0.023000000044703484,4.0,-3.9,0.6,1464,1499,1464,1464,1499,1464,245,105,MANUAL (Remote),,0.0
2026-08-10T10:50:21.782,1786333821.782443,-0.017999999225139618,4.0,-9.8,350.3,1464,1499,1464,1464,1499,1464,245,105,MANUAL (Remote),,0.0
2026-08-10T10:50:22.282,1786333822.282405,-0.023000000044703484,3.2,-13.0,341.4,1464,1499,1464,1464,1499,1464,245,105,MANUAL (Remote),,0.0
2026-08-10T10:50:22.782,1786333822.782351,-0.019999999552965164,4.9,-14.0,335.2,1464,1499,1464,1464,1499,1464,245,105,MANUAL (Remote),,0.0
2026-08-10T10:50:23.282,1786333823.282445,-0.019999999552965164,3.2,-13.7,330.1,1464,1499,1464,1464,1499,1464,245,105,MANUAL (Remote),,0.0
2026-08-10T10:50:23.782,1786333823.782459,-0.020999999716877937,3.2,-15.6,326.3,1464,1499,1464,1464,1499,1464,245,105,MANUAL (Remote),,0.0
2026-08-10T10:50:24.282,1786333824.282437,-0.020999999716877937,2.9,-17.2,322.9,1464,1499,1464,1464,1499,1464,245,105,MANUAL (Remote),,0.0
2026-08-10T10:50:24.782,1786333824.782431,-0.020999999716877937,2.2,-17.7,319.7,1464,1499,1464,1464,1499,1464,245,105,MANUAL (Remote),,0.0
2026-08-10T10:50:25.282,1786333825.282465,-0.02500000037252903,2.4,-16.9,317.5,1464,1499,1464,1464,1499,1464,245,105,MANUAL (Remote),,0.0
2026-08-10T10:50:25.782,1786333825.782478,-0.02500000037252903,1.7,-18.2,315.0,1464,1499,1464,1464,1499,1464,245,105,MANUAL (Remote),,0.0
2026-08-10T10:50:26.282,1786333826.282411,-0.017999999225139618,1.4,-19.0,313.1,1464,1499,1464,1464,1499,1464,245,105,MANUAL (Remote),,0.0
2026-08-10T10:50:26.782,1786333826.782462,-0.02500000037252903,1.1,-17.8,310.7,1464,1499,1464,1464,1499,1464,245,105,MANUAL (Remote),,0.0
2026-08-10T10:50:27.282,1786333827.282418,-0.026000000536441803,1.1,-17.1,308.0,1464,1499,1464,1464,1499,1464,245,105,MANUAL (Remote),,0.0
2026-08-10T10:50:27.782,1786333827.782409,-0.02500000037252903,0.9,-17.4,305.7,1464,1499,1464,1464,1499,1464,245,105,MANUAL (Remote),,0.0
2026-08-10T10:50:28.282,1786333828.282455,-0.026000000536441803,0.6,-17.5,303.1,1464,1499,1464,1464,1499,1464,245,105,MANUAL (Remote),,0.0
2026-08-10T10:50:28.782,1786333828.782396,-0.024000000208616257,0.4,-18.3,300.7,1464,1499,1464,1464,1499,1464,245,105,MANUAL (Remote),,0.0
2026-08-10T10:50:29.282,1786333829.282384,-0.023000000044703484,0.7,-18.4,298.7,1464,1499,1464,1464,1499,1464,245,105,MANUAL (Remote),,0.0
2026-08-10T10:50:29.782,1786333829.782424,-0.01899999938905239,-0.0,-17.5,297.0,1464,1499,1464,1464,1499,1464,245,105,MANUAL (Remote),,0.0
2026-08-10T10:50:30.282,1786333830.282429,-0.02500000037252903,0.2,-16.3,294.5,1464,1499,1464,1464,1499,1464,245,105,MANUAL (Remote),,0.0
2026-08-10T10:50:30.782,1786333830.782452,-0.02500000037252903,0.3,-16.7,293.2,1464,1499,1464,1464,1499,1464,245,105,MANUAL (Remote),,0.0
2026-08-10T10:50:31.282,1786333831.282488,-0.027000000700354576,-0.1,-17.9,291.0,1464,1499,1464,1464,1499,1464,245,105,MANUAL (Remote),,0.0
2026-08-10T10:50:31.782,1786333831.782435,-0.017000000923871994,0.1,-17.8,290.2,1464,1499,1464,1464,1499,1464,245,105,MANUAL (Remote),,0.0
2026-08-10T10:50:32.283,1786333832.283361,-0.01899999938905239,0.1,-16.8,288.9,1464,1499,1464,1464,1499,1464,245,105,MANUAL (Remote),,0.0
2026-08-10T10:50:32.783,1786333832.783447,-0.017999999225139618,0.9,-16.5,288.0,1464,1499,1464,1464,1499,1464,245,105,MANUAL (Remote),,0.0
2026-08-10T10:50:33.283,1786333833.283885,-0.01899999938905239,-0.2,-17.5,287.4,1464,1499,1464,1464,1499,1464,245,105,MANUAL (Remote),,0.0
2026-08-10T10:50:33.782,1786333833.782742,-0.024000000208616257,0.3,-17.1,286.5,1464,1499,1464,1464,1499,1464,245,105,MANUAL (Remote),,0.0
2026-08-10T10:50:34.282,1786333834.282529,-0.024000000208616257,0.8,-16.7,286.6,1464,1499,1464,1464,1499,1464,245,105,MANUAL (Remote),,0.0
2026-08-10T10:50:34.782,1786333834.782619,-0.024000000208616257,0.7,-17.0,285.7,1464,1499,1464,1464,1499,1464,245,105,MANUAL (Remote),,0.0
2026-08-10T10:50:35.282,1786333835.282486,-0.023000000044703484,1.1,-17.3,285.4,1464,1499,1464,1464,1499,1464,245,105,MANUAL (Remote),,0.0
2026-08-10T10:50:35.782,1786333835.782484,-0.02500000037252903,1.1,-17.0,285.3,1464,1499,1464,1464,1499,1464,245,105,MANUAL (Remote),,0.0
2026-08-10T10:50:36.282,1786333836.282441,-0.012000000104308128,1.0,-16.9,284.8,1464,1499,1464,1464,1499,1464,245,105,MANUAL (Remote),,0.0
2026-08-10T10:50:36.782,1786333836.782398,-0.01899999938905239,1.4,-17.1,284.6,1464,1499,1464,1464,1499,1464,245,105,MANUAL (Remote),,0.0
2026-08-10T10:50:37.282,1786333837.282421,-0.024000000208616257,1.7,-17.1,284.3,1464,1499,1464,1464,1499,1464,245,105,MANUAL (Remote),,0.0
2026-08-10T10:50:37.782,1786333837.782404,-0.024000000208616257,1.7,-17.1,284.3,1464,1499,1464,1464,1499,1464,245,105,MANUAL (Remote),,0.0
2026-08-10T10:50:38.282,1786333838.282399,-0.024000000208616257,1.7,-17.1,284.3,1464,1499,1464,1464,1499,1464,245,105,MANUAL (Remote),,0.0
2026-08-10T10:50:38.782,1786333838.782473,-0.024000000208616257,1.7,-17.1,284.3,1464,1499,1464,1464,1499,1464,245,105,MANUAL (Remote),,0.0
2026-08-10T10:50:39.282,1786333839.28252,-0.024000000208616257,1.7,-17.1,284.3,1464,1499,1464,1464,1499,1464,245,105,MANUAL (Remote),,0.0
2026-08-10T10:50:39.782,1786333839.782533,-0.024000000208616257,1.7,-17.1,284.3,1464,1499,1464,1464,1499,1464,245,105,MANUAL (Remote),,0.0
2026-08-10T10:50:40.282,1786333840.282452,-0.024000000208616257,1.7,-17.1,284.3,1464,1499,1464,1464,1499,1464,245,105,MANUAL (Remote),,0.0
2026-08-10T10:50:40.782,1786333840.782479,-0.024000000208616257,1.7,-17.1,284.3,1464,1499,1464,1464,1499,1464,245,105,MANUAL (Remote),,0.0
2026-08-10T10:50:41.282,1786333841.282493,-0.024000000208616257,1.7,-17.1,284.3,1464,1499,1464,1464,1499,1464,245,105,MANUAL (Remote),,0.0
2026-08-10T10:50:41.782,1786333841.782442,-0.024000000208616257,1.7,-17.1,284.3,1464,1499,1464,1464,1499,1464,245,105,MANUAL (Remote),,0.0
2026-08-10T10:50:42.282,1786333842.28241,-0.024000000208616257,1.7,-17.1,284.3,1464,1499,1464,1464,1499,1464,245,105,MANUAL (Remote),,0.0
2026-08-10T10:50:42.782,1786333842.782442,-0.024000000208616257,1.7,-17.1,284.3,1464,1499,1464,1464,1499,1464,245,105,MANUAL (Remote),,0.0
2026-08-10T10:50:43.282,1786333843.282468,-0.024000000208616257,1.7,-17.1,284.3,1464,1499,1464,1464,1499,1464,245,105,MANUAL (Remote),,0.0
2026-08-10T10:50:43.782,1786333843.782439,-0.024000000208616257,1.7,-17.1,284.3,1464,1499,1464,1464,1499,1464,245,105,MANUAL (Remote),,0.0
2026-08-10T10:50:44.282,1786333844.282395,-0.024000000208616257,1.7,-17.1,284.3,1464,1499,1464,1464,1499,1464,245,105,MANUAL (Remote),,0.0
2026-08-10T10:50:44.782,1786333844.782523,-0.024000000208616257,1.7,-17.1,284.3,1464,1499,1464,1464,1499,1464,245,105,MANUAL (Remote),,0.0
2026-08-10T10:50:45.282,1786333845.282461,-0.024000000208616257,1.7,-17.1,284.3,1464,1499,1464,1464,1499,1464,245,105,MANUAL (Remote),,0.0
2026-08-10T10:50:45.782,1786333845.782471,-0.024000000208616257,1.7,-17.1,284.3,1464,1499,1464,1464,1499,1464,245,105,MANUAL (Remote),,0.0
2026-08-10T10:50:46.282,1786333846.28252,-0.024000000208616257,1.7,-17.1,284.3,1464,1499,1464,1464,1499,1464,245,105,MANUAL (Remote),,0.0
2026-08-10T10:50:46.782,1786333846.782502,-0.024000000208616257,1.7,-17.1,284.3,1464,1499,1464,1464,1499,1464,245,105,MANUAL (Remote),,0.0
2026-08-10T10:50:47.282,1786333847.282459,-0.024000000208616257,1.7,-17.1,284.3,1464,1499,1464,1464,1499,1464,245,105,MANUAL (Remote),,0.0
2026-08-10T10:50:47.782,1786333847.782433,-0.024000000208616257,1.7,-17.1,284.3,1464,1499,1464,1464,1499,1464,245,105,MANUAL (Remote),,0.0
2026-08-10T10:50:48.282,1786333848.282424,-0.024000000208616257,1.7,-17.1,284.3,1464,1499,1464,1464,1499,1464,245,105,MANUAL (Remote),,0.0
2026-08-10T10:50:48.782,1786333848.78241,-0.024000000208616257,1.7,-17.1,284.3,1464,1499,1464,1464,1499,1464,245,105,MANUAL (Remote),,0.0
2026-08-10T10:50:49.282,1786333849.282466,-0.024000000208616257,1.7,-17.1,284.3,1464,1499,1464,1464,1499,1464,245,105,MANUAL (Remote),,0.0
2026-08-10T10:50:49.782,1786333849.782462,-0.024000000208616257,1.7,-17.1,284.3,1464,1499,1464,1464,1499,1464,245,105,MANUAL (Remote),,0.0
2026-08-10T10:50:50.282,1786333850.282458,-0.024000000208616257,1.7,-17.1,284.3,1464,1499,1464,1464,1499,1464,245,105,MANUAL (Remote),,0.0
2026-08-10T10:50:50.782,1786333850.782453,-0.024000000208616257,1.7,-17.1,284.3,1464,1499,1464,1464,1499,1464,245,105,MANUAL (Remote),,0.0
2026-08-10T10:50:51.282,1786333851.282409,-0.024000000208616257,1.7,-17.1,284.3,1464,1499,1464,1464,1499,1464,245,105,MANUAL (Remote),,0.0
2026-08-10T10:50:51.782,1786333851.782453,-0.024000000208616257,1.7,-17.1,284.3,1464,1499,1464,1464,1499,1464,245,105,MANUAL (Remote),,0.0
2026-08-10T10:50:52.282,1786333852.282413,-0.024000000208616257,1.7,-17.1,284.3,1464,1499,1464,1464,1499,1464,245,105,MANUAL (Remote),,0.0
2026-08-10T10:50:52.782,1786333852.78245,-0.024000000208616257,1.7,-17.1,284.3,1464,1499,1464,1464,1499,1464,245,105,MANUAL (Remote),,0.0
2026-08-10T10:50:53.282,1786333853.282433,-0.024000000208616257,1.7,-17.1,284.3,1464,1499,1464,1464,1499,1464,245,105,MANUAL (Remote),,0.0
2026-08-10T10:50:53.782,1786333853.782427,-0.024000000208616257,1.7,-17.1,284.3,1464,1499,1464,1464,1499,1464,245,105,MANUAL (Remote),,0.0
2026-08-10T10:50:54.282,1786333854.282473,-0.024000000208616257,1.7,-17.1,284.3,1464,1499,1464,1464,1499,1464,245,105,MANUAL (Remote),,0.0
2026-08-10T10:50:54.782,1786333854.782479,-0.024000000208616257,1.7,-17.1,284.3,1464,1499,1464,1464,1499,1464,245,105,MANUAL (Remote),,0.0
2026-08-10T10:50:55.282,1786333855.282476,-0.024000000208616257,1.7,-17.1,284.3,1464,1499,1464,1464,1499,1464,245,105,MANUAL (Remote),,0.0
2026-08-10T10:50:55.782,1786333855.78246,-0.024000000208616257,1.7,-17.1,284.3,1464,1499,1464,1464,1499,1464,245,105,MANUAL (Remote),,0.0
2026-08-10T10:50:56.282,1786333856.282462,-0.024000000208616257,1.7,-17.1,284.3,1464,1499,1464,1464,1499,1464,245,105,MANUAL (Remote),,0.0
2026-08-10T10:50:56.782,1786333856.782451,-0.024000000208616257,1.7,-17.1,284.3,1464,1499,1464,1464,1499,1464,245,105,MANUAL (Remote),,0.0
2026-08-10T10:50:57.282,1786333857.282356,-0.024000000208616257,1.7,-17.1,284.3,1464,1499,1464,1464,1499,1464,245,105,MANUAL (Remote),,0.0
2026-08-10T10:50:57.782,1786333857.782409,-0.024000000208616257,1.7,-17.1,284.3,1464,1499,1464,1464,1499,1464,245,105,MANUAL (Remote),,0.0
2026-08-10T10:50:58.282,1786333858.282421,-0.024000000208616257,1.7,-17.1,284.3,1464,1499,1464,1464,1499,1464,245,105,MANUAL (Remote),,0.0
2026-08-10T10:50:58.782,1786333858.782557,-0.024000000208616257,1.7,-17.1,284.3,1464,1499,1464,1464,1499,1464,245,105,MANUAL (Remote),,0.0
2026-08-10T10:50:59.282,1786333859.282459,-0.024000000208616257,1.7,-17.1,284.3,1464,1499,1464,1464,1499,1464,245,105,MANUAL (Remote),,0.0
2026-08-10T10:50:59.782,1786333859.782475,-0.024000000208616257,1.7,-17.1,284.3,1464,1499,1464,1464,1499,1464,245,105,MANUAL (Remote),,0.0
2026-08-10T10:51:00.282,1786333860.282477,-0.024000000208616257,1.7,-17.1,284.3,1464,1499,1464,1464,1499,1464,245,105,MANUAL (Remote),,0.0
2026-08-10T10:51:00.782,1786333860.782451,-0.024000000208616257,1.7,-17.1,284.3,1464,1499,1464,1464,1499,1464,245,105,MANUAL (Remote),,0.0
2026-08-10T10:51:01.282,1786333861.282439,-0.024000000208616257,1.7,-17.1,284.3,1464,1499,1464,1464,1499,1464,245,105,MANUAL (Remote),,0.0
2026-08-10T10:51:01.782,1786333861.782478,-0.024000000208616257,1.7,-17.1,284.3,1464,1499,1464,1464,1499,1464,245,105,MANUAL (Remote),,0.0
2026-08-10T10:51:02.282,1786333862.282396,-0.024000000208616257,1.7,-17.1,284.3,1464,1499,1464,1464,1499,1464,245,105,MANUAL (Remote),,0.0
2026-08-10T10:51:02.782,1786333862.782631,-0.024000000208616257,1.7,-17.1,284.3,1464,1499,1464,1464,1499,1464,245,105,MANUAL (Remote),,0.0
2026-08-10T10:51:03.282,1786333863.282444,-0.024000000208616257,1.7,-17.1,284.3,1464,1499,1464,1464,1499,1464,245,105,MANUAL (Remote),,0.0
2026-08-10T10:51:03.782,1786333863.78268,-0.024000000208616257,1.7,-17.1,284.3,1464,1499,1464,1464,1499,1464,245,105,MANUAL (Remote),,0.0
2026-08-10T10:51:04.282,1786333864.282455,-0.024000000208616257,1.7,-17.1,284.3,1464,1499,1464,1464,1499,1464,245,105,MANUAL (Remote),,0.0
2026-08-10T10:51:04.782,1786333864.782554,-0.024000000208616257,1.7,-17.1,284.3,1464,1499,1464,1464,1499,1464,245,105,MANUAL (Remote),,0.0
2026-08-10T10:51:05.282,1786333865.282488,-0.024000000208616257,1.7,-17.1,284.3,1464,1499,1464,1464,1499,1464,245,105,MANUAL (Remote),,0.0
2026-08-10T10:51:05.782,1786333865.782498,-0.024000000208616257,1.7,-17.1,284.3,1464,1499,1464,1464,1499,1464,245,105,MANUAL (Remote),,0.0
2026-08-10T10:51:06.282,1786333866.282474,-0.024000000208616257,1.7,-17.1,284.3,1464,1499,1464,1464,1499,1464,245,105,MANUAL (Remote),,0.0
2026-08-10T10:51:06.782,1786333866.782466,-0.024000000208616257,1.7,-17.1,284.3,1464,1499,1464,1464,1499,1464,245,105,MANUAL (Remote),,0.0
2026-08-10T10:51:07.282,1786333867.282447,-0.024000000208616257,1.7,-17.1,284.3,1464,1499,1464,1464,1499,1464,245,105,MANUAL (Remote),,0.0
2026-08-10T10:51:07.782,1786333867.782454,-0.024000000208616257,1.7,-17.1,284.3,1464,1499,1464,1464,1499,1464,245,105,MANUAL (Remote),,0.0
2026-08-10T10:51:08.282,1786333868.282429,-0.024000000208616257,1.7,-17.1,284.3,1464,1499,1464,1464,1499,1464,245,105,MANUAL (Remote),,0.0
2026-08-10T10:51:08.782,1786333868.782459,-0.024000000208616257,1.7,-17.1,284.3,1464,1499,1464,1464,1499,1464,245,105,MANUAL (Remote),,0.0
2026-08-10T10:51:09.282,1786333869.282451,-0.024000000208616257,1.7,-17.1,284.3,1464,1499,1464,1464,1499,1464,245,105,MANUAL (Remote),,0.0
2026-08-10T10:51:09.782,1786333869.782415,-0.024000000208616257,1.7,-17.1,284.3,1464,1499,1464,1464,1499,1464,245,105,MANUAL (Remote),,0.0
2026-08-10T10:51:10.282,1786333870.282401,-0.024000000208616257,1.7,-17.1,284.3,1464,1499,1464,1464,1499,1464,245,105,MANUAL (Remote),,0.0
2026-08-10T10:51:10.782,1786333870.782398,-0.024000000208616257,1.7,-17.1,284.3,1464,1499,1464,1464,1499,1464,245,105,MANUAL (Remote),,0.0
2026-08-10T10:51:11.282,1786333871.282498,-0.024000000208616257,1.7,-17.1,284.3,1464,1499,1464,1464,1499,1464,245,105,MANUAL (Remote),,0.0
2026-08-10T10:51:11.782,1786333871.782443,-0.024000000208616257,1.7,-17.1,284.3,1464,1499,1464,1464,1499,1464,245,105,MANUAL (Remote),,0.0
2026-08-10T10:51:12.282,1786333872.282457,-0.024000000208616257,1.7,-17.1,284.3,1464,1499,1464,1464,1499,1464,245,105,MANUAL (Remote),,0.0
2026-08-10T10:51:12.782,1786333872.782409,-0.024000000208616257,1.7,-17.1,284.3,1464,1499,1464,1464,1499,1464,245,105,MANUAL (Remote),,0.0
2026-08-10T10:51:13.282,1786333873.28239,-0.024000000208616257,1.7,-17.1,284.3,1464,1499,1464,1464,1499,1464,245,105,MANUAL (Remote),,0.0
2026-08-10T10:51:13.782,1786333873.782396,-0.024000000208616257,1.7,-17.1,284.3,1464,1499,1464,1464,1499,1464,245,105,MANUAL (Remote),,0.0
2026-08-10T10:51:14.282,1786333874.28242,-0.024000000208616257,1.7,-17.1,284.3,1464,1499,1464,1464,1499,1464,245,105,MANUAL (Remote),,0.0
2026-08-10T10:51:14.782,1786333874.782455,-0.024000000208616257,1.7,-17.1,284.3,1464,1499,1464,1464,1499,1464,245,105,MANUAL (Remote),,0.0
2026-08-10T10:51:15.282,1786333875.2824,-0.024000000208616257,1.7,-17.1,284.3,1464,1499,1464,1464,1499,1464,245,105,MANUAL (Remote),,0.0
2026-08-10T10:51:15.782,1786333875.782407,-0.024000000208616257,1.7,-17.1,284.3,1464,1499,1464,1464,1499,1464,245,105,MANUAL (Remote),,0.0
2026-08-10T10:51:16.282,1786333876.282428,-0.024000000208616257,1.7,-17.1,284.3,1464,1499,1464,1464,1499,1464,245,105,MANUAL (Remote),,0.0
2026-08-10T10:51:16.782,1786333876.782436,-0.024000000208616257,1.7,-17.1,284.3,1464,1499,1464,1464,1499,1464,245,105,MANUAL (Remote),,0.0
2026-08-10T10:51:17.282,1786333877.282508,-0.024000000208616257,1.7,-17.1,284.3,1464,1499,1464,1464,1499,1464,245,105,MANUAL (Remote),,0.0
2026-08-10T10:51:17.782,1786333877.782479,-0.024000000208616257,1.7,-17.1,284.3,1464,1499,1464,1464,1499,1464,245,105,MANUAL (Remote),,0.0
2026-08-10T10:51:18.282,1786333878.282496,-0.024000000208616257,1.7,-17.1,284.3,1464,1499,1464,1464,1499,1464,245,105,MANUAL (Remote),,0.0
2026-08-10T10:51:18.782,1786333878.782501,-0.024000000208616257,1.7,-17.1,284.3,1464,1499,1464,1464,1499,1464,245,105,MANUAL (Remote),,0.0
2026-08-10T10:51:19.282,1786333879.282597,-0.024000000208616257,1.7,-17.1,284.3,1464,1499,1464,1464,1499,1464,245,105,MANUAL (Remote),,0.0
2026-08-10T10:51:19.782,1786333879.782525,-0.024000000208616257,1.7,-17.1,284.3,1464,1499,1464,1464,1499,1464,245,105,MANUAL (Remote),,0.0
2026-08-10T10:51:20.282,1786333880.282559,-0.024000000208616257,1.7,-17.1,284.3,1464,1499,1464,1464,1499,1464,245,105,MANUAL (Remote),,0.0
2026-08-10T10:51:20.782,1786333880.782456,-0.024000000208616257,1.7,-17.1,284.3,1464,1499,1464,1464,1499,1464,245,105,MANUAL (Remote),,0.0
2026-08-10T10:51:21.282,1786333881.282514,-0.024000000208616257,1.7,-17.1,284.3,1464,1499,1464,1464,1499,1464,245,105,MANUAL (Remote),,0.0
2026-08-10T10:51:21.782,1786333881.782516,-0.024000000208616257,1.7,-17.1,284.3,1464,1499,1464,1464,1499,1464,245,105,MANUAL (Remote),,0.0
2026-08-10T10:51:22.282,1786333882.282629,-0.024000000208616257,1.7,-17.1,284.3,1464,1499,1464,1464,1499,1464,245,105,MANUAL (Remote),,0.0
2026-08-10T10:51:22.782,1786333882.782777,-0.024000000208616257,1.7,-17.1,284.3,1464,1499,1464,1464,1499,1464,245,105,MANUAL (Remote),,0.0
2026-08-10T10:51:23.282,1786333883.282514,-0.024000000208616257,1.7,-17.1,284.3,1464,1499,1464,1464,1499,1464,245,105,MANUAL (Remote),,0.0
2026-08-10T10:51:23.782,1786333883.782521,-0.024000000208616257,1.7,-17.1,284.3,1464,1499,1464,1464,1499,1464,245,105,MANUAL (Remote),,0.0
2026-08-10T10:51:24.282,1786333884.282509,-0.024000000208616257,1.7,-17.1,284.3,1464,1499,1464,1464,1499,1464,245,105,MANUAL (Remote),,0.0
2026-08-10T10:51:24.782,1786333884.782505,-0.024000000208616257,1.7,-17.1,284.3,1464,1499,1464,1464,1499,1464,245,105,MANUAL (Remote),,0.0
2026-08-10T10:51:25.282,1786333885.282488,-0.024000000208616257,1.7,-17.1,284.3,1464,1499,1464,1464,1499,1464,245,105,MANUAL (Remote),,0.0
2026-08-10T10:51:25.782,1786333885.782507,-0.024000000208616257,1.7,-17.1,284.3,1464,1499,1464,1464,1499,1464,245,105,MANUAL (Remote),,0.0
2026-08-10T10:51:26.282,1786333886.282494,-0.024000000208616257,1.7,-17.1,284.3,1464,1499,1464,1464,1499,1464,245,105,MANUAL (Remote),,0.0
2026-08-10T10:51:26.782,1786333886.78243,-0.024000000208616257,1.7,-17.1,284.3,1464,1499,1464,1464,1499,1464,245,105,MANUAL (Remote),,0.0
2026-08-10T10:51:27.283,1786333887.283088,-0.024000000208616257,1.7,-17.1,284.3,1464,1499,1464,1464,1499,1464,245,105,MANUAL (Remote),,0.0
2026-08-10T10:51:27.782,1786333887.782519,-0.024000000208616257,1.7,-17.1,284.3,1464,1499,1464,1464,1499,1464,245,105,MANUAL (Remote),,0.0
2026-08-10T10:51:28.282,1786333888.282511,-0.024000000208616257,1.7,-17.1,284.3,1464,1499,1464,1464,1499,1464,245,105,MANUAL (Remote),,0.0
2026-08-10T10:51:28.782,1786333888.782649,-0.024000000208616257,1.7,-17.1,284.3,1464,1499,1464,1464,1499,1464,245,105,MANUAL (Remote),,0.0
2026-08-10T10:51:29.282,1786333889.282509,-0.024000000208616257,1.7,-17.1,284.3,1464,1499,1464,1464,1499,1464,245,105,MANUAL (Remote),,0.0
2026-08-10T10:51:29.782,1786333889.78253,-0.024000000208616257,1.7,-17.1,284.3,1464,1499,1464,1464,1499,1464,245,105,MANUAL (Remote),,0.0
2026-08-10T10:51:30.282,1786333890.282488,-0.024000000208616257,1.7,-17.1,284.3,1464,1499,1464,1464,1499,1464,245,105,MANUAL (Remote),,0.0
2026-08-10T10:51:30.782,1786333890.782582,-0.024000000208616257,1.7,-17.1,284.3,1464,1499,1464,1464,1499,1464,245,105,MANUAL (Remote),,0.0
2026-08-10T10:51:31.282,1786333891.282514,-0.024000000208616257,1.7,-17.1,284.3,1464,1499,1464,1464,1499,1464,245,105,MANUAL (Remote),,0.0
2026-08-10T10:51:31.782,1786333891.782472,-0.024000000208616257,1.7,-17.1,284.3,1464,1499,1464,1464,1499,1464,245,105,MANUAL (Remote),,0.0
2026-08-10T10:51:32.282,1786333892.28246,-0.024000000208616257,1.7,-17.1,284.3,1464,1499,1464,1464,1499,1464,245,105,MANUAL (Remote),,0.0
2026-08-10T10:51:32.782,1786333892.782547,-0.024000000208616257,1.7,-17.1,284.3,1464,1499,1464,1464,1499,1464,245,105,MANUAL (Remote),,0.0
2026-08-10T10:51:33.282,1786333893.282475,-0.024000000208616257,1.7,-17.1,284.3,1464,1499,1464,1464,1499,1464,245,105,MANUAL (Remote),,0.0
2026-08-10T10:51:33.782,1786333893.782473,-0.024000000208616257,1.7,-17.1,284.3,1464,1499,1464,1464,1499,1464,245,105,MANUAL (Remote),,0.0
2026-08-10T10:51:34.282,1786333894.282501,-0.024000000208616257,1.7,-17.1,284.3,1464,1499,1464,1464,1499,1464,245,105,MANUAL (Remote),,0.0
2026-08-10T10:51:34.782,1786333894.782509,-0.024000000208616257,1.7,-17.1,284.3,1464,1499,1464,1464,1499,1464,245,105,MANUAL (Remote),,0.0
2026-08-10T10:51:35.282,1786333895.282467,-0.024000000208616257,1.7,-17.1,284.3,1464,1499,1464,1464,1499,1464,245,105,MANUAL (Remote),,0.0
2026-08-10T10:51:35.782,1786333895.782464,-0.024000000208616257,1.7,-17.1,284.3,1464,1499,1464,1464,1499,1464,245,105,MANUAL (Remote),,0.0
2026-08-10T10:51:36.282,1786333896.282504,-0.024000000208616257,1.7,-17.1,284.3,1464,1499,1464,1464,1499,1464,245,105,MANUAL (Remote),,0.0
2026-08-10T10:51:36.782,1786333896.782462,-0.024000000208616257,1.7,-17.1,284.3,1464,1499,1464,1464,1499,1464,245,105,MANUAL (Remote),,0.0
2026-08-10T10:51:37.282,1786333897.282391,-0.024000000208616257,1.7,-17.1,284.3,1464,1499,1464,1464,1499,1464,245,105,MANUAL (Remote),,0.0
2026-08-10T10:51:37.782,1786333897.782424,-0.024000000208616257,1.7,-17.1,284.3,1464,1499,1464,1464,1499,1464,245,105,MANUAL (Remote),,0.0
2026-08-10T10:51:38.282,1786333898.282427,-0.024000000208616257,1.7,-17.1,284.3,1464,1499,1464,1464,1499,1464,245,105,MANUAL (Remote),,0.0
2026-08-10T10:51:38.782,1786333898.782446,-0.024000000208616257,1.7,-17.1,284.3,1464,1499,1464,1464,1499,1464,245,105,MANUAL (Remote),,0.0
2026-08-10T10:51:39.282,1786333899.282456,-0.024000000208616257,1.7,-17.1,284.3,1464,1499,1464,1464,1499,1464,245,105,MANUAL (Remote),,0.0
2026-08-10T10:51:39.782,1786333899.782461,-0.024000000208616257,1.7,-17.1,284.3,1464,1499,1464,1464,1499,1464,245,105,MANUAL (Remote),,0.0
2026-08-10T10:51:40.282,1786333900.282772,-0.024000000208616257,1.7,-17.1,284.3,1464,1499,1464,1464,1499,1464,245,105,MANUAL (Remote),,0.0
2026-08-10T10:51:40.782,1786333900.782485,-0.024000000208616257,1.7,-17.1,284.3,1464,1499,1464,1464,1499,1464,245,105,MANUAL (Remote),,0.0
2026-08-10T10:51:41.282,1786333901.282455,-0.024000000208616257,1.7,-17.1,284.3,1464,1499,1464,1464,1499,1464,245,105,MANUAL (Remote),,0.0
2026-08-10T10:51:41.782,1786333901.782478,-0.024000000208616257,1.7,-17.1,284.3,1464,1499,1464,1464,1499,1464,245,105,MANUAL (Remote),,0.0
2026-08-10T10:51:42.282,1786333902.282476,-0.024000000208616257,1.7,-17.1,284.3,1464,1499,1464,1464,1499,1464,245,105,MANUAL (Remote),,0.0
2026-08-10T10:51:42.782,1786333902.782446,-0.024000000208616257,1.7,-17.1,284.3,1464,1499,1464,1464,1499,1464,245,105,MANUAL (Remote),,0.0
2026-08-10T10:51:43.282,1786333903.282507,-0.024000000208616257,1.7,-17.1,284.3,1464,1499,1464,1464,1499,1464,245,105,MANUAL (Remote),,0.0
2026-08-10T10:51:43.782,1786333903.782417,-0.024000000208616257,1.7,-17.1,284.3,1464,1499,1464,1464,1499,1464,245,105,MANUAL (Remote),,0.0
2026-08-10T10:51:44.282,1786333904.282492,-0.024000000208616257,1.7,-17.1,284.3,1464,1499,1464,1464,1499,1464,245,105,MANUAL (Remote),,0.0
2026-08-10T10:51:44.782,1786333904.782492,-0.024000000208616257,1.7,-17.1,284.3,1464,1499,1464,1464,1499,1464,245,105,MANUAL (Remote),,0.0
2026-08-10T10:51:45.282,1786333905.282476,-0.024000000208616257,1.7,-17.1,284.3,1464,1499,1464,1464,1499,1464,245,105,MANUAL (Remote),,0.0
2026-08-10T10:51:45.782,1786333905.782468,-0.024000000208616257,1.7,-17.1,284.3,1464,1499,1464,1464,1499,1464,245,105,MANUAL (Remote),,0.0
2026-08-10T10:51:46.282,1786333906.282458,-0.024000000208616257,1.7,-17.1,284.3,1464,1499,1464,1464,1499,1464,245,105,MANUAL (Remote),,0.0
2026-08-10T10:51:46.782,1786333906.78246,-0.024000000208616257,1.7,-17.1,284.3,1464,1499,1464,1464,1499,1464,245,105,MANUAL (Remote),,0.0
2026-08-10T10:51:47.282,1786333907.282467,-0.024000000208616257,1.7,-17.1,284.3,1464,1499,1464,1464,1499,1464,245,105,MANUAL (Remote),,0.0
2026-08-10T10:51:47.782,1786333907.782485,-0.024000000208616257,1.7,-17.1,284.3,1464,1499,1464,1464,1499,1464,245,105,MANUAL (Remote),,0.0
2026-08-10T10:51:48.282,1786333908.282485,-0.024000000208616257,1.7,-17.1,284.3,1464,1499,1464,1464,1499,1464,245,105,MANUAL (Remote),,0.0
2026-08-10T10:51:48.782,1786333908.782506,-0.024000000208616257,1.7,-17.1,284.3,1464,1499,1464,1464,1499,1464,245,105,MANUAL (Remote),,0.0
2026-08-10T10:51:49.282,1786333909.282509,-0.024000000208616257,1.7,-17.1,284.3,1464,1499,1464,1464,1499,1464,245,105,MANUAL (Remote),,0.0
2026-08-10T10:51:49.782,1786333909.782465,-0.024000000208616257,1.7,-17.1,284.3,1464,1499,1464,1464,1499,1464,245,105,MANUAL (Remote),,0.0
2026-08-10T10:51:50.282,1786333910.282459,-0.024000000208616257,1.7,-17.1,284.3,1464,1499,1464,1464,1499,1464,245,105,MANUAL (Remote),,0.0
2026-08-10T10:51:50.782,1786333910.782546,-0.024000000208616257,1.7,-17.1,284.3,1464,1499,1464,1464,1499,1464,245,105,MANUAL (Remote),,0.0
2026-08-10T10:51:51.282,1786333911.282566,-0.024000000208616257,1.7,-17.1,284.3,1464,1499,1464,1464,1499,1464,245,105,MANUAL (Remote),,0.0
2026-08-10T10:51:51.782,1786333911.782484,-0.024000000208616257,1.7,-17.1,284.3,1464,1499,1464,1464,1499,1464,245,105,MANUAL (Remote),,0.0
2026-08-10T10:51:52.282,1786333912.282466,-0.024000000208616257,1.7,-17.1,284.3,1464,1499,1464,1464,1499,1464,245,105,MANUAL (Remote),,0.0
2026-08-10T10:51:52.782,1786333912.78246,-0.024000000208616257,1.7,-17.1,284.3,1464,1499,1464,1464,1499,1464,245,105,MANUAL (Remote),,0.0
2026-08-10T10:51:53.282,1786333913.282412,-0.024000000208616257,1.7,-17.1,284.3,1464,1499,1464,1464,1499,1464,245,105,MANUAL (Remote),,0.0
2026-08-10T10:51:53.782,1786333913.782393,-0.024000000208616257,1.7,-17.1,284.3,1464,1499,1464,1464,1499,1464,245,105,MANUAL (Remote),,0.0
2026-08-10T10:51:54.282,1786333914.282438,-0.024000000208616257,1.7,-17.1,284.3,1464,1499,1464,1464,1499,1464,245,105,MANUAL (Remote),,0.0
2026-08-10T10:51:54.782,1786333914.782467,-0.024000000208616257,1.7,-17.1,284.3,1464,1499,1464,1464,1499,1464,245,105,MANUAL (Remote),,0.0
2026-08-10T10:51:55.282,1786333915.282488,-0.024000000208616257,1.7,-17.1,284.3,1464,1499,1464,1464,1499,1464,245,105,MANUAL (Remote),,0.0
2026-08-10T10:51:55.782,1786333915.782422,-0.024000000208616257,1.7,-17.1,284.3,1464,1499,1464,1464,1499,1464,245,105,MANUAL (Remote),,0.0
2026-08-10T10:51:56.282,1786333916.282454,-0.024000000208616257,1.7,-17.1,284.3,1464,1499,1464,1464,1499,1464,245,105,MANUAL (Remote),,0.0
2026-08-10T10:51:56.782,1786333916.782416,-0.024000000208616257,1.7,-17.1,284.3,1464,1499,1464,1464,1499,1464,245,105,MANUAL (Remote),,0.0
2026-08-10T10:51:57.282,1786333917.28246,-0.024000000208616257,1.7,-17.1,284.3,1464,1499,1464,1464,1499,1464,245,105,MANUAL (Remote),,0.0
2026-08-10T10:51:57.782,1786333917.782549,-0.024000000208616257,1.7,-17.1,284.3,1464,1499,1464,1464,1499,1464,245,105,MANUAL (Remote),,0.0
2026-08-10T10:51:58.282,1786333918.28252,-0.024000000208616257,1.7,-17.1,284.3,1464,1499,1464,1464,1499,1464,245,105,MANUAL (Remote),,0.0
2026-08-10T10:51:58.782,1786333918.782457,-0.024000000208616257,1.7,-17.1,284.3,1464,1499,1464,1464,1499,1464,245,105,MANUAL (Remote),,0.0
2026-08-10T10:51:59.282,1786333919.282528,-0.024000000208616257,1.7,-17.1,284.3,1464,1499,1464,1464,1499,1464,245,105,MANUAL (Remote),,0.0
2026-08-10T10:51:59.782,1786333919.782468,-0.024000000208616257,1.7,-17.1,284.3,1464,1499,1464,1464,1499,1464,245,105,MANUAL (Remote),,0.0
2026-08-10T10:52:00.282,1786333920.282497,-0.024000000208616257,1.7,-17.1,284.3,1464,1499,1464,1464,1499,1464,245,105,MANUAL (Remote),,0.0
2026-08-10T10:52:00.782,1786333920.78251,-0.024000000208616257,1.7,-17.1,284.3,1464,1499,1464,1464,1499,1464,245,105,MANUAL (Remote),,0.0
2026-08-10T10:52:01.282,1786333921.28254,-0.024000000208616257,1.7,-17.1,284.3,1464,1499,1464,1464,1499,1464,245,105,MANUAL (Remote),,0.0
2026-08-10T10:52:01.782,1786333921.782745,-0.024000000208616257,1.7,-17.1,284.3,1464,1499,1464,1464,1499,1464,245,105,MANUAL (Remote),,0.0
2026-08-10T10:52:02.282,1786333922.282485,-0.024000000208616257,1.7,-17.1,284.3,1464,1499,1464,1464,1499,1464,245,105,MANUAL (Remote),,0.0
2026-08-10T10:52:02.782,1786333922.782481,-0.024000000208616257,1.7,-17.1,284.3,1464,1499,1464,1464,1499,1464,245,105,MANUAL (Remote),,0.0
2026-08-10T10:52:03.282,1786333923.282601,-0.024000000208616257,1.7,-17.1,284.3,1464,1499,1464,1464,1499,1464,245,105,MANUAL (Remote),,0.0
2026-08-10T10:52:03.782,1786333923.782496,-0.024000000208616257,1.7,-17.1,284.3,1464,1499,1464,1464,1499,1464,245,105,MANUAL (Remote),,0.0
2026-08-10T10:52:04.282,1786333924.282684,-0.024000000208616257,1.7,-17.1,284.3,1464,1499,1464,1464,1499,1464,245,105,MANUAL (Remote),,0.0
2026-08-10T10:52:04.782,1786333924.782416,-0.024000000208616257,1.7,-17.1,284.3,1464,1499,1464,1464,1499,1464,245,105,MANUAL (Remote),,0.0
2026-08-10T10:52:05.282,1786333925.282423,-0.024000000208616257,1.7,-17.1,284.3,1464,1499,1464,1464,1499,1464,245,105,MANUAL (Remote),,0.0
2026-08-10T10:52:05.782,1786333925.782423,-0.024000000208616257,1.7,-17.1,284.3,1464,1499,1464,1464,1499,1464,245,105,MANUAL (Remote),,0.0
2026-08-10T10:52:06.282,1786333926.282508,-0.024000000208616257,1.7,-17.1,284.3,1464,1499,1464,1464,1499,1464,245,105,MANUAL (Remote),,0.0
2026-08-10T10:52:06.782,1786333926.782449,-0.024000000208616257,1.7,-17.1,284.3,1464,1499,1464,1464,1499,1464,245,105,MANUAL (Remote),,0.0
2026-08-10T10:52:07.282,1786333927.282431,-0.024000000208616257,1.7,-17.1,284.3,1464,1499,1464,1464,1499,1464,245,105,MANUAL (Remote),,0.0
2026-08-10T10:52:07.782,1786333927.7824,-0.024000000208616257,1.7,-17.1,284.3,1464,1499,1464,1464,1499,1464,245,105,MANUAL (Remote),,0.0
2026-08-10T10:52:08.282,1786333928.282858,-0.024000000208616257,1.7,-17.1,284.3,1464,1499,1464,1464,1499,1464,245,105,MANUAL (Remote),,0.0
2026-08-10T10:52:08.782,1786333928.782489,-0.024000000208616257,1.7,-17.1,284.3,1464,1499,1464,1464,1499,1464,245,105,MANUAL (Remote),,0.0
2026-08-10T10:52:09.282,1786333929.282543,-0.024000000208616257,1.7,-17.1,284.3,1464,1499,1464,1464,1499,1464,245,105,MANUAL (Remote),,0.0
2026-08-10T10:52:09.782,1786333929.782488,-0.024000000208616257,1.7,-17.1,284.3,1464,1499,1464,1464,1499,1464,245,105,MANUAL (Remote),,0.0
2026-08-10T10:52:10.282,1786333930.282485,-0.024000000208616257,1.7,-17.1,284.3,1464,1499,1464,1464,1499,1464,245,105,MANUAL (Remote),,0.0
2026-08-10T10:52:10.782,1786333930.782506,-0.024000000208616257,1.7,-17.1,284.3,1464,1499,1464,1464,1499,1464,245,105,MANUAL (Remote),,0.0
2026-08-10T10:52:11.282,1786333931.282543,-0.024000000208616257,1.7,-17.1,284.3,1464,1499,1464,1464,1499,1464,245,105,MANUAL (Remote),,0.0
2026-08-10T10:52:11.782,1786333931.782483,-0.024000000208616257,1.7,-17.1,284.3,1464,1499,1464,1464,1499,1464,245,105,MANUAL (Remote),,0.0
2026-08-10T10:52:12.282,1786333932.282501,-0.024000000208616257,1.7,-17.1,284.3,1464,1499,1464,1464,1499,1464,245,105,MANUAL (Remote),,0.0
2026-08-10T10:52:12.782,1786333932.782438,-0.024000000208616257,1.7,-17.1,284.3,1464,1499,1464,1464,1499,1464,245,105,MANUAL (Remote),,0.0
2026-08-10T10:52:13.282,1786333933.282454,-0.024000000208616257,1.7,-17.1,284.3,1464,1499,1464,1464,1499,1464,245,105,MANUAL (Remote),,0.0
2026-08-10T10:52:13.782,1786333933.782527,-0.024000000208616257,1.7,-17.1,284.3,1464,1499,1464,1464,1499,1464,245,105,MANUAL (Remote),,0.0
2026-08-10T10:52:14.282,1786333934.282462,-0.024000000208616257,1.7,-17.1,284.3,1464,1499,1464,1464,1499,1464,245,105,MANUAL (Remote),,0.0
2026-08-10T10:52:14.782,1786333934.782469,-0.024000000208616257,1.7,-17.1,284.3,1464,1499,1464,1464,1499,1464,245,105,MANUAL (Remote),,0.0
2026-08-10T10:52:15.282,1786333935.282591,-0.024000000208616257,1.7,-17.1,284.3,1464,1499,1464,1464,1499,1464,245,105,MANUAL (Remote),,0.0
2026-08-10T10:52:15.782,1786333935.782487,-0.024000000208616257,1.7,-17.1,284.3,1464,1499,1464,1464,1499,1464,245,105,MANUAL (Remote),,0.0
2026-08-10T10:52:16.282,1786333936.282427,-0.024000000208616257,1.7,-17.1,284.3,1464,1499,1464,1464,1499,1464,245,105,MANUAL (Remote),,0.0
2026-08-10T10:52:16.782,1786333936.782421,-0.024000000208616257,1.7,-17.1,284.3,1464,1499,1464,1464,1499,1464,245,105,MANUAL (Remote),,0.0
2026-08-10T10:52:17.282,1786333937.282406,-0.024000000208616257,1.7,-17.1,284.3,1464,1499,1464,1464,1499,1464,245,105,MANUAL (Remote),,0.0
2026-08-10T10:52:17.782,1786333937.78252,-0.024000000208616257,1.7,-17.1,284.3,1464,1499,1464,1464,1499,1464,245,105,MANUAL (Remote),,0.0
2026-08-10T10:52:18.282,1786333938.282471,-0.024000000208616257,1.7,-17.1,284.3,1464,1499,1464,1464,1499,1464,245,105,MANUAL (Remote),,0.0
2026-08-10T10:52:18.782,1786333938.78249,-0.024000000208616257,1.7,-17.1,284.3,1464,1499,1464,1464,1499,1464,245,105,MANUAL (Remote),,0.0
2026-08-10T10:52:19.282,1786333939.282414,-0.024000000208616257,1.7,-17.1,284.3,1464,1499,1464,1464,1499,1464,245,105,MANUAL (Remote),,0.0
2026-08-10T10:52:19.782,1786333939.782454,-0.024000000208616257,1.7,-17.1,284.3,1464,1499,1464,1464,1499,1464,245,105,MANUAL (Remote),,0.0
2026-08-10T10:52:20.282,1786333940.2824,-0.024000000208616257,1.7,-17.1,284.3,1464,1499,1464,1464,1499,1464,245,105,MANUAL (Remote),,0.0
2026-08-10T10:52:20.782,1786333940.782418,-0.024000000208616257,1.7,-17.1,284.3,1464,1499,1464,1464,1499,1464,245,105,MANUAL (Remote),,0.0
2026-08-10T10:52:21.282,1786333941.282509,-0.024000000208616257,1.7,-17.1,284.3,1464,1499,1464,1464,1499,1464,245,105,MANUAL (Remote),,0.0
2026-08-10T10:52:21.782,1786333941.782408,-0.024000000208616257,1.7,-17.1,284.3,1464,1499,1464,1464,1499,1464,245,105,MANUAL (Remote),,0.0
2026-08-10T10:52:22.282,1786333942.282494,-0.024000000208616257,1.7,-17.1,284.3,1464,1499,1464,1464,1499,1464,245,105,MANUAL (Remote),,0.0
2026-08-10T10:52:22.782,1786333942.782463,-0.024000000208616257,1.7,-17.1,284.3,1464,1499,1464,1464,1499,1464,245,105,MANUAL (Remote),,0.0
2026-08-10T10:52:23.282,1786333943.282462,-0.024000000208616257,1.7,-17.1,284.3,1464,1499,1464,1464,1499,1464,245,105,MANUAL (Remote),,0.0
2026-08-10T10:52:23.782,1786333943.78243,-0.024000000208616257,1.7,-17.1,284.3,1464,1499,1464,1464,1499,1464,245,105,MANUAL (Remote),,0.0
2026-08-10T10:52:24.282,1786333944.28252,-0.024000000208616257,1.7,-17.1,284.3,1464,1499,1464,1464,1499,1464,245,105,MANUAL (Remote),,0.0
2026-08-10T10:52:24.782,1786333944.782461,-0.03700000047683716,3.9,-17.5,136.8,1464,1499,1464,1464,1499,1464,245,105,MANUAL (Remote),,0.0
2026-08-10T10:52:25.282,1786333945.282433,-0.03200000151991844,-4.0,-9.4,146.1,1464,1499,1464,1464,1499,1464,245,105,MANUAL (Remote),,0.0
2026-08-10T10:52:25.782,1786333945.782495,-0.04399999976158142,-13.0,-0.0,156.4,1464,1499,1464,1464,1501,1464,245,105,MANUAL (Remote),,0.0
2026-08-10T10:52:26.282,1786333946.282492,-0.03700000047683716,-23.0,3.2,171.7,1464,1104,1464,1464,1900,1464,245,105,MANUAL (Remote),,2.0
2026-08-10T10:52:26.782,1786333946.782526,-0.041999999433755875,-28.3,-9.2,206.5,1464,1499,1464,1464,1499,1464,245,105,MANUAL (Remote),,0.0
2026-08-10T10:52:27.282,1786333947.282414,-0.03700000047683716,-30.5,-11.2,233.4,1464,1499,1464,1464,1499,1464,245,105,MANUAL (Remote),,0.0
2026-08-10T10:52:27.782,1786333947.782462,-0.035999998450279236,-25.8,-13.0,252.3,1464,1499,1464,1464,1499,1464,245,105,MANUAL (Remote),,0.0
2026-08-10T10:52:28.282,1786333948.282518,-0.03700000047683716,-20.4,-16.7,268.1,1464,1499,1464,1464,1499,1464,245,105,MANUAL (Remote),,0.0
2026-08-10T10:52:28.782,1786333948.782475,-0.03400000184774399,-15.3,-18.9,280.1,1464,1499,1464,1464,1499,1464,245,105,MANUAL (Remote),,0.0
2026-08-10T10:52:29.282,1786333949.28245,-0.04100000113248825,-9.8,-19.4,287.5,1464,1499,1464,1464,1499,1464,245,105,MANUAL (Remote),,0.0
2026-08-10T10:52:29.782,1786333949.782411,-0.03700000047683716,-5.5,-19.4,294.1,1464,1499,1464,1464,1499,1464,245,105,MANUAL (Remote),,0.0
2026-08-10T10:52:30.282,1786333950.282432,-0.03400000184774399,-3.2,-18.6,298.8,1464,1499,1464,1464,1499,1464,245,105,MANUAL (Remote),,0.0
2026-08-10T10:52:30.782,1786333950.782442,-0.039000000804662704,-0.4,-17.7,301.1,1464,1499,1464,1464,1499,1464,245,105,MANUAL (Remote),,0.0
2026-08-10T10:52:31.282,1786333951.282438,-0.039000000804662704,0.7,-17.7,303.2,1464,1499,1464,1464,1499,1464,245,105,MANUAL (Remote),,0.0
2026-08-10T10:52:31.782,1786333951.782409,-0.035999998450279236,1.2,-17.7,304.4,1464,1499,1464,1464,1499,1464,245,105,MANUAL (Remote),,0.0
2026-08-10T10:52:32.282,1786333952.282422,-0.03200000151991844,2.4,-18.3,304.9,1464,1499,1464,1464,1499,1464,245,105,MANUAL (Remote),,0.0
2026-08-10T10:52:32.782,1786333952.782441,-0.032999999821186066,3.1,-18.7,305.6,1464,1499,1464,1464,1499,1464,245,105,MANUAL (Remote),,0.0
2026-08-10T10:52:33.282,1786333953.282428,-0.035999998450279236,2.4,-17.9,306.2,1464,1499,1464,1464,1499,1464,245,105,MANUAL (Remote),,0.0
2026-08-10T10:52:33.782,1786333953.782473,-0.03799999877810478,3.4,-17.1,306.2,1464,1499,1464,1464,1499,1464,245,105,MANUAL (Remote),,0.0
2026-08-10T10:52:34.282,1786333954.282404,-0.039000000804662704,3.5,-17.5,306.2,1464,1106,1464,1464,1900,1464,245,105,MANUAL (Remote),,3.0
2026-08-10T10:52:34.782,1786333954.782425,-0.032999999821186066,5.3,-20.4,315.4,1464,1499,1464,1464,1499,1464,245,105,MANUAL (Remote),,0.0
2026-08-10T10:52:35.282,1786333955.282526,-0.03500000014901161,5.6,-20.1,317.4,1464,1499,1464,1464,1499,1464,245,105,MANUAL (Remote),,0.0
2026-08-10T10:52:35.782,1786333955.782501,-0.03500000014901161,5.6,-20.1,317.4,1464,1499,1464,1464,1499,1464,245,105,MANUAL (Remote),,0.0
2026-08-10T10:52:36.282,1786333956.282515,-0.03500000014901161,5.6,-20.1,317.4,1464,1499,1464,1464,1499,1464,245,105,MANUAL (Remote),,0.0
2026-08-10T10:52:36.782,1786333956.782463,-0.03500000014901161,5.6,-20.1,317.4,1464,1499,1464,1464,1499,1464,245,105,MANUAL (Remote),,0.0
2026-08-10T10:52:37.282,1786333957.282423,-0.03500000014901161,5.6,-20.1,317.4,1464,1499,1464,1464,1499,1464,245,105,MANUAL (Remote),,0.0
2026-08-10T10:52:37.782,1786333957.782396,-0.03500000014901161,5.6,-20.1,317.4,1464,1499,1464,1464,1499,1464,245,105,MANUAL (Remote),,0.0
2026-08-10T10:52:38.282,1786333958.28242,-0.03500000014901161,5.6,-20.1,317.4,1464,1499,1464,1464,1499,1464,245,105,MANUAL (Remote),,0.0
2026-08-10T10:52:38.782,1786333958.782425,-0.03500000014901161,5.6,-20.1,317.4,1464,1499,1464,1464,1499,1464,245,105,MANUAL (Remote),,0.0
2026-08-10T10:52:39.282,1786333959.282432,-0.03500000014901161,5.6,-20.1,317.4,1464,1499,1464,1464,1499,1464,245,105,MANUAL (Remote),,0.0
2026-08-10T10:52:39.782,1786333959.782467,-0.03500000014901161,5.6,-20.1,317.4,1464,1499,1464,1464,1499,1464,245,105,MANUAL (Remote),,0.0
2026-08-10T10:52:40.282,1786333960.282473,-0.03500000014901161,5.6,-20.1,317.4,1464,1499,1464,1464,1499,1464,245,105,MANUAL (Remote),,0.0
2026-08-10T10:52:40.782,1786333960.782463,-0.03500000014901161,5.6,-20.1,317.4,1464,1499,1464,1464,1499,1464,245,105,MANUAL (Remote),,0.0
2026-08-10T10:52:41.282,1786333961.282395,-0.03500000014901161,5.6,-20.1,317.4,1464,1499,1464,1464,1499,1464,245,105,MANUAL (Remote),,0.0
2026-08-10T10:52:41.782,1786333961.782488,-0.03500000014901161,5.6,-20.1,317.4,1464,1499,1464,1464,1499,1464,245,105,MANUAL (Remote),,0.0
2026-08-10T10:52:42.282,1786333962.282425,-0.03500000014901161,5.6,-20.1,317.4,1464,1499,1464,1464,1499,1464,245,105,MANUAL (Remote),,0.0
2026-08-10T10:52:42.782,1786333962.782415,-0.03500000014901161,5.6,-20.1,317.4,1464,1499,1464,1464,1499,1464,245,105,MANUAL (Remote),,0.0
2026-08-10T10:52:43.282,1786333963.282405,-0.03500000014901161,5.6,-20.1,317.4,1464,1499,1464,1464,1499,1464,245,105,MANUAL (Remote),,0.0
2026-08-10T10:52:43.782,1786333963.782396,-0.03500000014901161,5.6,-20.1,317.4,1464,1499,1464,1464,1499,1464,245,105,MANUAL (Remote),,0.0
2026-08-10T10:52:44.282,1786333964.282455,-0.03500000014901161,5.6,-20.1,317.4,1464,1499,1464,1464,1499,1464,245,105,MANUAL (Remote),,0.0
2026-08-10T10:52:44.782,1786333964.782447,-0.03500000014901161,5.6,-20.1,317.4,1464,1499,1464,1464,1499,1464,245,105,MANUAL (Remote),,0.0
2026-08-10T10:52:45.282,1786333965.282471,-0.03500000014901161,5.6,-20.1,317.4,1464,1499,1464,1464,1499,1464,245,105,MANUAL (Remote),,0.0
2026-08-10T10:52:45.782,1786333965.782439,-0.03500000014901161,5.6,-20.1,317.4,1464,1499,1464,1464,1499,1464,245,105,MANUAL (Remote),,0.0
2026-08-10T10:52:46.282,1786333966.282418,-0.03500000014901161,5.6,-20.1,317.4,1464,1499,1464,1464,1499,1464,245,105,MANUAL (Remote),,0.0
2026-08-10T10:52:46.782,1786333966.782447,-0.03500000014901161,5.6,-20.1,317.4,1464,1499,1464,1464,1499,1464,245,105,MANUAL (Remote),,0.0
2026-08-10T10:52:47.282,1786333967.282504,-0.03500000014901161,5.6,-20.1,317.4,1464,1499,1464,1464,1499,1464,245,105,MANUAL (Remote),,0.0
2026-08-10T10:52:47.782,1786333967.782421,-0.03500000014901161,5.6,-20.1,317.4,1464,1499,1464,1464,1499,1464,245,105,MANUAL (Remote),,0.0
2026-08-10T10:52:48.282,1786333968.282415,-0.03500000014901161,5.6,-20.1,317.4,1464,1499,1464,1464,1499,1464,245,105,MANUAL (Remote),,0.0
2026-08-10T10:52:48.782,1786333968.782441,-0.03500000014901161,5.6,-20.1,317.4,1464,1499,1464,1464,1499,1464,245,105,MANUAL (Remote),,0.0
2026-08-10T10:52:49.282,1786333969.282422,-0.03500000014901161,5.6,-20.1,317.4,1464,1499,1464,1464,1499,1464,245,105,MANUAL (Remote),,0.0
2026-08-10T10:52:49.782,1786333969.782441,-0.03500000014901161,5.6,-20.1,317.4,1464,1499,1464,1464,1499,1464,245,105,MANUAL (Remote),,0.0
2026-08-10T10:52:50.282,1786333970.28245,-0.03500000014901161,5.6,-20.1,317.4,1464,1499,1464,1464,1499,1464,245,105,MANUAL (Remote),,0.0
2026-08-10T10:52:50.782,1786333970.782466,-0.03500000014901161,5.6,-20.1,317.4,1464,1499,1464,1464,1499,1464,245,105,MANUAL (Remote),,0.0
2026-08-10T10:52:51.282,1786333971.282416,-0.03500000014901161,5.6,-20.1,317.4,1464,1499,1464,1464,1499,1464,245,105,MANUAL (Remote),,0.0
2026-08-10T10:52:51.782,1786333971.782433,-0.03500000014901161,5.6,-20.1,317.4,1464,1499,1464,1464,1499,1464,245,105,MANUAL (Remote),,0.0
2026-08-10T10:52:52.282,1786333972.282398,-0.03500000014901161,5.6,-20.1,317.4,1464,1499,1464,1464,1499,1464,245,105,MANUAL (Remote),,0.0
2026-08-10T10:52:52.782,1786333972.782463,-0.03500000014901161,5.6,-20.1,317.4,1464,1499,1464,1464,1499,1464,245,105,MANUAL (Remote),,0.0
2026-08-10T10:52:53.282,1786333973.282512,-0.03500000014901161,5.6,-20.1,317.4,1464,1499,1464,1464,1499,1464,245,105,MANUAL (Remote),,0.0
2026-08-10T10:52:53.782,1786333973.782506,-0.03500000014901161,5.6,-20.1,317.4,1464,1499,1464,1464,1499,1464,245,105,MANUAL (Remote),,0.0
2026-08-10T10:52:54.282,1786333974.282458,-0.03500000014901161,5.6,-20.1,317.4,1464,1499,1464,1464,1499,1464,245,105,MANUAL (Remote),,0.0
2026-08-10T10:52:54.782,1786333974.782536,-0.03500000014901161,5.6,-20.1,317.4,1464,1499,1464,1464,1499,1464,245,105,MANUAL (Remote),,0.0
2026-08-10T10:52:55.282,1786333975.282507,-0.03500000014901161,5.6,-20.1,317.4,1464,1499,1464,1464,1499,1464,245,105,MANUAL (Remote),,0.0
2026-08-10T10:52:55.782,1786333975.782468,-0.03500000014901161,5.6,-20.1,317.4,1464,1499,1464,1464,1499,1464,245,105,MANUAL (Remote),,0.0
2026-08-10T10:52:56.282,1786333976.282553,-0.03500000014901161,5.6,-20.1,317.4,1464,1499,1464,1464,1499,1464,245,105,MANUAL (Remote),,0.0
2026-08-10T10:52:56.782,1786333976.782489,-0.03500000014901161,5.6,-20.1,317.4,1464,1499,1464,1464,1499,1464,245,105,MANUAL (Remote),,0.0
2026-08-10T10:52:57.282,1786333977.282482,-0.03500000014901161,5.6,-20.1,317.4,1464,1499,1464,1464,1499,1464,245,105,MANUAL (Remote),,0.0
2026-08-10T10:52:57.782,1786333977.782469,-0.03500000014901161,5.6,-20.1,317.4,1464,1499,1464,1464,1499,1464,245,105,MANUAL (Remote),,0.0
2026-08-10T10:52:58.282,1786333978.282467,-0.03500000014901161,5.6,-20.1,317.4,1464,1499,1464,1464,1499,1464,245,105,MANUAL (Remote),,0.0
2026-08-10T10:52:58.782,1786333978.782408,-0.03500000014901161,5.6,-20.1,317.4,1464,1499,1464,1464,1499,1464,245,105,MANUAL (Remote),,0.0
2026-08-10T10:52:59.282,1786333979.282406,-0.03500000014901161,5.6,-20.1,317.4,1464,1499,1464,1464,1499,1464,245,105,MANUAL (Remote),,0.0
2026-08-10T10:52:59.782,1786333979.782399,-0.03500000014901161,5.6,-20.1,317.4,1464,1499,1464,1464,1499,1464,245,105,MANUAL (Remote),,0.0
2026-08-10T10:53:00.282,1786333980.282375,-0.03500000014901161,5.6,-20.1,317.4,1464,1499,1464,1464,1499,1464,245,105,MANUAL (Remote),,0.0
2026-08-10T10:53:00.782,1786333980.782411,-0.03500000014901161,5.6,-20.1,317.4,1464,1499,1464,1464,1499,1464,245,105,MANUAL (Remote),,0.0
2026-08-10T10:53:01.282,1786333981.282445,-0.03500000014901161,5.6,-20.1,317.4,1464,1499,1464,1464,1499,1464,245,105,MANUAL (Remote),,0.0
2026-08-10T10:53:01.782,1786333981.782526,-0.03500000014901161,5.6,-20.1,317.4,1464,1499,1464,1464,1499,1464,245,105,MANUAL (Remote),,0.0
2026-08-10T10:53:02.282,1786333982.282503,-0.03500000014901161,5.6,-20.1,317.4,1464,1499,1464,1464,1499,1464,245,105,MANUAL (Remote),,0.0
2026-08-10T10:53:02.782,1786333982.782474,-0.03500000014901161,5.6,-20.1,317.4,1464,1499,1464,1464,1499,1464,245,105,MANUAL (Remote),,0.0
2026-08-10T10:53:03.282,1786333983.282546,-0.03500000014901161,5.6,-20.1,317.4,1464,1499,1464,1464,1499,1464,245,105,MANUAL (Remote),,0.0
2026-08-10T10:53:03.782,1786333983.7825,-0.03500000014901161,5.6,-20.1,317.4,1464,1499,1464,1464,1499,1464,245,105,MANUAL (Remote),,0.0
2026-08-10T10:53:04.282,1786333984.282506,-0.04699999839067459,3.8,-17.3,136.8,1500,1500,1500,1500,1500,1500,90,90,MANUAL (Remote),,0.0
2026-08-10T10:53:04.782,1786333984.782508,-0.039000000804662704,-0.4,-11.7,140.1,1464,1499,1464,1464,1499,1464,245,105,MANUAL (Remote),,0.0
2026-08-10T10:53:05.282,1786333985.282668,-0.041999999433755875,-10.7,-2.7,144.7,1464,1499,1464,1464,1499,1464,245,105,MANUAL (Remote),,0.0
2026-08-10T10:53:05.782,1786333985.782412,-0.03999999910593033,-20.8,5.9,148.5,1464,1499,1464,1464,1499,1464,245,105,MANUAL (Remote),,0.0
2026-08-10T10:53:06.282,1786333986.282496,-0.041999999433755875,-27.4,14.0,151.3,1464,1499,1464,1464,1499,1464,245,105,MANUAL (Remote),,0.0
2026-08-10T10:53:06.782,1786333986.782634,-0.039000000804662704,-30.5,16.7,154.0,1464,1499,1464,1464,1499,1464,245,105,MANUAL (Remote),,0.0
2026-08-10T10:53:07.282,1786333987.282516,-0.03999999910593033,-33.0,18.7,158.0,1464,1499,1464,1464,1499,1464,245,105,MANUAL (Remote),,0.0
2026-08-10T10:53:07.782,1786333987.78244,-0.03999999910593033,-33.4,19.2,162.7,1464,1499,1464,1464,1499,1464,245,105,MANUAL (Remote),,0.0
2026-08-10T10:53:08.282,1786333988.282402,-0.0430000014603138,-33.9,17.6,168.8,1464,1116,1464,1464,1900,1464,245,105,MANUAL (Remote),,8.0
2026-08-10T10:53:08.782,1786333988.78257,-0.04600000008940697,-37.4,6.5,187.9,1464,1499,1464,1464,1499,1464,245,105,MANUAL (Remote),,0.0
2026-08-10T10:53:09.282,1786333989.282403,-0.04600000008940697,-41.7,2.2,205.1,1464,1900,1464,1464,1900,1464,245,105,MANUAL (Remote),,400.0
2026-08-10T10:53:09.782,1786333989.782444,-0.03400000184774399,-43.1,2.2,211.8,1464,1697,1464,1464,1683,1464,245,105,MANUAL (Remote),,190.0
2026-08-10T10:53:10.282,1786333990.282437,-0.04800000041723251,-31.1,-1.0,222.9,1464,1499,1464,1464,1499,1464,245,105,MANUAL (Remote),,0.0
2026-08-10T10:53:10.782,1786333990.782474,-0.04500000178813934,-28.0,-2.8,233.3,1464,1499,1464,1464,1499,1464,245,105,MANUAL (Remote),,0.0
2026-08-10T10:53:11.282,1786333991.282471,-0.03999999910593033,-28.0,-7.7,248.4,1464,1499,1464,1464,1499,1464,245,105,MANUAL (Remote),,0.0
2026-08-10T10:53:11.782,1786333991.782449,-0.039000000804662704,-22.3,-10.8,261.4,1464,1523,1464,1464,1473,1464,245,105,MANUAL (Remote),,-2.0
2026-08-10T10:53:12.282,1786333992.282417,-0.04399999976158142,-17.0,-9.9,265.1,1464,1890,1464,1464,1100,1464,245,105,MANUAL (Remote),,-5.0
2026-08-10T10:53:12.782,1786333992.782437,-0.050999999046325684,-10.8,-1.8,246.4,1464,1883,1464,1464,1100,1464,245,105,MANUAL (Remote),,-8.5
2026-08-10T10:53:13.282,1786333993.282475,-0.05700000002980232,-11.5,4.0,233.4,1464,1885,1464,1464,1100,1464,245,105,MANUAL (Remote),,-7.5
2026-08-10T10:53:13.782,1786333993.782416,-0.05299999937415123,-14.2,10.0,223.7,1464,1499,1464,1464,1499,1464,245,105,MANUAL (Remote),,0.0
2026-08-10T10:53:14.282,1786333994.282442,-0.039000000804662704,-18.7,-1.8,232.4,1464,1499,1464,1464,1499,1464,245,105,MANUAL (Remote),,0.0
2026-08-10T10:53:14.782,1786333994.782447,-0.03999999910593033,-16.4,-10.8,245.3,1464,1499,1464,1464,1499,1464,245,105,MANUAL (Remote),,0.0
2026-08-10T10:53:15.282,1786333995.282488,-0.035999998450279236,-12.7,-13.0,258.7,1464,1499,1464,1464,1499,1464,245,105,MANUAL (Remote),,0.0
2026-08-10T10:53:15.782,1786333995.782476,-0.04600000008940697,-10.5,-11.9,268.9,1464,1499,1464,1464,1499,1464,245,105,MANUAL (Remote),,0.0
2026-08-10T10:53:16.282,1786333996.282457,-0.04100000113248825,-6.4,-14.1,276.2,1464,1499,1464,1464,1499,1464,245,105,MANUAL (Remote),,0.0
2026-08-10T10:53:16.782,1786333996.782489,-0.035999998450279236,-3.2,-18.0,281.4,1464,1499,1464,1464,1499,1464,245,105,MANUAL (Remote),,0.0
2026-08-10T10:53:17.282,1786333997.282452,-0.0430000014603138,-1.3,-18.7,285.3,1464,1499,1464,1464,1499,1464,245,105,MANUAL (Remote),,0.0
2026-08-10T10:53:17.782,1786333997.782441,-0.04100000113248825,0.6,-17.4,287.7,1464,1499,1464,1464,1499,1464,245,105,MANUAL (Remote),,0.0
2026-08-10T10:53:18.282,1786333998.282481,-0.041999999433755875,2.3,-17.3,290.5,1464,1499,1464,1464,1499,1464,245,105,MANUAL (Remote),,0.0
2026-08-10T10:53:18.782,1786333998.782465,-0.039000000804662704,2.8,-18.2,292.0,1464,1499,1464,1464,1499,1464,245,105,MANUAL (Remote),,0.0
2026-08-10T10:53:19.282,1786333999.28252,-0.04600000008940697,3.7,-18.1,293.0,1464,1499,1464,1464,1499,1464,245,105,MANUAL (Remote),,0.0
2026-08-10T10:53:19.782,1786333999.782463,-0.04100000113248825,4.0,-16.8,294.0,1464,1499,1464,1464,1499,1464,245,105,MANUAL (Remote),,0.0
2026-08-10T10:53:20.282,1786334000.282481,-0.04100000113248825,4.3,-16.4,294.1,1464,1499,1464,1464,1499,1464,245,105,MANUAL (Remote),,0.0
2026-08-10T10:53:20.782,1786334000.782505,-0.03999999910593033,4.7,-16.9,295.5,1464,1499,1464,1464,1499,1464,245,105,MANUAL (Remote),,0.0
2026-08-10T10:53:21.282,1786334001.282456,-0.03999999910593033,4.4,-17.0,296.1,1464,1900,1464,1464,1900,1464,245,105,MANUAL (Remote),,400.0
2026-08-10T10:53:21.782,1786334001.782399,-0.03500000014901161,-1.3,-17.6,294.9,1464,1752,1464,1464,1752,1464,245,105,MANUAL (Remote),,252.0
2026-08-10T10:53:22.282,1786334002.282452,-0.0430000014603138,3.5,-17.4,292.3,1464,1744,1464,1464,1744,1464,245,105,MANUAL (Remote),,244.0
2026-08-10T10:53:22.782,1786334002.782486,-0.04699999839067459,3.1,-17.1,291.2,1464,1900,1464,1464,1900,1464,245,105,MANUAL (Remote),,400.0
2026-08-10T10:53:23.282,1786334003.282481,-0.03200000151991844,-1.4,-17.8,289.5,1464,1900,1464,1464,1900,1464,245,105,MANUAL (Remote),,400.0
2026-08-10T10:53:23.782,1786334003.782435,-0.04800000041723251,5.7,-19.3,288.5,1464,1499,1464,1464,1499,1464,245,105,MANUAL (Remote),,0.0
2026-08-10T10:53:24.282,1786334004.282505,-0.04899999871850014,8.0,-17.0,289.4,1464,1499,1464,1464,1499,1464,245,105,MANUAL (Remote),,0.0
2026-08-10T10:53:24.782,1786334004.782497,-0.04600000008940697,3.3,-15.5,290.4,1464,1499,1464,1464,1499,1464,245,105,MANUAL (Remote),,0.0
2026-08-10T10:53:25.282,1786334005.282473,-0.04100000113248825,3.5,-16.1,289.7,1464,1499,1464,1464,1499,1464,245,105,MANUAL (Remote),,0.0
2026-08-10T10:53:25.782,1786334005.78239,-0.0430000014603138,4.9,-16.8,288.8,1464,1899,1464,1464,1100,1464,245,105,MANUAL (Remote),,-0.5
2026-08-10T10:53:26.282,1786334006.282404,-0.06300000101327896,2.8,-14.2,269.3,1464,1899,1464,1464,1100,1464,245,105,MANUAL (Remote),,-0.5
2026-08-10T10:53:26.782,1786334006.782443,-0.05400000140070915,-4.6,-8.8,252.3,1464,1899,1464,1464,1100,1464,245,105,MANUAL (Remote),,-0.5
2026-08-10T10:53:27.282,1786334007.282474,-0.06199999898672104,-15.0,-3.0,235.7,1464,1783,1464,1464,1215,1464,245,105,MANUAL (Remote),,-1.0
2026-08-10T10:53:27.782,1786334007.782464,-0.04500000178813934,-26.5,-6.3,233.2,1464,1499,1464,1464,1499,1464,245,105,MANUAL (Remote),,0.0
2026-08-10T10:53:28.282,1786334008.282465,-0.039000000804662704,-29.2,-17.8,244.0,1464,1499,1464,1464,1499,1464,245,130,MANUAL (Remote),,0.0
2026-08-10T10:53:28.782,1786334008.782427,-0.04500000178813934,-27.7,-24.1,258.2,1464,1499,1464,1464,1499,1464,245,180,MANUAL (Remote),,0.0
2026-08-10T10:53:29.282,1786334009.282403,-0.04399999976158142,-25.6,-22.5,272.1,1464,1900,1464,1464,1100,1464,245,190,MANUAL (Remote),,0.0
2026-08-10T10:53:29.782,1786334009.782383,-0.04699999839067459,-22.7,-17.6,275.7,1464,1898,1464,1464,1900,1464,245,190,MANUAL (Remote),,399.0
2026-08-10T10:53:30.282,1786334010.282423,-0.039000000804662704,-23.7,-24.2,284.1,1464,1898,1464,1464,1900,1464,245,190,MANUAL (Remote),,399.0
2026-08-10T10:53:30.782,1786334010.782459,-0.03099999949336052,-25.6,-26.8,291.9,1464,1898,1464,1464,1900,1464,245,190,MANUAL (Remote),,399.0
2026-08-10T10:53:31.282,1786334011.282471,-0.04600000008940697,-16.0,-25.9,296.1,1464,1898,1464,1464,1900,1464,245,190,MANUAL (Remote),,399.0
2026-08-10T10:53:31.782,1786334011.782449,-0.0430000014603138,-7.0,-24.4,303.1,1464,1499,1464,1464,1499,1464,245,190,MANUAL (Remote),,0.0
2026-08-10T10:53:32.282,1786334012.282482,-0.05400000140070915,-2.9,-22.3,311.6,1464,1499,1464,1464,1499,1464,245,190,MANUAL (Remote),,0.0
2026-08-10T10:53:32.782,1786334012.782473,-0.04399999976158142,-3.2,-20.9,317.8,1464,1499,1464,1464,1499,1464,245,190,MANUAL (Remote),,0.0
2026-08-10T10:53:33.282,1786334013.282487,-0.039000000804662704,0.6,-21.3,322.4,1464,1499,1464,1464,1499,1464,245,190,MANUAL (Remote),,0.0
2026-08-10T10:53:33.782,1786334013.782485,-0.04699999839067459,1.5,-21.8,325.4,1446,1499,1446,1446,1499,1446,245,190,MANUAL (Remote),,0.0
2026-08-10T10:53:34.282,1786334014.282505,-0.026000000536441803,1.6,-20.7,327.5,1413,1499,1413,1413,1499,1413,245,190,MANUAL (Remote),,0.0
2026-08-10T10:53:34.782,1786334014.782464,0.0010000000474974513,3.0,-20.7,327.9,1393,1499,1393,1393,1499,1393,245,190,MANUAL (Remote),,0.0
2026-08-10T10:53:35.282,1786334015.282485,0.04899999871850014,5.2,-23.7,326.9,1393,1499,1393,1393,1499,1393,245,190,MANUAL (Remote),,0.0
2026-08-10T10:53:35.782,1786334015.782403,0.11100000143051147,5.4,-26.2,326.6,1393,1499,1393,1393,1499,1393,245,190,MANUAL (Remote),,0.0
2026-08-10T10:53:36.282,1786334016.282416,0.17100000381469727,3.9,-24.6,327.8,1393,1499,1393,1393,1499,1393,245,190,MANUAL (Remote),,0.0
2026-08-10T10:53:36.782,1786334016.782467,0.24799999594688416,3.1,-22.1,327.9,1393,1499,1393,1393,1499,1393,245,190,MANUAL (Remote),,0.0
2026-08-10T10:53:37.282,1786334017.28243,0.3140000104904175,3.3,-22.1,328.4,1398,1499,1398,1398,1499,1398,245,190,MANUAL (Remote),,0.0
2026-08-10T10:53:37.782,1786334017.782427,0.37700000405311584,4.0,-21.4,328.6,1419,1499,1419,1419,1499,1419,245,190,MANUAL (Remote),,0.0
2026-08-10T10:53:38.282,1786334018.282461,0.42100000381469727,3.9,-18.3,329.7,1419,1150,1419,1419,1900,1419,245,190,MANUAL (Remote),,25.0
2026-08-10T10:53:38.782,1786334018.782476,0.4480000138282776,5.1,-19.7,338.0,1419,1499,1419,1419,1499,1419,245,190,MANUAL (Remote),,0.0
2026-08-10T10:53:39.282,1786334019.282486,0.46399998664855957,5.0,-18.9,336.4,1419,1499,1419,1419,1499,1419,245,190,MANUAL (Remote),,0.0
2026-08-10T10:53:39.782,1786334019.782404,0.48500001430511475,3.5,-18.4,334.2,1437,1499,1437,1437,1499,1437,245,190,MANUAL (Remote),,0.0
2026-08-10T10:53:40.282,1786334020.282454,0.4749999940395355,3.0,-16.8,332.9,1437,1499,1437,1437,1499,1437,245,190,MANUAL (Remote),,0.0
2026-08-10T10:53:40.782,1786334020.782416,0.43799999356269836,3.3,-16.9,332.5,1437,1121,1437,1437,1900,1437,245,190,MANUAL (Remote),,10.5
2026-08-10T10:53:41.282,1786334021.282489,0.38499999046325684,3.8,-19.0,335.6,1437,1527,1437,1437,1527,1437,245,190,MANUAL (Remote),,27.0
2026-08-10T10:53:41.782,1786334021.782497,0.33000001311302185,3.4,-18.2,335.8,1437,1499,1437,1437,1499,1437,245,190,MANUAL (Remote),,0.0
2026-08-10T10:53:42.282,1786334022.28244,0.25600001215934753,3.0,-17.7,334.7,1437,1499,1437,1437,1499,1437,245,190,MANUAL (Remote),,0.0
2026-08-10T10:53:42.782,1786334022.782485,0.1770000010728836,3.0,-18.8,334.4,1421,1499,1421,1421,1499,1421,245,190,MANUAL (Remote),,0.0
2026-08-10T10:53:43.282,1786334023.282453,0.10400000214576721,2.8,-20.8,333.6,1391,1499,1391,1391,1499,1391,245,190,MANUAL (Remote),,0.0
2026-08-10T10:53:43.782,1786334023.782512,0.08299999684095383,2.3,-25.4,332.6,1388,1499,1388,1388,1499,1388,245,190,MANUAL (Remote),,0.0
2026-08-10T10:53:44.282,1786334024.282433,0.0860000029206276,2.6,-26.4,330.8,1388,1107,1388,1388,1900,1388,245,190,MANUAL (Remote),,3.5
2026-08-10T10:53:44.782,1786334024.782469,0.11599999666213989,4.5,-25.9,333.8,1388,1499,1388,1388,1499,1388,245,190,MANUAL (Remote),,0.0
2026-08-10T10:53:45.282,1786334025.2824,0.16200000047683716,4.9,-22.7,330.7,1388,1499,1388,1388,1499,1388,245,190,MANUAL (Remote),,0.0
2026-08-10T10:53:45.782,1786334025.782447,0.21699999272823334,4.5,-21.4,328.0,1388,1499,1388,1388,1499,1388,245,190,MANUAL (Remote),,0.0
2026-08-10T10:53:46.282,1786334026.282399,0.2809999883174896,3.9,-21.8,328.2,1388,1231,1388,1388,1881,1388,245,190,MANUAL (Remote),,56.0
2026-08-10T10:53:46.782,1786334026.782496,0.33500000834465027,4.0,-22.4,330.6,1388,1499,1388,1388,1499,1388,245,190,MANUAL (Remote),,0.0
2026-08-10T10:53:47.282,1786334027.282441,0.40299999713897705,3.6,-21.6,329.6,1388,1580,1388,1388,1418,1388,245,190,MANUAL (Remote),,-1.0
2026-08-10T10:53:47.782,1786334027.782452,0.4749999940395355,2.4,-19.0,320.6,1388,1899,1388,1388,1100,1388,245,190,MANUAL (Remote),,-0.5
2026-08-10T10:53:48.282,1786334028.282397,0.5529999732971191,1.1,-19.2,311.1,1388,1891,1388,1388,1900,1388,245,190,MANUAL (Remote),,395.5
2026-08-10T10:53:48.782,1786334028.782423,0.5899999737739563,0.7,-16.1,312.2,1388,1898,1388,1388,1900,1388,245,190,MANUAL (Remote),,399.0
2026-08-10T10:53:49.282,1786334029.28245,0.5830000042915344,0.4,-16.3,317.1,1388,1900,1388,1388,1900,1388,245,190,MANUAL (Remote),,400.0
2026-08-10T10:53:49.782,1786334029.782496,0.5950000286102295,1.2,-16.5,322.1,1393,1499,1393,1393,1499,1393,245,190,MANUAL (Remote),,0.0
2026-08-10T10:53:50.282,1786334030.282476,0.5860000252723694,4.3,-17.9,326.6,1420,1499,1420,1420,1499,1420,245,190,MANUAL (Remote),,0.0
2026-08-10T10:53:50.782,1786334030.78249,0.5759999752044678,4.9,-18.2,326.8,1432,1900,1432,1432,1102,1432,245,190,MANUAL (Remote),,1.0
2026-08-10T10:53:51.282,1786334031.282436,0.5440000295639038,5.7,-13.1,310.5,1432,1900,1432,1432,1101,1432,245,190,MANUAL (Remote),,0.5
2026-08-10T10:53:51.782,1786334031.782415,0.5299999713897705,1.8,-13.9,303.2,1432,1893,1432,1432,1900,1432,245,190,MANUAL (Remote),,396.5
2026-08-10T10:53:52.282,1786334032.282401,0.5400000214576721,-8.0,-19.8,310.1,1432,1893,1432,1432,1900,1432,245,190,MANUAL (Remote),,396.5
2026-08-10T10:53:52.782,1786334032.782394,0.5099999904632568,-7.6,-20.9,310.9,1432,1893,1432,1432,1900,1432,245,190,MANUAL (Remote),,396.5
2026-08-10T10:53:53.282,1786334033.282489,0.4650000035762787,-1.5,-19.3,309.4,1432,1893,1432,1432,1900,1432,245,190,MANUAL (Remote),,396.5
2026-08-10T10:53:53.782,1786334033.782449,0.4410000145435333,1.4,-20.1,307.2,1432,1769,1432,1432,1881,1432,245,190,MANUAL (Remote),,325.0
2026-08-10T10:53:54.282,1786334034.282377,0.4350000023841858,5.7,-21.4,309.7,1432,1499,1432,1432,1499,1432,245,190,MANUAL (Remote),,0.0
2026-08-10T10:53:54.782,1786334034.782445,0.42399999499320984,11.8,-19.0,311.5,1432,1100,1432,1432,1106,1432,245,190,MANUAL (Remote),,-397.0
2026-08-10T10:53:55.282,1786334035.282471,0.39100000262260437,18.3,-17.9,314.3,1432,1100,1432,1432,1118,1432,245,190,MANUAL (Remote),,-391.0
2026-08-10T10:53:55.782,1786334035.782472,0.30000001192092896,25.3,-20.1,316.4,1432,1100,1432,1432,1112,1432,245,190,MANUAL (Remote),,-394.0
2026-08-10T10:53:56.282,1786334036.282494,0.24500000476837158,11.6,-20.5,319.4,1432,1900,1432,1432,1899,1432,245,190,MANUAL (Remote),,399.5
2026-08-10T10:53:56.782,1786334036.782434,0.24500000476837158,-12.8,-16.2,317.7,1432,1900,1432,1432,1900,1432,245,190,MANUAL (Remote),,400.0
2026-08-10T10:53:57.282,1786334037.282394,0.15600000321865082,-14.9,-17.0,316.1,1432,1191,1432,1432,1895,1432,245,190,MANUAL (Remote),,43.0
2026-08-10T10:53:57.782,1786334037.782394,0.032999999821186066,-0.3,-18.5,321.2,1432,1500,1432,1432,1500,1432,245,190,MANUAL (Remote),,0.0
2026-08-10T10:53:58.282,1786334038.282461,-0.050999999046325684,10.5,-12.3,322.4,1419,1499,1419,1419,1499,1419,245,190,MANUAL (Remote),,0.0
2026-08-10T10:53:58.782,1786334038.782418,-0.035999998450279236,6.5,-13.1,322.4,1389,1499,1389,1389,1499,1389,245,190,MANUAL (Remote),,0.0
2026-08-10T10:53:59.282,1786334039.282461,0.004000000189989805,5.7,-19.8,318.7,1389,1755,1389,1389,1877,1389,245,190,MANUAL (Remote),,316.0
2026-08-10T10:53:59.782,1786334039.782611,0.06499999761581421,-4.2,-25.2,317.1,1389,1887,1389,1389,1900,1389,245,190,MANUAL (Remote),,393.5
2026-08-10T10:54:00.282,1786334040.282432,0.11699999868869781,-12.8,-26.2,315.0,1389,1879,1389,1389,1900,1389,245,190,MANUAL (Remote),,389.5
2026-08-10T10:54:00.782,1786334040.782471,0.12600000202655792,-10.6,-25.4,315.6,1389,1500,1389,1389,1844,1389,245,190,MANUAL (Remote),,172.0
2026-08-10T10:54:01.282,1786334041.282418,0.12300000339746475,-0.8,-25.6,321.0,1389,1500,1389,1389,1844,1389,245,190,MANUAL (Remote),,172.0
2026-08-10T10:54:01.782,1786334041.782454,0.1589999943971634,4.4,-23.1,326.5,1389,1664,1389,1389,1854,1389,245,190,MANUAL (Remote),,259.0
2026-08-10T10:54:02.282,1786334042.282425,0.22100000083446503,1.9,-21.6,330.0,1389,1823,1389,1389,1900,1389,245,190,MANUAL (Remote),,361.5
2026-08-10T10:54:02.782,1786334042.782455,0.27799999713897705,-4.3,-21.3,329.6,1389,1826,1389,1389,1898,1389,245,190,MANUAL (Remote),,362.0
2026-08-10T10:54:03.282,1786334043.282438,0.32499998807907104,-7.9,-21.4,328.1,1389,1826,1389,1389,1898,1389,245,190,MANUAL (Remote),,362.0
2026-08-10T10:54:03.782,1786334043.7825,0.3580000102519989,-7.1,-21.7,326.0,1389,1499,1389,1389,1499,1389,245,190,MANUAL (Remote),,0.0
2026-08-10T10:54:04.282,1786334044.282474,0.36899998784065247,2.2,-21.7,321.5,1389,1499,1389,1389,1499,1389,245,190,MANUAL (Remote),,0.0
2026-08-10T10:54:04.782,1786334044.782439,0.4099999964237213,7.5,-21.9,317.8,1389,1499,1389,1389,1499,1389,245,190,MANUAL (Remote),,0.0
2026-08-10T10:54:05.282,1786334045.282399,0.47699999809265137,6.6,-21.6,315.8,1389,1499,1389,1389,1499,1389,245,190,MANUAL (Remote),,0.0
2026-08-10T10:54:05.782,1786334045.782407,0.5410000085830688,3.8,-21.2,315.1,1389,1499,1389,1389,1499,1389,245,190,MANUAL (Remote),,0.0
2026-08-10T10:54:06.282,1786334046.282429,0.5839999914169312,3.1,-14.1,313.5,1389,1499,1389,1389,1499,1389,245,190,MANUAL (Remote),,0.0
2026-08-10T10:54:06.782,1786334046.782674,0.5830000042915344,3.0,-16.0,314.5,1389,1499,1389,1389,1499,1389,245,190,MANUAL (Remote),,0.0
2026-08-10T10:54:07.282,1786334047.282485,0.5920000076293945,3.2,-15.9,315.9,1389,1499,1389,1389,1499,1389,245,190,MANUAL (Remote),,0.0
2026-08-10T10:54:07.782,1786334047.78262,0.5879999995231628,3.3,-15.7,316.7,1389,1500,1389,1389,1500,1389,245,190,MANUAL (Remote),,0.0
2026-08-10T10:54:08.282,1786334048.28241,0.5820000171661377,3.6,-16.0,316.7,1399,1499,1399,1399,1499,1399,245,190,MANUAL (Remote),,0.0
2026-08-10T10:54:08.782,1786334048.782422,0.5860000252723694,3.4,-17.4,315.2,1429,1499,1429,1429,1499,1429,245,190,MANUAL (Remote),,0.0
2026-08-10T10:54:09.282,1786334049.282416,0.5839999914169312,1.8,-19.0,313.7,1432,1499,1432,1432,1499,1432,245,190,MANUAL (Remote),,0.0
2026-08-10T10:54:09.782,1786334049.782439,0.5680000185966492,0.5,-17.5,312.5,1453,1499,1453,1453,1499,1453,245,190,MANUAL (Remote),,0.0
2026-08-10T10:54:10.282,1786334050.282606,0.5099999904632568,0.5,-14.6,311.8,1480,1499,1480,1480,1499,1480,245,190,MANUAL (Remote),,0.0
2026-08-10T10:54:10.782,1786334050.782631,0.421999990940094,1.2,-15.6,312.6,1480,1499,1480,1480,1499,1480,245,190,MANUAL (Remote),,0.0
2026-08-10T10:54:11.282,1786334051.282436,0.3070000112056732,1.5,-18.2,314.2,1459,1499,1459,1459,1499,1459,245,190,MANUAL (Remote),,0.0
2026-08-10T10:54:11.782,1786334051.782457,0.1899999976158142,1.9,-19.8,316.0,1449,1499,1449,1449,1499,1449,245,190,MANUAL (Remote),,0.0
2026-08-10T10:54:12.282,1786334052.282432,0.07599999755620956,2.3,-17.2,317.9,1449,1900,1449,1449,1102,1449,245,190,MANUAL (Remote),,1.0
2026-08-10T10:54:12.782,1786334052.782469,-0.03999999910593033,2.6,-12.9,312.9,1449,1499,1449,1449,1499,1449,245,190,MANUAL (Remote),,0.0
2026-08-10T10:54:13.282,1786334053.282475,-0.07100000232458115,3.9,-17.3,313.1,1449,1499,1449,1449,1499,1449,245,190,MANUAL (Remote),,0.0
2026-08-10T10:54:13.782,1786334053.782432,-0.041999999433755875,4.6,-20.2,313.9,1449,1499,1449,1449,1499,1449,245,190,MANUAL (Remote),,0.0
2026-08-10T10:54:14.282,1786334054.282413,-0.03099999949336052,3.8,-18.5,314.8,1449,1499,1449,1449,1499,1449,245,190,MANUAL (Remote),,0.0
2026-08-10T10:54:14.782,1786334054.782436,-0.035999998450279236,2.2,-16.3,315.1,1449,1499,1449,1449,1499,1449,245,190,MANUAL (Remote),,0.0
2026-08-10T10:54:15.282,1786334055.282643,-0.041999999433755875,3.3,-16.6,314.8,1449,1499,1449,1449,1499,1449,245,190,MANUAL (Remote),,0.0
2026-08-10T10:54:15.782,1786334055.782492,-0.03999999910593033,3.9,-17.0,314.5,1440,1499,1440,1440,1499,1440,245,190,MANUAL (Remote),,0.0
2026-08-10T10:54:16.282,1786334056.282382,-0.032999999821186066,2.9,-18.4,314.1,1413,1499,1413,1413,1499,1413,245,190,MANUAL (Remote),,0.0
2026-08-10T10:54:16.782,1786334056.782412,-0.004999999888241291,2.8,-20.5,312.8,1412,1500,1412,1412,1498,1412,245,190,MANUAL (Remote),,0.0
2026-08-10T10:54:17.282,1786334057.282366,0.01899999938905239,2.8,-19.3,307.4,1412,1898,1412,1412,1100,1412,245,190,MANUAL (Remote),,-1.0
2026-08-10T10:54:17.782,1786334057.782489,0.04500000178813934,2.0,-13.8,284.6,1412,1898,1412,1412,1100,1412,245,190,MANUAL (Remote),,-1.0
2026-08-10T10:54:18.282,1786334058.282491,0.05400000140070915,1.0,-9.9,269.5,1412,1898,1412,1412,1100,1412,245,190,MANUAL (Remote),,-1.0
2026-08-10T10:54:18.782,1786334058.782398,0.0689999982714653,-2.1,-9.1,258.5,1412,1616,1412,1412,1634,1412,245,190,MANUAL (Remote),,125.0
2026-08-10T10:54:19.282,1786334059.282447,0.10700000077486038,-12.3,-18.3,265.2,1412,1883,1412,1412,1900,1412,245,190,MANUAL (Remote),,391.5
2026-08-10T10:54:19.782,1786334059.782441,0.12099999934434891,-21.3,-22.8,271.9,1412,1890,1412,1412,1900,1412,245,190,MANUAL (Remote),,395.0
2026-08-10T10:54:20.282,1786334060.282403,0.07699999958276749,-17.0,-19.7,275.8,1412,1893,1412,1412,1900,1412,245,190,MANUAL (Remote),,396.5
2026-08-10T10:54:20.782,1786334060.782429,0.039000000804662704,-3.5,-17.6,279.6,1412,1899,1412,1412,1100,1412,245,190,MANUAL (Remote),,-0.5
2026-08-10T10:54:21.282,1786334061.282425,0.009999999776482582,4.9,-17.0,268.7,1412,1899,1412,1412,1100,1412,245,190,MANUAL (Remote),,-0.5
2026-08-10T10:54:21.782,1786334061.782497,0.019999999552965164,2.1,-16.0,255.8,1412,1900,1412,1412,1900,1412,245,190,MANUAL (Remote),,400.0
2026-08-10T10:54:22.282,1786334062.282415,0.06199999898672104,-12.5,-17.9,261.1,1412,1900,1412,1412,1900,1412,245,190,MANUAL (Remote),,400.0
2026-08-10T10:54:22.782,1786334062.782461,0.07500000298023224,-21.5,-20.0,264.9,1412,1900,1412,1412,1900,1412,245,190,MANUAL (Remote),,400.0
2026-08-10T10:54:23.282,1786334063.282463,0.04899999871850014,-15.8,-18.0,264.3,1412,1872,1412,1412,1288,1412,245,190,MANUAL (Remote),,80.0
2026-08-10T10:54:23.782,1786334063.782511,0.03200000151991844,-6.2,-17.0,265.2,1412,1499,1412,1412,1499,1412,245,180,MANUAL (Remote),,0.0
2026-08-10T10:54:24.282,1786334064.282448,0.04100000113248825,-1.8,-20.0,273.3,1412,1502,1412,1412,1496,1412,245,160,MANUAL (Remote),,0.0
2026-08-10T10:54:24.782,1786334064.782439,0.06199999898672104,-2.3,-19.8,281.1,1412,1499,1412,1412,1499,1412,245,160,MANUAL (Remote),,0.0
2026-08-10T10:54:25.282,1786334065.282664,0.10400000214576721,-4.8,-19.2,286.1,1412,1499,1412,1412,1499,1412,245,160,MANUAL (Remote),,0.0
2026-08-10T10:54:25.782,1786334065.782445,0.13300000131130219,-4.4,-19.7,289.7,1412,1499,1412,1412,1499,1412,245,160,MANUAL (Remote),,0.0
2026-08-10T10:54:26.282,1786334066.28246,0.15600000321865082,-1.4,-21.1,291.8,1412,1499,1412,1412,1499,1412,245,160,MANUAL (Remote),,0.0
2026-08-10T10:54:26.782,1786334066.782449,0.17900000512599945,0.2,-22.0,294.0,1412,1499,1412,1412,1499,1412,245,160,MANUAL (Remote),,0.0
2026-08-10T10:54:27.282,1786334067.282688,0.2070000022649765,0.0,-21.7,297.0,1412,1499,1412,1412,1499,1412,245,160,MANUAL (Remote),,0.0
2026-08-10T10:54:27.782,1786334067.782501,0.23600000143051147,-0.1,-20.9,298.8,1412,1499,1412,1412,1499,1412,245,160,MANUAL (Remote),,0.0
2026-08-10T10:54:28.282,1786334068.282483,0.2619999945163727,-0.1,-20.7,299.4,1412,1499,1412,1412,1499,1412,245,160,MANUAL (Remote),,0.0
2026-08-10T10:54:28.782,1786334068.782502,0.289000004529953,-0.1,-22.1,300.9,1412,1499,1412,1412,1499,1412,245,160,MANUAL (Remote),,0.0
2026-08-10T10:54:29.282,1786334069.282493,0.3179999887943268,-0.6,-23.0,303.2,1412,1499,1412,1412,1499,1412,245,160,MANUAL (Remote),,0.0
2026-08-10T10:54:29.782,1786334069.782436,0.33799999952316284,-0.6,-22.4,304.4,1412,1499,1412,1412,1499,1412,245,160,MANUAL (Remote),,0.0
2026-08-10T10:54:30.282,1786334070.282428,0.367000013589859,-0.5,-22.1,306.6,1412,1545,1412,1412,1545,1412,245,160,MANUAL (Remote),,45.0
2026-08-10T10:54:30.782,1786334070.782473,0.38600000739097595,-0.4,-21.7,308.9,1433,1499,1433,1433,1499,1433,245,160,MANUAL (Remote),,0.0
2026-08-10T10:54:31.282,1786334071.282452,0.3919999897480011,-0.1,-19.9,311.1,1442,1499,1442,1442,1499,1442,245,160,MANUAL (Remote),,0.0
2026-08-10T10:54:31.782,1786334071.782431,0.37299999594688416,-0.4,-18.6,313.3,1442,1499,1442,1442,1499,1442,245,160,MANUAL (Remote),,0.0
2026-08-10T10:54:32.282,1786334072.282474,0.33799999952316284,-0.7,-19.2,315.3,1432,1499,1432,1432,1499,1432,245,160,MANUAL (Remote),,0.0
2026-08-10T10:54:32.782,1786334072.782462,0.3009999990463257,-0.9,-20.8,317.3,1422,1499,1422,1422,1499,1422,245,160,MANUAL (Remote),,0.0
2026-08-10T10:54:33.282,1786334073.282473,0.257999986410141,-0.6,-22.2,319.0,1422,1899,1422,1422,1900,1422,245,160,MANUAL (Remote),,399.5
2026-08-10T10:54:33.782,1786334073.782559,0.23499999940395355,-7.2,-21.3,318.9,1422,1899,1422,1422,1900,1422,245,160,MANUAL (Remote),,399.5
2026-08-10T10:54:34.282,1786334074.282485,0.20000000298023224,-7.5,-20.6,316.7,1422,1499,1422,1422,1499,1422,245,160,MANUAL (Remote),,0.0
2026-08-10T10:54:34.782,1786334074.782487,0.1550000011920929,3.4,-21.0,317.1,1422,1113,1422,1422,1900,1422,245,160,MANUAL (Remote),,6.5
2026-08-10T10:54:35.282,1786334075.282516,0.10499999672174454,14.3,-21.1,332.7,1422,1499,1422,1422,1499,1422,245,160,MANUAL (Remote),,0.0
2026-08-10T10:54:35.782,1786334075.78248,0.10199999809265137,11.1,-15.7,332.4,1422,1499,1422,1422,1499,1422,245,160,MANUAL (Remote),,0.0
2026-08-10T10:54:36.282,1786334076.282497,0.1080000028014183,2.2,-16.0,325.4,1422,1827,1422,1422,1841,1422,245,160,MANUAL (Remote),,334.0
2026-08-10T10:54:36.782,1786334076.782459,0.10400000214576721,-3.0,-19.7,320.4,1422,1499,1422,1422,1499,1422,245,160,MANUAL (Remote),,0.0
2026-08-10T10:54:37.282,1786334077.282465,0.06499999761581421,-0.5,-20.5,318.9,1422,1890,1422,1422,1900,1422,245,160,MANUAL (Remote),,395.0
2026-08-10T10:54:37.782,1786334077.782407,0.05900000035762787,-2.3,-19.3,320.1,1422,1368,1422,1422,1856,1422,245,160,MANUAL (Remote),,112.0
2026-08-10T10:54:38.282,1786334078.282556,0.061000000685453415,-2.0,-21.5,334.1,1422,1499,1422,1422,1499,1422,245,160,MANUAL (Remote),,0.0
2026-08-10T10:54:38.782,1786334078.782635,0.05000000074505806,1.6,-16.1,332.7,1422,1136,1422,1422,1900,1422,245,160,MANUAL (Remote),,18.0
2026-08-10T10:54:39.282,1786334079.282538,0.00800000037997961,10.7,-15.1,344.2,1422,1121,1422,1422,1900,1422,245,160,MANUAL (Remote),,10.5
2026-08-10T10:54:39.782,1786334079.782522,-0.0010000000474974513,14.4,-12.8,356.7,1422,1884,1422,1422,1900,1422,245,160,MANUAL (Remote),,392.0
2026-08-10T10:54:40.282,1786334080.282505,0.0020000000949949026,8.7,-6.6,353.6,1422,1886,1422,1422,1900,1422,245,160,MANUAL (Remote),,393.0
2026-08-10T10:54:40.782,1786334080.782409,0.0010000000474974513,5.4,0.7,341.5,1422,1453,1422,1422,1847,1422,245,160,MANUAL (Remote),,150.0
2026-08-10T10:54:41.282,1786334081.28248,-0.0010000000474974513,6.1,0.2,337.9,1415,1499,1415,1415,1499,1415,245,160,MANUAL (Remote),,0.0
2026-08-10T10:54:41.782,1786334081.782547,-0.004000000189989805,11.4,-2.1,327.5,1410,1500,1410,1410,1844,1410,245,160,MANUAL (Remote),,172.0
2026-08-10T10:54:42.282,1786334082.282559,0.029999999329447746,7.1,-6.3,323.7,1410,1286,1410,1410,1868,1410,245,160,MANUAL (Remote),,77.0
2026-08-10T10:54:42.782,1786334082.782467,0.06199999898672104,2.7,-8.5,320.0,1410,1784,1410,1410,1884,1410,245,160,MANUAL (Remote),,334.0
2026-08-10T10:54:43.282,1786334083.282577,0.0860000029206276,-3.0,-10.7,314.2,1410,1784,1410,1410,1884,1410,245,160,MANUAL (Remote),,334.0
2026-08-10T10:54:43.782,1786334083.782517,0.09600000083446503,-5.5,-13.3,313.2,1410,1375,1410,1410,1849,1410,245,160,MANUAL (Remote),,112.0
2026-08-10T10:54:44.282,1786334084.282422,0.0689999982714653,2.7,-16.4,318.0,1410,1375,1410,1410,1849,1410,245,160,MANUAL (Remote),,112.0
2026-08-10T10:54:44.782,1786334084.782442,0.05900000035762787,6.6,-14.5,322.6,1410,1741,1410,1410,1875,1410,245,160,MANUAL (Remote),,308.0
2026-08-10T10:54:45.282,1786334085.282491,0.07800000160932541,3.8,-13.1,321.6,1410,1741,1410,1410,1875,1410,245,160,MANUAL (Remote),,308.0
2026-08-10T10:54:45.782,1786334085.782501,0.09399999678134918,0.4,-15.0,319.9,1410,1729,1410,1410,1869,1410,245,160,MANUAL (Remote),,299.0
2026-08-10T10:54:46.282,1786334086.282499,0.09700000286102295,-0.3,-17.6,317.5,1410,1741,1410,1410,1875,1410,245,160,MANUAL (Remote),,308.0
2026-08-10T10:54:46.782,1786334086.782419,0.10400000214576721,0.8,-18.5,314.7,1410,1741,1410,1410,1875,1410,245,160,MANUAL (Remote),,308.0
2026-08-10T10:54:47.282,1786334087.282598,0.1080000028014183,1.2,-18.5,313.4,1396,1741,1396,1396,1875,1396,245,160,MANUAL (Remote),,308.0
2026-08-10T10:54:47.782,1786334087.782539,0.13500000536441803,2.4,-20.3,312.0,1394,1122,1394,1394,1900,1394,245,160,MANUAL (Remote),,11.0
2026-08-10T10:54:48.282,1786334088.282473,0.1459999978542328,9.9,-23.3,315.3,1394,1150,1394,1394,1900,1394,245,160,MANUAL (Remote),,25.0
2026-08-10T10:54:48.782,1786334088.782475,0.1850000023841858,16.1,-22.8,330.7,1394,1163,1394,1394,1900,1394,245,160,MANUAL (Remote),,31.5
2026-08-10T10:54:49.282,1786334089.282434,0.2370000034570694,15.1,-20.7,333.0,1394,1106,1394,1394,1900,1394,245,160,MANUAL (Remote),,3.0
2026-08-10T10:54:49.782,1786334089.782493,0.3059999942779541,9.0,-18.6,325.7,1393,1886,1393,1393,1900,1393,245,160,MANUAL (Remote),,393.0
2026-08-10T10:54:50.282,1786334090.282502,0.37700000405311584,-3.7,-18.5,318.3,1393,1882,1393,1393,1900,1393,245,160,MANUAL (Remote),,391.0
2026-08-10T10:54:50.782,1786334090.782518,0.4339999854564667,-12.9,-19.2,313.4,1393,1879,1393,1393,1900,1393,245,160,MANUAL (Remote),,389.5
2026-08-10T10:54:51.282,1786334091.282505,0.4269999861717224,-11.9,-21.1,309.7,1393,1837,1393,1393,1900,1393,245,160,MANUAL (Remote),,368.5
2026-08-10T10:54:51.782,1786334091.782458,0.41999998688697815,-6.2,-23.9,308.2,1393,1823,1393,1393,1900,1393,245,160,MANUAL (Remote),,361.5
2026-08-10T10:54:52.282,1786334092.282469,0.4339999854564667,-3.7,-23.6,309.2,1393,1823,1393,1393,1900,1393,245,160,MANUAL (Remote),,361.5
2026-08-10T10:54:52.782,1786334092.782527,0.46000000834465027,-3.2,-22.1,311.1,1393,1823,1393,1393,1900,1393,245,160,MANUAL (Remote),,361.5
2026-08-10T10:54:53.282,1786334093.282522,0.49300000071525574,-3.8,-22.4,312.4,1393,1823,1393,1393,1900,1393,245,160,MANUAL (Remote),,361.5
2026-08-10T10:54:53.782,1786334093.782547,0.5130000114440918,-3.7,-23.5,312.8,1393,1823,1393,1393,1900,1393,245,160,MANUAL (Remote),,361.5
2026-08-10T10:54:54.282,1786334094.282493,0.531000018119812,-3.1,-23.4,313.5,1393,1823,1393,1393,1900,1393,245,160,MANUAL (Remote),,361.5
2026-08-10T10:54:54.782,1786334094.782411,0.5550000071525574,-3.6,-23.2,313.6,1393,1823,1393,1393,1900,1393,245,160,MANUAL (Remote),,361.5
2026-08-10T10:54:55.282,1786334095.282535,0.5789999961853027,-0.5,-23.8,315.8,1393,1379,1393,1393,1853,1393,245,160,MANUAL (Remote),,116.0
2026-08-10T10:54:55.782,1786334095.782466,0.5770000219345093,7.0,-17.9,322.3,1393,1500,1393,1393,1844,1393,245,160,MANUAL (Remote),,172.0
2026-08-10T10:54:56.282,1786334096.282411,0.578000009059906,7.5,-16.1,326.6,1393,1889,1393,1393,1900,1393,245,160,MANUAL (Remote),,394.5
2026-08-10T10:54:56.782,1786334096.782536,0.5870000123977661,5.5,-17.6,324.0,1393,1886,1393,1393,1900,1393,245,160,MANUAL (Remote),,393.0
2026-08-10T10:54:57.282,1786334097.282489,0.5839999914169312,4.9,-15.0,322.2,1393,1886,1393,1393,1900,1393,245,160,MANUAL (Remote),,393.0
2026-08-10T10:54:57.782,1786334097.782527,0.5899999737739563,6.3,-14.8,321.1,1402,1499,1402,1402,1499,1402,245,160,MANUAL (Remote),,0.0
2026-08-10T10:54:58.282,1786334098.282485,0.5899999737739563,5.7,-16.0,319.6,1435,1499,1435,1435,1499,1435,245,160,MANUAL (Remote),,0.0
2026-08-10T10:54:58.782,1786334098.782509,0.5699999928474426,4.5,-17.3,316.8,1459,1499,1459,1459,1499,1459,245,160,MANUAL (Remote),,0.0
2026-08-10T10:54:59.282,1786334099.282536,0.5180000066757202,3.3,-16.9,314.5,1465,1193,1465,1465,1897,1465,245,160,MANUAL (Remote),,45.0
2026-08-10T10:54:59.782,1786334099.782423,0.4410000145435333,7.5,-20.9,333.5,1465,1148,1465,1465,1900,1465,245,160,MANUAL (Remote),,24.0
2026-08-10T10:55:00.282,1786334100.28252,0.3540000021457672,12.4,-20.9,353.6,1465,1177,1465,1465,1900,1465,245,160,MANUAL (Remote),,38.5
2026-08-10T10:55:00.782,1786334100.782405,0.2669999897480011,13.4,-17.1,8.3,1465,1891,1465,1465,1900,1465,245,160,MANUAL (Remote),,395.5
2026-08-10T10:55:01.282,1786334101.282544,0.1889999955892563,3.2,-8.8,3.6,1465,1889,1465,1465,1900,1465,245,160,MANUAL (Remote),,394.5
2026-08-10T10:55:01.782,1786334101.782455,0.10199999809265137,-3.3,-4.8,359.4,1465,1888,1465,1465,1900,1465,245,160,MANUAL (Remote),,394.0
2026-08-10T10:55:02.282,1786334102.282494,-0.020999999716877937,2.2,-7.3,354.3,1465,1890,1465,1465,1900,1465,245,160,MANUAL (Remote),,395.0
2026-08-10T10:55:02.782,1786334102.782614,-0.0729999989271164,7.1,-11.0,348.1,1465,1889,1465,1465,1900,1465,245,160,MANUAL (Remote),,394.5
2026-08-10T10:55:03.282,1786334103.282507,-0.05400000140070915,6.1,-14.1,343.3,1465,1890,1465,1465,1900,1465,245,160,MANUAL (Remote),,395.0
2026-08-10T10:55:03.782,1786334103.782491,-0.04899999871850014,7.4,-14.6,340.4,1465,1499,1465,1465,1499,1465,245,160,MANUAL (Remote),,0.0
2026-08-10T10:55:04.282,1786334104.282487,-0.057999998331069946,10.8,-14.7,338.8,1465,1499,1465,1465,1499,1465,245,125,MANUAL (Remote),,0.0
2026-08-10T10:55:04.782,1786334104.782512,-0.05700000002980232,7.1,-12.4,339.1,1465,1499,1465,1465,1499,1465,245,170,MANUAL (Remote),,0.0
2026-08-10T10:55:05.282,1786334105.28249,-0.04899999871850014,4.1,-13.2,338.1,1465,1898,1465,1465,1900,1465,245,175,MANUAL (Remote),,399.0
2026-08-10T10:55:05.782,1786334105.782487,-0.04600000008940697,3.8,-17.0,345.6,1465,1499,1465,1465,1499,1465,245,175,MANUAL (Remote),,0.0
2026-08-10T10:55:06.282,1786334106.282437,-0.052000001072883606,9.3,-14.2,343.4,1465,1899,1465,1465,1100,1465,245,175,MANUAL (Remote),,-0.5
2026-08-10T10:55:06.782,1786334106.782458,-0.07100000232458115,11.6,-11.2,330.2,1465,1899,1465,1465,1900,1465,245,175,MANUAL (Remote),,399.5
2026-08-10T10:55:07.282,1786334107.282472,-0.04100000113248825,-1.1,-16.0,332.9,1465,1899,1465,1465,1900,1465,245,175,MANUAL (Remote),,399.5
2026-08-10T10:55:07.782,1786334107.782409,-0.04699999839067459,0.8,-20.2,342.5,1465,1854,1465,1465,1620,1465,245,175,MANUAL (Remote),,237.0
2026-08-10T10:55:08.282,1786334108.282489,-0.050999999046325684,5.6,-14.9,334.4,1465,1852,1465,1465,1516,1465,245,175,MANUAL (Remote),,176.0
2026-08-10T10:55:08.782,1786334108.782462,-0.04500000178813934,3.4,-15.7,323.6,1465,1900,1465,1465,1102,1465,245,175,MANUAL (Remote),,1.0
2026-08-10T10:55:09.282,1786334109.28243,-0.061000000685453415,2.1,-16.3,300.3,1465,1900,1465,1465,1100,1465,245,175,MANUAL (Remote),,0.0
2026-08-10T10:55:09.782,1786334109.782499,-0.05700000002980232,-1.2,-19.6,295.0,1465,1499,1465,1465,1499,1465,245,175,MANUAL (Remote),,0.0
2026-08-10T10:55:10.282,1786334110.282423,-0.05299999937415123,-3.3,-25.1,303.7,1481,1499,1481,1481,1499,1481,245,175,MANUAL (Remote),,0.0
2026-08-10T10:55:10.782,1786334110.782415,-0.054999999701976776,-1.4,-20.7,310.8,1481,1499,1481,1481,1499,1481,245,175,MANUAL (Remote),,0.0
2026-08-10T10:55:11.282,1786334111.282444,-0.05000000074505806,1.3,-17.1,315.6,1481,1499,1481,1481,1499,1481,245,175,MANUAL (Remote),,0.0
2026-08-10T10:55:11.782,1786334111.78247,-0.03099999949336052,0.9,-16.1,320.3,1481,1499,1481,1481,1499,1481,245,175,MANUAL (Remote),,0.0
2026-08-10T10:55:12.282,1786334112.282381,-0.039000000804662704,2.1,-16.7,322.1,1481,1499,1481,1481,1499,1481,245,175,MANUAL (Remote),,0.0
2026-08-10T10:55:12.782,1786334112.782434,-0.07100000232458115,2.5,-14.2,323.5,1481,1499,1481,1481,1499,1481,245,175,MANUAL (Remote),,0.0
2026-08-10T10:55:13.282,1786334113.282472,-0.07100000232458115,2.1,-17.0,325.6,1481,1499,1481,1481,1499,1481,245,175,MANUAL (Remote),,0.0
2026-08-10T10:55:13.782,1786334113.78247,-0.07900000363588333,3.0,-18.9,327.3,1481,1499,1481,1481,1499,1481,245,175,MANUAL (Remote),,0.0
2026-08-10T10:55:14.282,1786334114.282401,-0.07500000298023224,1.6,-18.0,328.4,1481,1499,1481,1481,1499,1481,245,175,MANUAL (Remote),,0.0
2026-08-10T10:55:14.782,1786334114.782468,-0.052000001072883606,4.0,-18.7,328.8,1481,1499,1481,1481,1499,1481,245,175,MANUAL (Remote),,0.0
2026-08-10T10:55:15.282,1786334115.282504,-0.057999998331069946,3.9,-20.2,328.2,1481,1499,1481,1481,1499,1481,245,175,MANUAL (Remote),,0.0
2026-08-10T10:55:15.782,1786334115.782403,-0.09600000083446503,3.9,-24.3,324.9,1481,1499,1481,1481,1499,1481,245,175,MANUAL (Remote),,0.0
2026-08-10T10:55:16.282,1786334116.282458,-0.08699999749660492,0.9,-23.0,322.0,1481,1499,1481,1481,1499,1481,245,175,MANUAL (Remote),,0.0
2026-08-10T10:55:16.782,1786334116.782496,-0.054999999701976776,5.3,-17.7,319.9,1481,1499,1481,1481,1499,1481,245,175,MANUAL (Remote),,0.0
2026-08-10T10:55:17.282,1786334117.282471,-0.04899999871850014,3.4,-16.0,321.4,1481,1499,1481,1481,1499,1481,245,175,MANUAL (Remote),,0.0
2026-08-10T10:55:17.782,1786334117.782508,-0.0560000017285347,-0.1,-15.1,321.3,1481,1499,1481,1481,1499,1481,245,175,MANUAL (Remote),,0.0
2026-08-10T10:55:18.282,1786334118.282472,-0.06300000101327896,1.7,-13.1,323.7,1481,1499,1481,1481,1499,1481,245,175,MANUAL (Remote),,0.0
2026-08-10T10:55:18.782,1786334118.782492,-0.08500000089406967,4.7,-12.1,325.4,1481,1499,1481,1481,1499,1481,245,175,MANUAL (Remote),,0.0
2026-08-10T10:55:19.282,1786334119.282481,-0.09700000286102295,1.4,-18.9,326.2,1481,1499,1481,1481,1499,1481,245,175,MANUAL (Remote),,0.0
2026-08-10T10:55:19.782,1786334119.782431,-0.12800000607967377,3.8,-17.6,324.6,1481,1499,1481,1481,1499,1481,245,175,MANUAL (Remote),,0.0
2026-08-10T10:55:20.282,1786334120.282454,-0.15299999713897705,5.9,-20.3,321.4,1481,1499,1481,1481,1499,1481,245,175,MANUAL (Remote),,0.0
2026-08-10T10:55:20.782,1786334120.782451,-0.15199999511241913,4.6,-19.6,319.8,1481,1499,1481,1481,1499,1481,245,175,MANUAL (Remote),,0.0
2026-08-10T10:55:21.282,1786334121.2824,-0.15000000596046448,4.3,-19.9,316.6,1481,1499,1481,1481,1499,1481,245,175,MANUAL (Remote),,0.0
2026-08-10T10:55:21.782,1786334121.782427,-0.15199999511241913,2.1,-24.3,309.1,1481,1499,1481,1481,1499,1481,245,175,MANUAL (Remote),,0.0
2026-08-10T10:55:22.282,1786334122.282492,-0.15000000596046448,-2.5,-29.4,286.9,1481,1499,1481,1481,1499,1481,245,175,MANUAL (Remote),,0.0
2026-08-10T10:55:22.782,1786334122.782542,-0.1469999998807907,6.1,-26.7,276.7,1481,1499,1481,1481,1499,1481,245,175,MANUAL (Remote),,0.0
2026-08-10T10:55:23.282,1786334123.282492,-0.14900000393390656,1.8,-18.3,282.5,1481,1499,1481,1481,1499,1481,245,175,MANUAL (Remote),,0.0
2026-08-10T10:55:23.782,1786334123.782459,-0.15399999916553497,4.8,-18.4,297.0,1481,1499,1481,1481,1499,1481,245,175,MANUAL (Remote),,0.0
2026-08-10T10:55:24.282,1786334124.282452,-0.1509999930858612,4.3,-20.1,292.6,1481,1499,1481,1481,1499,1481,245,175,MANUAL (Remote),,0.0
2026-08-10T10:55:24.782,1786334124.782492,-0.14499999582767487,5.7,-23.1,293.2,1481,1499,1481,1481,1499,1481,245,175,MANUAL (Remote),,0.0
2026-08-10T10:55:25.282,1786334125.282452,-0.15299999713897705,3.8,-23.8,295.2,1481,1499,1481,1481,1499,1481,245,175,MANUAL (Remote),,0.0
2026-08-10T10:55:25.782,1786334125.782489,-0.1509999930858612,4.6,-27.0,296.5,1481,1499,1481,1481,1499,1481,245,175,MANUAL (Remote),,0.0
2026-08-10T10:55:26.282,1786334126.282468,-0.1459999978542328,4.2,-25.8,297.0,1481,1499,1481,1481,1499,1481,245,175,MANUAL (Remote),,0.0
2026-08-10T10:55:26.782,1786334126.782506,-0.1459999978542328,6.0,-25.7,295.1,1481,1499,1481,1481,1499,1481,245,175,MANUAL (Remote),,0.0
2026-08-10T10:55:27.282,1786334127.282463,-0.15299999713897705,4.2,-16.2,295.2,1481,1499,1481,1481,1499,1481,245,175,MANUAL (Remote),,0.0
2026-08-10T10:55:27.782,1786334127.782504,-0.16099999845027924,3.6,-16.2,295.2,1481,1499,1481,1481,1499,1481,245,175,MANUAL (Remote),,0.0
2026-08-10T10:55:28.282,1786334128.282448,-0.14800000190734863,4.4,-16.0,295.3,1481,1499,1481,1481,1499,1481,245,175,MANUAL (Remote),,0.0
2026-08-10T10:55:28.782,1786334128.782454,-0.1469999998807907,4.2,-16.0,296.8,1481,1499,1481,1481,1499,1481,245,175,MANUAL (Remote),,0.0
2026-08-10T10:55:29.282,1786334129.282392,-0.1550000011920929,4.3,-15.9,297.6,1481,1499,1481,1481,1499,1481,245,175,MANUAL (Remote),,0.0
2026-08-10T10:55:29.782,1786334129.782472,-0.15399999916553497,4.5,-15.7,297.8,1481,1499,1481,1481,1499,1481,245,175,MANUAL (Remote),,0.0
2026-08-10T10:55:30.282,1786334130.282465,-0.15199999511241913,4.6,-15.4,298.1,1481,1499,1481,1481,1499,1481,245,175,MANUAL (Remote),,0.0
2026-08-10T10:55:30.782,1786334130.782506,-0.1509999930858612,4.6,-15.5,298.1,1481,1499,1481,1481,1499,1481,245,175,MANUAL (Remote),,0.0
2026-08-10T10:55:31.282,1786334131.282552,-0.1550000011920929,4.7,-15.5,298.5,1481,1499,1481,1481,1499,1481,245,175,MANUAL (Remote),,0.0
2026-08-10T10:55:31.782,1786334131.782461,-0.15299999713897705,4.9,-15.6,298.6,1481,1499,1481,1481,1499,1481,245,175,MANUAL (Remote),,0.0
2026-08-10T10:55:32.282,1786334132.282478,-0.15000000596046448,5.0,-15.4,298.6,1481,1499,1481,1481,1499,1481,245,175,MANUAL (Remote),,0.0
2026-08-10T10:55:32.782,1786334132.782492,-0.15600000321865082,4.8,-15.4,298.7,1481,1499,1481,1481,1499,1481,245,175,MANUAL (Remote),,0.0
2026-08-10T10:55:33.282,1786334133.282503,-0.14800000190734863,4.8,-15.3,298.8,1481,1499,1481,1481,1499,1481,245,175,MANUAL (Remote),,0.0
2026-08-10T10:55:33.782,1786334133.782438,-0.15199999511241913,4.6,-15.3,299.0,1481,1499,1481,1481,1499,1481,245,175,MANUAL (Remote),,0.0
2026-08-10T10:55:34.282,1786334134.282401,-0.1469999998807907,4.8,-15.3,299.1,1481,1499,1481,1481,1499,1481,245,175,MANUAL (Remote),,0.0
2026-08-10T10:55:34.782,1786334134.782483,-0.1469999998807907,5.1,-15.5,299.0,1481,1499,1481,1481,1499,1481,245,175,MANUAL (Remote),,0.0
2026-08-10T10:55:35.282,1786334135.282509,-0.1459999978542328,4.8,-15.5,298.9,1481,1499,1481,1481,1499,1481,245,175,MANUAL (Remote),,0.0
2026-08-10T10:55:35.782,1786334135.782415,-0.15299999713897705,4.9,-15.4,299.0,1481,1499,1481,1481,1499,1481,245,175,MANUAL (Remote),,0.0
2026-08-10T10:55:36.282,1786334136.282453,-0.15199999511241913,5.0,-15.4,299.0,1481,1499,1481,1481,1499,1481,245,175,MANUAL (Remote),,0.0
2026-08-10T10:55:36.782,1786334136.782478,-0.15199999511241913,5.1,-15.4,299.0,1481,1499,1481,1481,1499,1481,245,175,MANUAL (Remote),,0.0
2026-08-10T10:55:37.282,1786334137.282538,-0.15299999713897705,5.1,-15.4,299.0,1481,1499,1481,1481,1499,1481,245,175,MANUAL (Remote),,0.0
2026-08-10T10:55:37.782,1786334137.78242,-0.1550000011920929,5.3,-15.3,298.8,1481,1499,1481,1481,1499,1481,245,175,MANUAL (Remote),,0.0
2026-08-10T10:55:38.282,1786334138.28252,-0.15399999916553497,5.3,-15.5,298.8,1481,1499,1481,1481,1499,1481,245,175,MANUAL (Remote),,0.0
2026-08-10T10:55:38.782,1786334138.782471,-0.15299999713897705,5.1,-15.4,298.9,1481,1499,1481,1481,1499,1481,245,175,MANUAL (Remote),,0.0
2026-08-10T10:55:39.282,1786334139.282468,-0.15000000596046448,4.5,-15.1,299.1,1481,1499,1481,1481,1499,1481,245,175,MANUAL (Remote),,0.0
2026-08-10T10:55:39.782,1786334139.782426,-0.15199999511241913,4.7,-15.1,298.9,1481,1499,1481,1481,1499,1481,245,175,MANUAL (Remote),,0.0
2026-08-10T10:55:40.282,1786334140.282469,-0.1550000011920929,5.3,-15.3,298.9,1481,1499,1481,1481,1499,1481,245,175,MANUAL (Remote),,0.0
2026-08-10T10:55:40.782,1786334140.782417,-0.15000000596046448,5.0,-15.2,298.9,1481,1499,1481,1481,1499,1481,245,175,MANUAL (Remote),,0.0
2026-08-10T10:55:41.282,1786334141.282432,-0.15399999916553497,5.0,-15.2,299.0,1481,1499,1481,1481,1499,1481,245,175,MANUAL (Remote),,0.0
2026-08-10T10:55:41.782,1786334141.782473,-0.14900000393390656,4.8,-15.3,299.2,1481,1499,1481,1481,1499,1481,245,175,MANUAL (Remote),,0.0
